-- =========================================================================
-- SCRIPT DE DATOS DE PRUEBA - RIDE HAILING APP
-- =========================================================================

SET FOREIGN_KEY_CHECKS = 0;

-- COMPAÑÍAS
INSERT INTO COMPANY (company_id, name, tax_id, email, created_at) VALUES (1, 'Hermanos Bueno S.L.', 'ESe32435839', 'info@hermanosbuenos.l..com', '2024-11-29 14:44:42');
INSERT INTO COMPANY (company_id, name, tax_id, email, created_at) VALUES (2, 'Supermercados Ribes S.L.L.', 'ESJ38879483', 'info@supermercadosribess.l.l..com', '2024-09-27 23:15:08');
INSERT INTO COMPANY (company_id, name, tax_id, email, created_at) VALUES (3, 'Comercializadora del Mediterráneo S.Coop.', 'ESm67177912', 'info@comercializadoradelmediterráneos.coop..com', '2024-08-01 04:48:43');
INSERT INTO COMPANY (company_id, name, tax_id, email, created_at) VALUES (4, 'Goyo Machado Salinas S.L.U.', 'ESd0759703j', 'info@goyomachadosalinass.l.u..com', '2024-09-03 16:48:51');
INSERT INTO COMPANY (company_id, name, tax_id, email, created_at) VALUES (5, 'Hnos Luna S.A.D', 'ESq51781606', 'info@hnoslunas.a.d.com', '2025-04-03 12:24:33');

-- USUARIOS (RIDERS Y DRIVERS)
INSERT INTO USER (user_id, email, password_hash, first_name, last_name, phone, role, is_active, created_at) VALUES (1, 'chucho.palau1@ejemplo.com', 'hash_falso_12345', 'Chucho', 'Palau', '+34616583885', 'rider', TRUE, '2025-11-06 05:18:37');
INSERT INTO USER (user_id, email, password_hash, first_name, last_name, phone, role, is_active, created_at) VALUES (2, 'águeda.maldonado2@ejemplo.com', 'hash_falso_12345', 'Águeda', 'Maldonado', '+34634009080', 'rider', TRUE, '2026-04-05 05:26:47');
INSERT INTO USER (user_id, email, password_hash, first_name, last_name, phone, role, is_active, created_at) VALUES (3, 'viviana.bou3@ejemplo.com', 'hash_falso_12345', 'Viviana', 'Bou', '+34669368867', 'rider', TRUE, '2025-10-03 14:59:38');
INSERT INTO USER (user_id, email, password_hash, first_name, last_name, phone, role, is_active, created_at) VALUES (4, 'selena.gibert4@ejemplo.com', 'hash_falso_12345', 'Selena', 'Gibert', '+34679809605', 'rider', TRUE, '2025-06-09 10:40:15');
INSERT INTO USER (user_id, email, password_hash, first_name, last_name, phone, role, is_active, created_at) VALUES (5, 'gabriel.ripoll5@ejemplo.com', 'hash_falso_12345', 'Gabriel', 'Ripoll', '+34665512515', 'rider', TRUE, '2025-05-12 19:32:55');
INSERT INTO USER (user_id, email, password_hash, first_name, last_name, phone, role, is_active, created_at) VALUES (6, 'josep.ruiz6@ejemplo.com', 'hash_falso_12345', 'Josep', 'Ruiz', '+34630098516', 'rider', FALSE, '2025-05-09 23:05:11');
INSERT INTO USER (user_id, email, password_hash, first_name, last_name, phone, role, is_active, created_at) VALUES (7, 'dominga.vallés7@ejemplo.com', 'hash_falso_12345', 'Dominga', 'Vallés', '+34624609467', 'rider', TRUE, '2026-03-03 10:42:53');
INSERT INTO USER (user_id, email, password_hash, first_name, last_name, phone, role, is_active, created_at) VALUES (8, 'maría.elías8@ejemplo.com', 'hash_falso_12345', 'María', 'Elías', '+34674475018', 'rider', TRUE, '2025-08-01 15:56:41');
INSERT INTO USER (user_id, email, password_hash, first_name, last_name, phone, role, is_active, created_at) VALUES (9, 'pacífica.quirós9@ejemplo.com', 'hash_falso_12345', 'Pacífica', 'Quirós', '+34682241500', 'rider', TRUE, '2026-02-01 14:14:54');
INSERT INTO USER (user_id, email, password_hash, first_name, last_name, phone, role, is_active, created_at) VALUES (10, 'bienvenida.doménech10@ejemplo.com', 'hash_falso_12345', 'Bienvenida', 'Doménech', '+34648301622', 'rider', TRUE, '2026-03-08 07:49:21');
INSERT INTO USER (user_id, email, password_hash, first_name, last_name, phone, role, is_active, created_at) VALUES (11, 'julio.canet11@ejemplo.com', 'hash_falso_12345', 'Julio', 'Canet', '+34696522573', 'rider', TRUE, '2026-03-13 05:03:27');
INSERT INTO USER (user_id, email, password_hash, first_name, last_name, phone, role, is_active, created_at) VALUES (12, 'gregorio.cobos12@ejemplo.com', 'hash_falso_12345', 'Gregorio', 'Cobos', '+34651581891', 'rider', TRUE, '2026-04-14 13:52:16');
INSERT INTO USER (user_id, email, password_hash, first_name, last_name, phone, role, is_active, created_at) VALUES (13, 'candela.alcalde13@ejemplo.com', 'hash_falso_12345', 'Candela', 'Alcalde', '+34681039321', 'rider', FALSE, '2026-03-25 03:58:35');
INSERT INTO USER (user_id, email, password_hash, first_name, last_name, phone, role, is_active, created_at) VALUES (14, 'cristina.tenorio14@ejemplo.com', 'hash_falso_12345', 'Cristina', 'Tenorio', '+34621316301', 'rider', FALSE, '2025-07-14 19:36:49');
INSERT INTO USER (user_id, email, password_hash, first_name, last_name, phone, role, is_active, created_at) VALUES (15, 'eleuterio.calatayud15@ejemplo.com', 'hash_falso_12345', 'Eleuterio', 'Calatayud', '+34636767944', 'rider', FALSE, '2025-10-19 01:14:45');
INSERT INTO USER (user_id, email, password_hash, first_name, last_name, phone, role, is_active, created_at) VALUES (16, 'roque.heras16@ejemplo.com', 'hash_falso_12345', 'Roque', 'Heras', '+34672846261', 'rider', FALSE, '2025-10-21 09:37:40');
INSERT INTO USER (user_id, email, password_hash, first_name, last_name, phone, role, is_active, created_at) VALUES (17, 'fermín.vaquero17@ejemplo.com', 'hash_falso_12345', 'Fermín', 'Vaquero', '+34675911116', 'rider', FALSE, '2025-09-24 19:01:54');
INSERT INTO USER (user_id, email, password_hash, first_name, last_name, phone, role, is_active, created_at) VALUES (18, 'lucila.alberdi18@ejemplo.com', 'hash_falso_12345', 'Lucila', 'Alberdi', '+34675753599', 'rider', TRUE, '2026-03-12 13:58:06');
INSERT INTO USER (user_id, email, password_hash, first_name, last_name, phone, role, is_active, created_at) VALUES (19, 'soledad.cisneros19@ejemplo.com', 'hash_falso_12345', 'Soledad', 'Cisneros', '+34662291094', 'rider', TRUE, '2025-07-06 17:49:39');
INSERT INTO USER (user_id, email, password_hash, first_name, last_name, phone, role, is_active, created_at) VALUES (20, 'águeda.mate20@ejemplo.com', 'hash_falso_12345', 'Águeda', 'Mate', '+34616363063', 'rider', FALSE, '2025-09-02 16:25:01');
INSERT INTO USER (user_id, email, password_hash, first_name, last_name, phone, role, is_active, created_at) VALUES (21, 'dalila.olivera21@ejemplo.com', 'hash_falso_12345', 'Dalila', 'Olivera', '+34645683224', 'rider', TRUE, '2026-01-26 03:19:00');
INSERT INTO USER (user_id, email, password_hash, first_name, last_name, phone, role, is_active, created_at) VALUES (22, 'herminia.niño22@ejemplo.com', 'hash_falso_12345', 'Herminia', 'Niño', '+34646569485', 'rider', TRUE, '2026-01-13 16:13:11');
INSERT INTO USER (user_id, email, password_hash, first_name, last_name, phone, role, is_active, created_at) VALUES (23, 'mohamed.losa23@ejemplo.com', 'hash_falso_12345', 'Mohamed', 'Losa', '+34669294848', 'rider', FALSE, '2025-10-07 08:24:57');
INSERT INTO USER (user_id, email, password_hash, first_name, last_name, phone, role, is_active, created_at) VALUES (24, 'duilio.lloret24@ejemplo.com', 'hash_falso_12345', 'Duilio', 'Lloret', '+34665970555', 'rider', TRUE, '2025-08-04 05:43:03');
INSERT INTO USER (user_id, email, password_hash, first_name, last_name, phone, role, is_active, created_at) VALUES (25, 'emiliana.villa25@ejemplo.com', 'hash_falso_12345', 'Emiliana', 'Villa', '+34636138333', 'rider', TRUE, '2025-05-12 15:26:53');
INSERT INTO USER (user_id, email, password_hash, first_name, last_name, phone, role, is_active, created_at) VALUES (26, 'bautista.romero26@ejemplo.com', 'hash_falso_12345', 'Bautista', 'Romero', '+34654622251', 'rider', TRUE, '2025-08-31 01:30:43');
INSERT INTO USER (user_id, email, password_hash, first_name, last_name, phone, role, is_active, created_at) VALUES (27, 'lucila.verdú27@ejemplo.com', 'hash_falso_12345', 'Lucila', 'Verdú', '+34633570997', 'rider', TRUE, '2025-07-26 11:04:33');
INSERT INTO USER (user_id, email, password_hash, first_name, last_name, phone, role, is_active, created_at) VALUES (28, 'natalio.tomás28@ejemplo.com', 'hash_falso_12345', 'Natalio', 'Tomás', '+34656100987', 'rider', TRUE, '2025-09-10 00:28:20');
INSERT INTO USER (user_id, email, password_hash, first_name, last_name, phone, role, is_active, created_at) VALUES (29, 'estela.villar29@ejemplo.com', 'hash_falso_12345', 'Estela', 'Villar', '+34657972501', 'rider', FALSE, '2025-05-19 13:55:26');
INSERT INTO USER (user_id, email, password_hash, first_name, last_name, phone, role, is_active, created_at) VALUES (30, 'pelayo.santana30@ejemplo.com', 'hash_falso_12345', 'Pelayo', 'Santana', '+34606793701', 'rider', FALSE, '2026-02-10 08:59:45');
INSERT INTO USER (user_id, email, password_hash, first_name, last_name, phone, role, is_active, created_at) VALUES (31, 'abigaíl.maza31@ejemplo.com', 'hash_falso_12345', 'Abigaíl', 'Maza', '+34634231361', 'rider', TRUE, '2025-10-13 02:55:16');
INSERT INTO USER (user_id, email, password_hash, first_name, last_name, phone, role, is_active, created_at) VALUES (32, 'chus.costa32@ejemplo.com', 'hash_falso_12345', 'Chus', 'Costa', '+34628173538', 'rider', TRUE, '2025-05-24 22:18:47');
INSERT INTO USER (user_id, email, password_hash, first_name, last_name, phone, role, is_active, created_at) VALUES (33, 'corona.moraleda33@ejemplo.com', 'hash_falso_12345', 'Corona', 'Moraleda', '+34630934624', 'rider', TRUE, '2026-03-22 04:25:52');
INSERT INTO USER (user_id, email, password_hash, first_name, last_name, phone, role, is_active, created_at) VALUES (34, 'chema.huertas34@ejemplo.com', 'hash_falso_12345', 'Chema', 'Huertas', '+34687633806', 'rider', TRUE, '2025-04-27 18:20:00');
INSERT INTO USER (user_id, email, password_hash, first_name, last_name, phone, role, is_active, created_at) VALUES (35, 'pío.gallart35@ejemplo.com', 'hash_falso_12345', 'Pío', 'Gallart', '+34651765911', 'rider', FALSE, '2025-08-24 11:51:59');
INSERT INTO USER (user_id, email, password_hash, first_name, last_name, phone, role, is_active, created_at) VALUES (36, 'felisa.jaén36@ejemplo.com', 'hash_falso_12345', 'Felisa', 'Jaén', '+34607518216', 'rider', TRUE, '2025-05-22 13:40:57');
INSERT INTO USER (user_id, email, password_hash, first_name, last_name, phone, role, is_active, created_at) VALUES (37, 'jovita.mendoza37@ejemplo.com', 'hash_falso_12345', 'Jovita', 'Mendoza', '+34643823762', 'rider', FALSE, '2025-08-21 23:34:17');
INSERT INTO USER (user_id, email, password_hash, first_name, last_name, phone, role, is_active, created_at) VALUES (38, 'candelas.guzmán38@ejemplo.com', 'hash_falso_12345', 'Candelas', 'Guzmán', '+34626184805', 'rider', TRUE, '2025-09-05 00:33:43');
INSERT INTO USER (user_id, email, password_hash, first_name, last_name, phone, role, is_active, created_at) VALUES (39, 'faustino.amorós39@ejemplo.com', 'hash_falso_12345', 'Faustino', 'Amorós', '+34610436401', 'rider', TRUE, '2026-01-21 02:57:49');
INSERT INTO USER (user_id, email, password_hash, first_name, last_name, phone, role, is_active, created_at) VALUES (40, 'loreto.maza40@ejemplo.com', 'hash_falso_12345', 'Loreto', 'Maza', '+34671518907', 'rider', TRUE, '2025-09-25 00:49:18');
INSERT INTO USER (user_id, email, password_hash, first_name, last_name, phone, role, is_active, created_at) VALUES (41, 'evaristo.barba41@ejemplo.com', 'hash_falso_12345', 'Evaristo', 'Barba', '+34666542970', 'rider', TRUE, '2025-04-29 06:14:50');
INSERT INTO USER (user_id, email, password_hash, first_name, last_name, phone, role, is_active, created_at) VALUES (42, 'olga.garriga42@ejemplo.com', 'hash_falso_12345', 'Olga', 'Garriga', '+34687855566', 'rider', FALSE, '2026-03-02 14:22:45');
INSERT INTO USER (user_id, email, password_hash, first_name, last_name, phone, role, is_active, created_at) VALUES (43, 'natalio.ibáñez43@ejemplo.com', 'hash_falso_12345', 'Natalio', 'Ibáñez', '+34669382879', 'rider', TRUE, '2026-01-17 12:36:53');
INSERT INTO USER (user_id, email, password_hash, first_name, last_name, phone, role, is_active, created_at) VALUES (44, 'sarita.arregui44@ejemplo.com', 'hash_falso_12345', 'Sarita', 'Arregui', '+34624937536', 'rider', TRUE, '2025-08-17 08:16:36');
INSERT INTO USER (user_id, email, password_hash, first_name, last_name, phone, role, is_active, created_at) VALUES (45, 'paulino.mena45@ejemplo.com', 'hash_falso_12345', 'Paulino', 'Mena', '+34620205464', 'rider', TRUE, '2026-04-13 14:19:07');
INSERT INTO USER (user_id, email, password_hash, first_name, last_name, phone, role, is_active, created_at) VALUES (46, 'leocadia.costa46@ejemplo.com', 'hash_falso_12345', 'Leocadia', 'Costa', '+34665695796', 'rider', TRUE, '2025-10-17 04:33:57');
INSERT INTO USER (user_id, email, password_hash, first_name, last_name, phone, role, is_active, created_at) VALUES (47, 'cruz.comas47@ejemplo.com', 'hash_falso_12345', 'Cruz', 'Comas', '+34630875408', 'rider', TRUE, '2025-10-01 16:28:53');
INSERT INTO USER (user_id, email, password_hash, first_name, last_name, phone, role, is_active, created_at) VALUES (48, 'virgilio.narváez48@ejemplo.com', 'hash_falso_12345', 'Virgilio', 'Narváez', '+34608210925', 'rider', TRUE, '2025-10-29 03:58:53');
INSERT INTO USER (user_id, email, password_hash, first_name, last_name, phone, role, is_active, created_at) VALUES (49, 'dominga.sales49@ejemplo.com', 'hash_falso_12345', 'Dominga', 'Sales', '+34633320066', 'rider', FALSE, '2026-02-26 20:11:25');
INSERT INTO USER (user_id, email, password_hash, first_name, last_name, phone, role, is_active, created_at) VALUES (50, 'lino.peiró50@ejemplo.com', 'hash_falso_12345', 'Lino', 'Peiró', '+34612004791', 'rider', FALSE, '2026-02-17 07:47:32');
INSERT INTO USER (user_id, email, password_hash, first_name, last_name, phone, role, is_active, created_at) VALUES (51, 'daniela.vara51@ejemplo.com', 'hash_falso_12345', 'Daniela', 'Vara', '+34691711858', 'rider', TRUE, '2025-08-25 09:09:29');
INSERT INTO USER (user_id, email, password_hash, first_name, last_name, phone, role, is_active, created_at) VALUES (52, 'bernardita.lluch52@ejemplo.com', 'hash_falso_12345', 'Bernardita', 'Lluch', '+34635674880', 'rider', TRUE, '2026-02-23 04:40:06');
INSERT INTO USER (user_id, email, password_hash, first_name, last_name, phone, role, is_active, created_at) VALUES (53, 'manuel.bastida53@ejemplo.com', 'hash_falso_12345', 'Manuel', 'Bastida', '+34607218354', 'rider', TRUE, '2026-02-23 14:14:58');
INSERT INTO USER (user_id, email, password_hash, first_name, last_name, phone, role, is_active, created_at) VALUES (54, 'luciana.espada54@ejemplo.com', 'hash_falso_12345', 'Luciana', 'Espada', '+34653679318', 'rider', TRUE, '2025-11-22 06:43:58');
INSERT INTO USER (user_id, email, password_hash, first_name, last_name, phone, role, is_active, created_at) VALUES (55, 'ester.grau55@ejemplo.com', 'hash_falso_12345', 'Ester', 'Grau', '+34608034556', 'rider', TRUE, '2025-12-18 01:08:20');
INSERT INTO USER (user_id, email, password_hash, first_name, last_name, phone, role, is_active, created_at) VALUES (56, 'rosenda.machado56@ejemplo.com', 'hash_falso_12345', 'Rosenda', 'Machado', '+34669995336', 'rider', TRUE, '2026-04-23 03:26:32');
INSERT INTO USER (user_id, email, password_hash, first_name, last_name, phone, role, is_active, created_at) VALUES (57, 'cleto.fonseca57@ejemplo.com', 'hash_falso_12345', 'Cleto', 'Fonseca', '+34678896002', 'rider', TRUE, '2025-05-29 04:53:10');
INSERT INTO USER (user_id, email, password_hash, first_name, last_name, phone, role, is_active, created_at) VALUES (58, 'rosalva.luz58@ejemplo.com', 'hash_falso_12345', 'Rosalva', 'Luz', '+34626263871', 'rider', TRUE, '2026-02-11 18:25:52');
INSERT INTO USER (user_id, email, password_hash, first_name, last_name, phone, role, is_active, created_at) VALUES (59, 'fortunata.lorenzo59@ejemplo.com', 'hash_falso_12345', 'Fortunata', 'Lorenzo', '+34628943959', 'rider', TRUE, '2025-08-08 20:51:18');
INSERT INTO USER (user_id, email, password_hash, first_name, last_name, phone, role, is_active, created_at) VALUES (60, 'felipa.solana60@ejemplo.com', 'hash_falso_12345', 'Felipa', 'Solana', '+34656374558', 'rider', TRUE, '2025-06-15 01:22:57');
INSERT INTO USER (user_id, email, password_hash, first_name, last_name, phone, role, is_active, created_at) VALUES (61, 'narcisa.molins61@ejemplo.com', 'hash_falso_12345', 'Narcisa', 'Molins', '+34690477822', 'rider', TRUE, '2025-12-03 16:07:43');
INSERT INTO USER (user_id, email, password_hash, first_name, last_name, phone, role, is_active, created_at) VALUES (62, 'victor manuel.diez62@ejemplo.com', 'hash_falso_12345', 'Victor Manuel', 'Diez', '+34621049174', 'rider', FALSE, '2025-07-06 13:43:21');
INSERT INTO USER (user_id, email, password_hash, first_name, last_name, phone, role, is_active, created_at) VALUES (63, 'ester.alcántara63@ejemplo.com', 'hash_falso_12345', 'Ester', 'Alcántara', '+34663664207', 'rider', TRUE, '2025-09-18 15:45:10');
INSERT INTO USER (user_id, email, password_hash, first_name, last_name, phone, role, is_active, created_at) VALUES (64, 'gregorio.terrón64@ejemplo.com', 'hash_falso_12345', 'Gregorio', 'Terrón', '+34678905603', 'rider', TRUE, '2025-08-01 03:53:46');
INSERT INTO USER (user_id, email, password_hash, first_name, last_name, phone, role, is_active, created_at) VALUES (65, 'isaías.durán65@ejemplo.com', 'hash_falso_12345', 'Isaías', 'Durán', '+34627920732', 'rider', FALSE, '2026-03-18 08:01:00');
INSERT INTO USER (user_id, email, password_hash, first_name, last_name, phone, role, is_active, created_at) VALUES (66, 'luisina.cuesta66@ejemplo.com', 'hash_falso_12345', 'Luisina', 'Cuesta', '+34601563601', 'rider', TRUE, '2026-03-12 21:34:50');
INSERT INTO USER (user_id, email, password_hash, first_name, last_name, phone, role, is_active, created_at) VALUES (67, 'gastón.antón67@ejemplo.com', 'hash_falso_12345', 'Gastón', 'Antón', '+34654347854', 'rider', TRUE, '2026-04-10 04:37:02');
INSERT INTO USER (user_id, email, password_hash, first_name, last_name, phone, role, is_active, created_at) VALUES (68, 'modesta.garzón68@ejemplo.com', 'hash_falso_12345', 'Modesta', 'Garzón', '+34612023533', 'rider', TRUE, '2026-04-02 17:03:22');
INSERT INTO USER (user_id, email, password_hash, first_name, last_name, phone, role, is_active, created_at) VALUES (69, 'débora.perea69@ejemplo.com', 'hash_falso_12345', 'Débora', 'Perea', '+34698085324', 'rider', TRUE, '2025-10-02 18:01:19');
INSERT INTO USER (user_id, email, password_hash, first_name, last_name, phone, role, is_active, created_at) VALUES (70, 'agapito.palmer70@ejemplo.com', 'hash_falso_12345', 'Agapito', 'Palmer', '+34624198776', 'rider', TRUE, '2025-12-06 08:24:40');
INSERT INTO USER (user_id, email, password_hash, first_name, last_name, phone, role, is_active, created_at) VALUES (71, 'fulgencio.cantero71@ejemplo.com', 'hash_falso_12345', 'Fulgencio', 'Cantero', '+34606649613', 'rider', FALSE, '2026-03-01 19:29:31');
INSERT INTO USER (user_id, email, password_hash, first_name, last_name, phone, role, is_active, created_at) VALUES (72, 'virgilio.feliu72@ejemplo.com', 'hash_falso_12345', 'Virgilio', 'Feliu', '+34619669646', 'rider', TRUE, '2025-06-22 03:55:25');
INSERT INTO USER (user_id, email, password_hash, first_name, last_name, phone, role, is_active, created_at) VALUES (73, 'rómulo.maza73@ejemplo.com', 'hash_falso_12345', 'Rómulo', 'Maza', '+34665640351', 'rider', TRUE, '2025-09-18 04:47:16');
INSERT INTO USER (user_id, email, password_hash, first_name, last_name, phone, role, is_active, created_at) VALUES (74, 'elba.palacios74@ejemplo.com', 'hash_falso_12345', 'Elba', 'Palacios', '+34608601733', 'rider', TRUE, '2025-05-12 18:29:26');
INSERT INTO USER (user_id, email, password_hash, first_name, last_name, phone, role, is_active, created_at) VALUES (75, 'clotilde.valderrama75@ejemplo.com', 'hash_falso_12345', 'Clotilde', 'Valderrama', '+34600846861', 'rider', FALSE, '2025-06-17 18:54:42');
INSERT INTO USER (user_id, email, password_hash, first_name, last_name, phone, role, is_active, created_at) VALUES (76, 'victoria.bárcena76@ejemplo.com', 'hash_falso_12345', 'Victoria', 'Bárcena', '+34683448646', 'rider', TRUE, '2025-07-03 08:09:21');
INSERT INTO USER (user_id, email, password_hash, first_name, last_name, phone, role, is_active, created_at) VALUES (77, 'maría pilar.burgos77@ejemplo.com', 'hash_falso_12345', 'María Pilar', 'Burgos', '+34640238984', 'rider', TRUE, '2026-02-05 13:26:22');
INSERT INTO USER (user_id, email, password_hash, first_name, last_name, phone, role, is_active, created_at) VALUES (78, 'felicia.cabrero78@ejemplo.com', 'hash_falso_12345', 'Felicia', 'Cabrero', '+34694270756', 'rider', TRUE, '2025-06-02 01:45:51');
INSERT INTO USER (user_id, email, password_hash, first_name, last_name, phone, role, is_active, created_at) VALUES (79, 'manolo.tello79@ejemplo.com', 'hash_falso_12345', 'Manolo', 'Tello', '+34615348636', 'rider', TRUE, '2026-02-17 16:00:06');
INSERT INTO USER (user_id, email, password_hash, first_name, last_name, phone, role, is_active, created_at) VALUES (80, 'eusebia.jerez80@ejemplo.com', 'hash_falso_12345', 'Eusebia', 'Jerez', '+34673936218', 'rider', FALSE, '2026-02-26 04:44:45');
INSERT INTO USER (user_id, email, password_hash, first_name, last_name, phone, role, is_active, created_at) VALUES (81, 'evita.estévez81@ejemplo.com', 'hash_falso_12345', 'Evita', 'Estévez', '+34618475177', 'rider', TRUE, '2026-02-11 23:21:53');
INSERT INTO USER (user_id, email, password_hash, first_name, last_name, phone, role, is_active, created_at) VALUES (82, 'benigna.esteve82@ejemplo.com', 'hash_falso_12345', 'Benigna', 'Esteve', '+34683617686', 'rider', TRUE, '2025-07-14 03:40:33');
INSERT INTO USER (user_id, email, password_hash, first_name, last_name, phone, role, is_active, created_at) VALUES (83, 'lisandro.gálvez83@ejemplo.com', 'hash_falso_12345', 'Lisandro', 'Gálvez', '+34644450727', 'rider', FALSE, '2025-07-27 14:19:36');
INSERT INTO USER (user_id, email, password_hash, first_name, last_name, phone, role, is_active, created_at) VALUES (84, 'hilario.olmo84@ejemplo.com', 'hash_falso_12345', 'Hilario', 'Olmo', '+34699158603', 'rider', TRUE, '2025-11-07 02:45:54');
INSERT INTO USER (user_id, email, password_hash, first_name, last_name, phone, role, is_active, created_at) VALUES (85, 'heraclio.cózar85@ejemplo.com', 'hash_falso_12345', 'Heraclio', 'Cózar', '+34690153599', 'rider', TRUE, '2025-06-18 19:34:46');
INSERT INTO USER (user_id, email, password_hash, first_name, last_name, phone, role, is_active, created_at) VALUES (86, 'irene.abad86@ejemplo.com', 'hash_falso_12345', 'Irene', 'Abad', '+34677375609', 'rider', FALSE, '2025-10-01 12:01:04');
INSERT INTO USER (user_id, email, password_hash, first_name, last_name, phone, role, is_active, created_at) VALUES (87, 'ruben.fortuny87@ejemplo.com', 'hash_falso_12345', 'Ruben', 'Fortuny', '+34698329290', 'rider', FALSE, '2026-03-29 15:19:48');
INSERT INTO USER (user_id, email, password_hash, first_name, last_name, phone, role, is_active, created_at) VALUES (88, 'eli.martínez88@ejemplo.com', 'hash_falso_12345', 'Eli', 'Martínez', '+34641976077', 'rider', TRUE, '2025-12-27 23:42:07');
INSERT INTO USER (user_id, email, password_hash, first_name, last_name, phone, role, is_active, created_at) VALUES (89, 'román.bermudez89@ejemplo.com', 'hash_falso_12345', 'Román', 'Bermudez', '+34642998985', 'rider', TRUE, '2025-08-15 08:24:36');
INSERT INTO USER (user_id, email, password_hash, first_name, last_name, phone, role, is_active, created_at) VALUES (90, 'roxana.cases90@ejemplo.com', 'hash_falso_12345', 'Roxana', 'Cases', '+34643639786', 'rider', FALSE, '2026-02-08 16:51:58');
INSERT INTO USER (user_id, email, password_hash, first_name, last_name, phone, role, is_active, created_at) VALUES (91, 'elodia.salom91@ejemplo.com', 'hash_falso_12345', 'Elodia', 'Salom', '+34666948970', 'rider', FALSE, '2025-08-15 01:34:51');
INSERT INTO USER (user_id, email, password_hash, first_name, last_name, phone, role, is_active, created_at) VALUES (92, 'bernardo.coll92@ejemplo.com', 'hash_falso_12345', 'Bernardo', 'Coll', '+34673055155', 'rider', FALSE, '2025-07-01 19:57:15');
INSERT INTO USER (user_id, email, password_hash, first_name, last_name, phone, role, is_active, created_at) VALUES (93, 'fausto.blázquez93@ejemplo.com', 'hash_falso_12345', 'Fausto', 'Blázquez', '+34686769129', 'rider', TRUE, '2025-08-27 20:47:58');
INSERT INTO USER (user_id, email, password_hash, first_name, last_name, phone, role, is_active, created_at) VALUES (94, 'francisco jose.chaparro94@ejemplo.com', 'hash_falso_12345', 'Francisco Jose', 'Chaparro', '+34695945934', 'rider', FALSE, '2026-01-31 04:56:33');
INSERT INTO USER (user_id, email, password_hash, first_name, last_name, phone, role, is_active, created_at) VALUES (95, 'cristina.navarro95@ejemplo.com', 'hash_falso_12345', 'Cristina', 'Navarro', '+34692819193', 'rider', TRUE, '2025-11-08 02:48:27');
INSERT INTO USER (user_id, email, password_hash, first_name, last_name, phone, role, is_active, created_at) VALUES (96, 'paula.trillo96@ejemplo.com', 'hash_falso_12345', 'Paula', 'Trillo', '+34640775484', 'rider', TRUE, '2025-09-04 14:57:06');
INSERT INTO USER (user_id, email, password_hash, first_name, last_name, phone, role, is_active, created_at) VALUES (97, 'gema.arribas97@ejemplo.com', 'hash_falso_12345', 'Gema', 'Arribas', '+34650654562', 'rider', TRUE, '2026-03-30 18:21:45');
INSERT INTO USER (user_id, email, password_hash, first_name, last_name, phone, role, is_active, created_at) VALUES (98, 'victor.sevilla98@ejemplo.com', 'hash_falso_12345', 'Victor', 'Sevilla', '+34668470753', 'rider', TRUE, '2025-10-13 09:22:25');
INSERT INTO USER (user_id, email, password_hash, first_name, last_name, phone, role, is_active, created_at) VALUES (99, 'jose ramón.calvo99@ejemplo.com', 'hash_falso_12345', 'Jose Ramón', 'Calvo', '+34667700093', 'rider', TRUE, '2025-08-10 19:51:10');
INSERT INTO USER (user_id, email, password_hash, first_name, last_name, phone, role, is_active, created_at) VALUES (100, 'hipólito.ocaña100@ejemplo.com', 'hash_falso_12345', 'Hipólito', 'Ocaña', '+34696488497', 'rider', FALSE, '2025-05-28 20:44:07');
INSERT INTO USER (user_id, email, password_hash, first_name, last_name, phone, role, is_active, created_at) VALUES (101, 'rocío.arregui101@ejemplo.com', 'hash_falso_12345', 'Rocío', 'Arregui', '+34671263032', 'driver', FALSE, '2025-05-09 18:54:59');
INSERT INTO USER (user_id, email, password_hash, first_name, last_name, phone, role, is_active, created_at) VALUES (102, 'arcelia.valbuena102@ejemplo.com', 'hash_falso_12345', 'Arcelia', 'Valbuena', '+34647786450', 'driver', TRUE, '2026-02-07 03:25:08');
INSERT INTO USER (user_id, email, password_hash, first_name, last_name, phone, role, is_active, created_at) VALUES (103, 'evangelina.caro103@ejemplo.com', 'hash_falso_12345', 'Evangelina', 'Caro', '+34661456480', 'driver', FALSE, '2025-06-24 06:47:52');
INSERT INTO USER (user_id, email, password_hash, first_name, last_name, phone, role, is_active, created_at) VALUES (104, 'ignacia.uriarte104@ejemplo.com', 'hash_falso_12345', 'Ignacia', 'Uriarte', '+34690131992', 'driver', TRUE, '2025-12-08 08:43:33');
INSERT INTO USER (user_id, email, password_hash, first_name, last_name, phone, role, is_active, created_at) VALUES (105, 'antonia.valencia105@ejemplo.com', 'hash_falso_12345', 'Antonia', 'Valencia', '+34629275705', 'driver', TRUE, '2025-07-09 22:38:23');
INSERT INTO USER (user_id, email, password_hash, first_name, last_name, phone, role, is_active, created_at) VALUES (106, 'gabriela.reyes106@ejemplo.com', 'hash_falso_12345', 'Gabriela', 'Reyes', '+34672976022', 'driver', TRUE, '2026-01-21 00:27:04');
INSERT INTO USER (user_id, email, password_hash, first_name, last_name, phone, role, is_active, created_at) VALUES (107, 'leandra.vallés107@ejemplo.com', 'hash_falso_12345', 'Leandra', 'Vallés', '+34696258521', 'driver', TRUE, '2025-05-10 06:49:34');
INSERT INTO USER (user_id, email, password_hash, first_name, last_name, phone, role, is_active, created_at) VALUES (108, 'teodosio.valera108@ejemplo.com', 'hash_falso_12345', 'Teodosio', 'Valera', '+34679090455', 'driver', FALSE, '2025-10-07 19:11:56');
INSERT INTO USER (user_id, email, password_hash, first_name, last_name, phone, role, is_active, created_at) VALUES (109, 'ernesto.matas109@ejemplo.com', 'hash_falso_12345', 'Ernesto', 'Matas', '+34675980233', 'driver', TRUE, '2026-03-19 00:02:10');
INSERT INTO USER (user_id, email, password_hash, first_name, last_name, phone, role, is_active, created_at) VALUES (110, 'ximena.casas110@ejemplo.com', 'hash_falso_12345', 'Ximena', 'Casas', '+34652362044', 'driver', TRUE, '2025-05-23 14:53:17');
INSERT INTO USER (user_id, email, password_hash, first_name, last_name, phone, role, is_active, created_at) VALUES (111, 'adelardo.carrera111@ejemplo.com', 'hash_falso_12345', 'Adelardo', 'Carrera', '+34635237600', 'driver', TRUE, '2025-05-03 14:32:53');
INSERT INTO USER (user_id, email, password_hash, first_name, last_name, phone, role, is_active, created_at) VALUES (112, 'lina.zapata112@ejemplo.com', 'hash_falso_12345', 'Lina', 'Zapata', '+34637524926', 'driver', TRUE, '2026-01-28 02:44:13');
INSERT INTO USER (user_id, email, password_hash, first_name, last_name, phone, role, is_active, created_at) VALUES (113, 'evelia.talavera113@ejemplo.com', 'hash_falso_12345', 'Evelia', 'Talavera', '+34603492690', 'driver', TRUE, '2025-07-02 05:41:37');
INSERT INTO USER (user_id, email, password_hash, first_name, last_name, phone, role, is_active, created_at) VALUES (114, 'casemiro.belda114@ejemplo.com', 'hash_falso_12345', 'Casemiro', 'Belda', '+34605691424', 'driver', TRUE, '2025-07-06 20:04:55');
INSERT INTO USER (user_id, email, password_hash, first_name, last_name, phone, role, is_active, created_at) VALUES (115, 'pastora.vallés115@ejemplo.com', 'hash_falso_12345', 'Pastora', 'Vallés', '+34640909126', 'driver', TRUE, '2026-02-25 03:29:46');
INSERT INTO USER (user_id, email, password_hash, first_name, last_name, phone, role, is_active, created_at) VALUES (116, 'gabriela.pazos116@ejemplo.com', 'hash_falso_12345', 'Gabriela', 'Pazos', '+34600529925', 'driver', TRUE, '2026-01-31 13:21:32');
INSERT INTO USER (user_id, email, password_hash, first_name, last_name, phone, role, is_active, created_at) VALUES (117, 'constanza.calleja117@ejemplo.com', 'hash_falso_12345', 'Constanza', 'Calleja', '+34643371877', 'driver', TRUE, '2025-07-30 08:40:06');
INSERT INTO USER (user_id, email, password_hash, first_name, last_name, phone, role, is_active, created_at) VALUES (118, 'gastón.boix118@ejemplo.com', 'hash_falso_12345', 'Gastón', 'Boix', '+34654459130', 'driver', FALSE, '2026-01-22 17:13:10');
INSERT INTO USER (user_id, email, password_hash, first_name, last_name, phone, role, is_active, created_at) VALUES (119, 'desiderio.anglada119@ejemplo.com', 'hash_falso_12345', 'Desiderio', 'Anglada', '+34627338988', 'driver', FALSE, '2025-05-07 21:04:20');
INSERT INTO USER (user_id, email, password_hash, first_name, last_name, phone, role, is_active, created_at) VALUES (120, 'adalberto.lladó120@ejemplo.com', 'hash_falso_12345', 'Adalberto', 'Lladó', '+34630432378', 'driver', FALSE, '2026-02-16 07:01:39');
INSERT INTO USER (user_id, email, password_hash, first_name, last_name, phone, role, is_active, created_at) VALUES (121, 'eloísa.carretero121@ejemplo.com', 'hash_falso_12345', 'Eloísa', 'Carretero', '+34625266738', 'driver', TRUE, '2026-01-26 06:57:10');
INSERT INTO USER (user_id, email, password_hash, first_name, last_name, phone, role, is_active, created_at) VALUES (122, 'rosa.folch122@ejemplo.com', 'hash_falso_12345', 'Rosa', 'Folch', '+34651594959', 'driver', TRUE, '2025-07-18 15:43:10');
INSERT INTO USER (user_id, email, password_hash, first_name, last_name, phone, role, is_active, created_at) VALUES (123, 'ana.roldán123@ejemplo.com', 'hash_falso_12345', 'Ana', 'Roldán', '+34658618299', 'driver', TRUE, '2025-06-22 01:49:20');
INSERT INTO USER (user_id, email, password_hash, first_name, last_name, phone, role, is_active, created_at) VALUES (124, 'luis ángel.escrivá124@ejemplo.com', 'hash_falso_12345', 'Luis Ángel', 'Escrivá', '+34699913216', 'driver', FALSE, '2026-03-20 21:35:27');
INSERT INTO USER (user_id, email, password_hash, first_name, last_name, phone, role, is_active, created_at) VALUES (125, 'noa.méndez125@ejemplo.com', 'hash_falso_12345', 'Noa', 'Méndez', '+34694078526', 'driver', TRUE, '2026-01-15 19:52:45');
INSERT INTO USER (user_id, email, password_hash, first_name, last_name, phone, role, is_active, created_at) VALUES (126, 'mamen.ochoa126@ejemplo.com', 'hash_falso_12345', 'Mamen', 'Ochoa', '+34680019843', 'driver', TRUE, '2025-11-11 09:17:48');
INSERT INTO USER (user_id, email, password_hash, first_name, last_name, phone, role, is_active, created_at) VALUES (127, 'jordana.ramos127@ejemplo.com', 'hash_falso_12345', 'Jordana', 'Ramos', '+34662460616', 'driver', TRUE, '2025-10-09 01:39:54');
INSERT INTO USER (user_id, email, password_hash, first_name, last_name, phone, role, is_active, created_at) VALUES (128, 'atilio.bayón128@ejemplo.com', 'hash_falso_12345', 'Atilio', 'Bayón', '+34656663950', 'driver', FALSE, '2025-08-17 12:28:02');
INSERT INTO USER (user_id, email, password_hash, first_name, last_name, phone, role, is_active, created_at) VALUES (129, 'calisto.amorós129@ejemplo.com', 'hash_falso_12345', 'Calisto', 'Amorós', '+34667679071', 'driver', TRUE, '2025-06-23 22:51:20');
INSERT INTO USER (user_id, email, password_hash, first_name, last_name, phone, role, is_active, created_at) VALUES (130, 'dafne.iborra130@ejemplo.com', 'hash_falso_12345', 'Dafne', 'Iborra', '+34624266701', 'driver', TRUE, '2025-12-23 21:33:47');
INSERT INTO USER (user_id, email, password_hash, first_name, last_name, phone, role, is_active, created_at) VALUES (131, 'amparo.quero131@ejemplo.com', 'hash_falso_12345', 'Amparo', 'Quero', '+34614969885', 'driver', TRUE, '2026-04-01 08:07:38');
INSERT INTO USER (user_id, email, password_hash, first_name, last_name, phone, role, is_active, created_at) VALUES (132, 'lina.ramón132@ejemplo.com', 'hash_falso_12345', 'Lina', 'Ramón', '+34677396173', 'driver', TRUE, '2025-08-28 11:56:38');
INSERT INTO USER (user_id, email, password_hash, first_name, last_name, phone, role, is_active, created_at) VALUES (133, 'maría.reina133@ejemplo.com', 'hash_falso_12345', 'María', 'Reina', '+34613060204', 'driver', TRUE, '2025-10-17 00:20:52');
INSERT INTO USER (user_id, email, password_hash, first_name, last_name, phone, role, is_active, created_at) VALUES (134, 'maricela.cañizares134@ejemplo.com', 'hash_falso_12345', 'Maricela', 'Cañizares', '+34617159954', 'driver', FALSE, '2025-11-08 04:02:53');
INSERT INTO USER (user_id, email, password_hash, first_name, last_name, phone, role, is_active, created_at) VALUES (135, 'adora.cervera135@ejemplo.com', 'hash_falso_12345', 'Adora', 'Cervera', '+34645745210', 'driver', TRUE, '2026-03-01 18:29:14');
INSERT INTO USER (user_id, email, password_hash, first_name, last_name, phone, role, is_active, created_at) VALUES (136, 'adelina.sanmiguel136@ejemplo.com', 'hash_falso_12345', 'Adelina', 'Sanmiguel', '+34669996460', 'driver', TRUE, '2025-07-28 10:17:48');
INSERT INTO USER (user_id, email, password_hash, first_name, last_name, phone, role, is_active, created_at) VALUES (137, 'anunciación.alfonso137@ejemplo.com', 'hash_falso_12345', 'Anunciación', 'Alfonso', '+34689638405', 'driver', TRUE, '2025-09-26 11:40:18');
INSERT INTO USER (user_id, email, password_hash, first_name, last_name, phone, role, is_active, created_at) VALUES (138, 'nerea.leon138@ejemplo.com', 'hash_falso_12345', 'Nerea', 'Leon', '+34633843044', 'driver', TRUE, '2025-05-14 18:53:04');
INSERT INTO USER (user_id, email, password_hash, first_name, last_name, phone, role, is_active, created_at) VALUES (139, 'valeria.moya139@ejemplo.com', 'hash_falso_12345', 'Valeria', 'Moya', '+34632395277', 'driver', TRUE, '2025-09-22 02:05:17');
INSERT INTO USER (user_id, email, password_hash, first_name, last_name, phone, role, is_active, created_at) VALUES (140, 'micaela.vall140@ejemplo.com', 'hash_falso_12345', 'Micaela', 'Vall', '+34678800137', 'driver', TRUE, '2025-10-08 02:46:36');
INSERT INTO USER (user_id, email, password_hash, first_name, last_name, phone, role, is_active, created_at) VALUES (141, 'agustín.calatayud141@ejemplo.com', 'hash_falso_12345', 'Agustín', 'Calatayud', '+34656694856', 'driver', TRUE, '2025-12-08 00:01:01');
INSERT INTO USER (user_id, email, password_hash, first_name, last_name, phone, role, is_active, created_at) VALUES (142, 'renato.diéguez142@ejemplo.com', 'hash_falso_12345', 'Renato', 'Diéguez', '+34628166639', 'driver', TRUE, '2025-11-15 01:00:21');
INSERT INTO USER (user_id, email, password_hash, first_name, last_name, phone, role, is_active, created_at) VALUES (143, 'marcial.hernández143@ejemplo.com', 'hash_falso_12345', 'Marcial', 'Hernández', '+34634244740', 'driver', FALSE, '2026-01-08 16:24:47');
INSERT INTO USER (user_id, email, password_hash, first_name, last_name, phone, role, is_active, created_at) VALUES (144, 'almudena.lasa144@ejemplo.com', 'hash_falso_12345', 'Almudena', 'Lasa', '+34696214871', 'driver', TRUE, '2025-08-19 16:28:51');
INSERT INTO USER (user_id, email, password_hash, first_name, last_name, phone, role, is_active, created_at) VALUES (145, 'charo.ros145@ejemplo.com', 'hash_falso_12345', 'Charo', 'Ros', '+34647498591', 'driver', TRUE, '2025-04-26 17:18:18');
INSERT INTO USER (user_id, email, password_hash, first_name, last_name, phone, role, is_active, created_at) VALUES (146, 'rosa maría.álvarez146@ejemplo.com', 'hash_falso_12345', 'Rosa María', 'Álvarez', '+34679469499', 'driver', TRUE, '2026-01-23 12:33:33');
INSERT INTO USER (user_id, email, password_hash, first_name, last_name, phone, role, is_active, created_at) VALUES (147, 'plácido.tamarit147@ejemplo.com', 'hash_falso_12345', 'Plácido', 'Tamarit', '+34662113385', 'driver', TRUE, '2025-09-10 19:29:27');
INSERT INTO USER (user_id, email, password_hash, first_name, last_name, phone, role, is_active, created_at) VALUES (148, 'alfredo.mayol148@ejemplo.com', 'hash_falso_12345', 'Alfredo', 'Mayol', '+34681984755', 'driver', TRUE, '2026-04-13 04:42:16');
INSERT INTO USER (user_id, email, password_hash, first_name, last_name, phone, role, is_active, created_at) VALUES (149, 'nicanor.mosquera149@ejemplo.com', 'hash_falso_12345', 'Nicanor', 'Mosquera', '+34630292981', 'driver', TRUE, '2025-08-16 13:19:28');
INSERT INTO USER (user_id, email, password_hash, first_name, last_name, phone, role, is_active, created_at) VALUES (150, 'armando.mendez150@ejemplo.com', 'hash_falso_12345', 'Armando', 'Mendez', '+34643309298', 'driver', TRUE, '2025-08-27 22:15:40');

-- PERFILES DE RIDER
INSERT INTO RIDER_PROFILE (rider_id, user_id, rating) VALUES (1, 1, 4.39);
INSERT INTO RIDER_PROFILE (rider_id, user_id, rating) VALUES (2, 2, 4.14);
INSERT INTO RIDER_PROFILE (rider_id, user_id, rating) VALUES (3, 3, 4.3);
INSERT INTO RIDER_PROFILE (rider_id, user_id, rating) VALUES (4, 4, 4.32);
INSERT INTO RIDER_PROFILE (rider_id, user_id, rating) VALUES (5, 5, 4.59);
INSERT INTO RIDER_PROFILE (rider_id, user_id, rating) VALUES (6, 6, 4.05);
INSERT INTO RIDER_PROFILE (rider_id, user_id, rating) VALUES (7, 7, 3.95);
INSERT INTO RIDER_PROFILE (rider_id, user_id, rating) VALUES (8, 8, 4.42);
INSERT INTO RIDER_PROFILE (rider_id, user_id, rating) VALUES (9, 9, 4.77);
INSERT INTO RIDER_PROFILE (rider_id, user_id, rating) VALUES (10, 10, 4.61);
INSERT INTO RIDER_PROFILE (rider_id, user_id, rating) VALUES (11, 11, 4.77);
INSERT INTO RIDER_PROFILE (rider_id, user_id, rating) VALUES (12, 12, 4.45);
INSERT INTO RIDER_PROFILE (rider_id, user_id, rating) VALUES (13, 13, 4.79);
INSERT INTO RIDER_PROFILE (rider_id, user_id, rating) VALUES (14, 14, 4.7);
INSERT INTO RIDER_PROFILE (rider_id, user_id, rating) VALUES (15, 15, 3.96);
INSERT INTO RIDER_PROFILE (rider_id, user_id, rating) VALUES (16, 16, 3.68);
INSERT INTO RIDER_PROFILE (rider_id, user_id, rating) VALUES (17, 17, 4.0);
INSERT INTO RIDER_PROFILE (rider_id, user_id, rating) VALUES (18, 18, 3.91);
INSERT INTO RIDER_PROFILE (rider_id, user_id, rating) VALUES (19, 19, 3.56);
INSERT INTO RIDER_PROFILE (rider_id, user_id, rating) VALUES (20, 20, 4.75);
INSERT INTO RIDER_PROFILE (rider_id, user_id, rating) VALUES (21, 21, 5.0);
INSERT INTO RIDER_PROFILE (rider_id, user_id, rating) VALUES (22, 22, 4.61);
INSERT INTO RIDER_PROFILE (rider_id, user_id, rating) VALUES (23, 23, 3.52);
INSERT INTO RIDER_PROFILE (rider_id, user_id, rating) VALUES (24, 24, 3.69);
INSERT INTO RIDER_PROFILE (rider_id, user_id, rating) VALUES (25, 25, 4.31);
INSERT INTO RIDER_PROFILE (rider_id, user_id, rating) VALUES (26, 26, 4.76);
INSERT INTO RIDER_PROFILE (rider_id, user_id, rating) VALUES (27, 27, 3.97);
INSERT INTO RIDER_PROFILE (rider_id, user_id, rating) VALUES (28, 28, 4.65);
INSERT INTO RIDER_PROFILE (rider_id, user_id, rating) VALUES (29, 29, 4.84);
INSERT INTO RIDER_PROFILE (rider_id, user_id, rating) VALUES (30, 30, 4.06);
INSERT INTO RIDER_PROFILE (rider_id, user_id, rating) VALUES (31, 31, 3.58);
INSERT INTO RIDER_PROFILE (rider_id, user_id, rating) VALUES (32, 32, 4.77);
INSERT INTO RIDER_PROFILE (rider_id, user_id, rating) VALUES (33, 33, 4.56);
INSERT INTO RIDER_PROFILE (rider_id, user_id, rating) VALUES (34, 34, 4.65);
INSERT INTO RIDER_PROFILE (rider_id, user_id, rating) VALUES (35, 35, 4.52);
INSERT INTO RIDER_PROFILE (rider_id, user_id, rating) VALUES (36, 36, 4.45);
INSERT INTO RIDER_PROFILE (rider_id, user_id, rating) VALUES (37, 37, 4.11);
INSERT INTO RIDER_PROFILE (rider_id, user_id, rating) VALUES (38, 38, 3.51);
INSERT INTO RIDER_PROFILE (rider_id, user_id, rating) VALUES (39, 39, 3.99);
INSERT INTO RIDER_PROFILE (rider_id, user_id, rating) VALUES (40, 40, 4.8);
INSERT INTO RIDER_PROFILE (rider_id, user_id, rating) VALUES (41, 41, 3.89);
INSERT INTO RIDER_PROFILE (rider_id, user_id, rating) VALUES (42, 42, 4.96);
INSERT INTO RIDER_PROFILE (rider_id, user_id, rating) VALUES (43, 43, 4.32);
INSERT INTO RIDER_PROFILE (rider_id, user_id, rating) VALUES (44, 44, 4.75);
INSERT INTO RIDER_PROFILE (rider_id, user_id, rating) VALUES (45, 45, 4.53);
INSERT INTO RIDER_PROFILE (rider_id, user_id, rating) VALUES (46, 46, 4.8);
INSERT INTO RIDER_PROFILE (rider_id, user_id, rating) VALUES (47, 47, 3.89);
INSERT INTO RIDER_PROFILE (rider_id, user_id, rating) VALUES (48, 48, 4.74);
INSERT INTO RIDER_PROFILE (rider_id, user_id, rating) VALUES (49, 49, 4.36);
INSERT INTO RIDER_PROFILE (rider_id, user_id, rating) VALUES (50, 50, 4.66);
INSERT INTO RIDER_PROFILE (rider_id, user_id, rating) VALUES (51, 51, 4.56);
INSERT INTO RIDER_PROFILE (rider_id, user_id, rating) VALUES (52, 52, 4.41);
INSERT INTO RIDER_PROFILE (rider_id, user_id, rating) VALUES (53, 53, 3.62);
INSERT INTO RIDER_PROFILE (rider_id, user_id, rating) VALUES (54, 54, 3.59);
INSERT INTO RIDER_PROFILE (rider_id, user_id, rating) VALUES (55, 55, 4.85);
INSERT INTO RIDER_PROFILE (rider_id, user_id, rating) VALUES (56, 56, 4.39);
INSERT INTO RIDER_PROFILE (rider_id, user_id, rating) VALUES (57, 57, 3.96);
INSERT INTO RIDER_PROFILE (rider_id, user_id, rating) VALUES (58, 58, 3.94);
INSERT INTO RIDER_PROFILE (rider_id, user_id, rating) VALUES (59, 59, 4.83);
INSERT INTO RIDER_PROFILE (rider_id, user_id, rating) VALUES (60, 60, 4.47);
INSERT INTO RIDER_PROFILE (rider_id, user_id, rating) VALUES (61, 61, 4.27);
INSERT INTO RIDER_PROFILE (rider_id, user_id, rating) VALUES (62, 62, 3.81);
INSERT INTO RIDER_PROFILE (rider_id, user_id, rating) VALUES (63, 63, 4.2);
INSERT INTO RIDER_PROFILE (rider_id, user_id, rating) VALUES (64, 64, 4.88);
INSERT INTO RIDER_PROFILE (rider_id, user_id, rating) VALUES (65, 65, 4.11);
INSERT INTO RIDER_PROFILE (rider_id, user_id, rating) VALUES (66, 66, 4.2);
INSERT INTO RIDER_PROFILE (rider_id, user_id, rating) VALUES (67, 67, 4.08);
INSERT INTO RIDER_PROFILE (rider_id, user_id, rating) VALUES (68, 68, 3.58);
INSERT INTO RIDER_PROFILE (rider_id, user_id, rating) VALUES (69, 69, 4.31);
INSERT INTO RIDER_PROFILE (rider_id, user_id, rating) VALUES (70, 70, 3.88);
INSERT INTO RIDER_PROFILE (rider_id, user_id, rating) VALUES (71, 71, 3.7);
INSERT INTO RIDER_PROFILE (rider_id, user_id, rating) VALUES (72, 72, 4.39);
INSERT INTO RIDER_PROFILE (rider_id, user_id, rating) VALUES (73, 73, 4.48);
INSERT INTO RIDER_PROFILE (rider_id, user_id, rating) VALUES (74, 74, 4.62);
INSERT INTO RIDER_PROFILE (rider_id, user_id, rating) VALUES (75, 75, 4.81);
INSERT INTO RIDER_PROFILE (rider_id, user_id, rating) VALUES (76, 76, 4.07);
INSERT INTO RIDER_PROFILE (rider_id, user_id, rating) VALUES (77, 77, 4.31);
INSERT INTO RIDER_PROFILE (rider_id, user_id, rating) VALUES (78, 78, 4.5);
INSERT INTO RIDER_PROFILE (rider_id, user_id, rating) VALUES (79, 79, 4.31);
INSERT INTO RIDER_PROFILE (rider_id, user_id, rating) VALUES (80, 80, 3.75);
INSERT INTO RIDER_PROFILE (rider_id, user_id, rating) VALUES (81, 81, 4.3);
INSERT INTO RIDER_PROFILE (rider_id, user_id, rating) VALUES (82, 82, 3.63);
INSERT INTO RIDER_PROFILE (rider_id, user_id, rating) VALUES (83, 83, 4.68);
INSERT INTO RIDER_PROFILE (rider_id, user_id, rating) VALUES (84, 84, 4.56);
INSERT INTO RIDER_PROFILE (rider_id, user_id, rating) VALUES (85, 85, 3.88);
INSERT INTO RIDER_PROFILE (rider_id, user_id, rating) VALUES (86, 86, 4.57);
INSERT INTO RIDER_PROFILE (rider_id, user_id, rating) VALUES (87, 87, 3.87);
INSERT INTO RIDER_PROFILE (rider_id, user_id, rating) VALUES (88, 88, 4.2);
INSERT INTO RIDER_PROFILE (rider_id, user_id, rating) VALUES (89, 89, 3.51);
INSERT INTO RIDER_PROFILE (rider_id, user_id, rating) VALUES (90, 90, 4.12);
INSERT INTO RIDER_PROFILE (rider_id, user_id, rating) VALUES (91, 91, 3.62);
INSERT INTO RIDER_PROFILE (rider_id, user_id, rating) VALUES (92, 92, 3.77);
INSERT INTO RIDER_PROFILE (rider_id, user_id, rating) VALUES (93, 93, 4.17);
INSERT INTO RIDER_PROFILE (rider_id, user_id, rating) VALUES (94, 94, 4.84);
INSERT INTO RIDER_PROFILE (rider_id, user_id, rating) VALUES (95, 95, 3.56);
INSERT INTO RIDER_PROFILE (rider_id, user_id, rating) VALUES (96, 96, 4.14);
INSERT INTO RIDER_PROFILE (rider_id, user_id, rating) VALUES (97, 97, 4.91);
INSERT INTO RIDER_PROFILE (rider_id, user_id, rating) VALUES (98, 98, 4.2);
INSERT INTO RIDER_PROFILE (rider_id, user_id, rating) VALUES (99, 99, 3.74);
INSERT INTO RIDER_PROFILE (rider_id, user_id, rating) VALUES (100, 100, 3.52);

-- PERFILES DE DRIVER
INSERT INTO DRIVER_PROFILE (driver_id, user_id, company_id, license_number, rating, status, current_lat, current_lng) VALUES (1, 101, 4, 'LIC-348690', 4.13, 'available', 40.37710459, -3.64556001);
INSERT INTO DRIVER_PROFILE (driver_id, user_id, company_id, license_number, rating, status, current_lat, current_lng) VALUES (2, 102, 4, 'LIC-348063', 4.26, 'offline', 40.43704213, -3.62538701);
INSERT INTO DRIVER_PROFILE (driver_id, user_id, company_id, license_number, rating, status, current_lat, current_lng) VALUES (3, 103, 3, 'LIC-108508', 4.19, 'busy', 40.41103153, -3.74997781);
INSERT INTO DRIVER_PROFILE (driver_id, user_id, company_id, license_number, rating, status, current_lat, current_lng) VALUES (4, 104, 1, 'LIC-433081', 4.3, 'offline', 40.36000305, -3.68878393);
INSERT INTO DRIVER_PROFILE (driver_id, user_id, company_id, license_number, rating, status, current_lat, current_lng) VALUES (5, 105, 5, 'LIC-969320', 4.19, 'busy', 40.48365296, -3.60479796);
INSERT INTO DRIVER_PROFILE (driver_id, user_id, company_id, license_number, rating, status, current_lat, current_lng) VALUES (6, 106, 2, 'LIC-589480', 4.79, 'busy', 40.43314378, -3.69501079);
INSERT INTO DRIVER_PROFILE (driver_id, user_id, company_id, license_number, rating, status, current_lat, current_lng) VALUES (7, 107, 5, 'LIC-420270', 4.52, 'available', 40.42750877, -3.72533142);
INSERT INTO DRIVER_PROFILE (driver_id, user_id, company_id, license_number, rating, status, current_lat, current_lng) VALUES (8, 108, 2, 'LIC-257818', 4.61, 'busy', 40.42328754, -3.73011246);
INSERT INTO DRIVER_PROFILE (driver_id, user_id, company_id, license_number, rating, status, current_lat, current_lng) VALUES (9, 109, 4, 'LIC-606291', 4.14, 'available', 40.36492292, -3.61153309);
INSERT INTO DRIVER_PROFILE (driver_id, user_id, company_id, license_number, rating, status, current_lat, current_lng) VALUES (10, 110, 5, 'LIC-505260', 4.16, 'offline', 40.47606816, -3.65765974);
INSERT INTO DRIVER_PROFILE (driver_id, user_id, company_id, license_number, rating, status, current_lat, current_lng) VALUES (11, 111, 3, 'LIC-367820', 4.93, 'available', 40.39107015, -3.64997627);
INSERT INTO DRIVER_PROFILE (driver_id, user_id, company_id, license_number, rating, status, current_lat, current_lng) VALUES (12, 112, 5, 'LIC-199404', 4.7, 'offline', 40.43113395, -3.68758147);
INSERT INTO DRIVER_PROFILE (driver_id, user_id, company_id, license_number, rating, status, current_lat, current_lng) VALUES (13, 113, 3, 'LIC-598104', 4.03, 'busy', 40.48012008, -3.74511714);
INSERT INTO DRIVER_PROFILE (driver_id, user_id, company_id, license_number, rating, status, current_lat, current_lng) VALUES (14, 114, 1, 'LIC-367981', 4.1, 'available', 40.37720357, -3.67029501);
INSERT INTO DRIVER_PROFILE (driver_id, user_id, company_id, license_number, rating, status, current_lat, current_lng) VALUES (15, 115, 4, 'LIC-782505', 4.32, 'available', 40.4883033, -3.60156272);
INSERT INTO DRIVER_PROFILE (driver_id, user_id, company_id, license_number, rating, status, current_lat, current_lng) VALUES (16, 116, 2, 'LIC-439952', 4.45, 'available', 40.40184302, -3.74774431);
INSERT INTO DRIVER_PROFILE (driver_id, user_id, company_id, license_number, rating, status, current_lat, current_lng) VALUES (17, 117, 4, 'LIC-920818', 4.84, 'available', 40.45628494, -3.62413593);
INSERT INTO DRIVER_PROFILE (driver_id, user_id, company_id, license_number, rating, status, current_lat, current_lng) VALUES (18, 118, 4, 'LIC-992947', 4.78, 'busy', 40.44695048, -3.74822686);
INSERT INTO DRIVER_PROFILE (driver_id, user_id, company_id, license_number, rating, status, current_lat, current_lng) VALUES (19, 119, 5, 'LIC-539454', 4.55, 'offline', 40.46666137, -3.68587978);
INSERT INTO DRIVER_PROFILE (driver_id, user_id, company_id, license_number, rating, status, current_lat, current_lng) VALUES (20, 120, 3, 'LIC-760290', 4.15, 'busy', 40.49938078, -3.67847804);
INSERT INTO DRIVER_PROFILE (driver_id, user_id, company_id, license_number, rating, status, current_lat, current_lng) VALUES (21, 121, 3, 'LIC-723901', 4.77, 'available', 40.41069924, -3.65751852);
INSERT INTO DRIVER_PROFILE (driver_id, user_id, company_id, license_number, rating, status, current_lat, current_lng) VALUES (22, 122, 1, 'LIC-563859', 4.61, 'offline', 40.37981105, -3.63706841);
INSERT INTO DRIVER_PROFILE (driver_id, user_id, company_id, license_number, rating, status, current_lat, current_lng) VALUES (23, 123, 1, 'LIC-293281', 4.52, 'offline', 40.42723842, -3.61848302);
INSERT INTO DRIVER_PROFILE (driver_id, user_id, company_id, license_number, rating, status, current_lat, current_lng) VALUES (24, 124, 5, 'LIC-676279', 4.34, 'busy', 40.40420798, -3.72000789);
INSERT INTO DRIVER_PROFILE (driver_id, user_id, company_id, license_number, rating, status, current_lat, current_lng) VALUES (25, 125, 1, 'LIC-611028', 4.38, 'offline', 40.35202633, -3.60122736);
INSERT INTO DRIVER_PROFILE (driver_id, user_id, company_id, license_number, rating, status, current_lat, current_lng) VALUES (26, 126, 3, 'LIC-604993', 4.54, 'offline', 40.39293404, -3.69361928);
INSERT INTO DRIVER_PROFILE (driver_id, user_id, company_id, license_number, rating, status, current_lat, current_lng) VALUES (27, 127, 1, 'LIC-777905', 4.91, 'available', 40.3569989, -3.62750521);
INSERT INTO DRIVER_PROFILE (driver_id, user_id, company_id, license_number, rating, status, current_lat, current_lng) VALUES (28, 128, 2, 'LIC-655338', 4.78, 'available', 40.4041074, -3.60334825);
INSERT INTO DRIVER_PROFILE (driver_id, user_id, company_id, license_number, rating, status, current_lat, current_lng) VALUES (29, 129, 1, 'LIC-357558', 4.57, 'busy', 40.49916999, -3.64591238);
INSERT INTO DRIVER_PROFILE (driver_id, user_id, company_id, license_number, rating, status, current_lat, current_lng) VALUES (30, 130, 1, 'LIC-115531', 4.63, 'offline', 40.35246602, -3.71416979);
INSERT INTO DRIVER_PROFILE (driver_id, user_id, company_id, license_number, rating, status, current_lat, current_lng) VALUES (31, 131, 2, 'LIC-525344', 4.42, 'offline', 40.38652964, -3.66589475);
INSERT INTO DRIVER_PROFILE (driver_id, user_id, company_id, license_number, rating, status, current_lat, current_lng) VALUES (32, 132, 2, 'LIC-285926', 4.35, 'offline', 40.40280878, -3.63013441);
INSERT INTO DRIVER_PROFILE (driver_id, user_id, company_id, license_number, rating, status, current_lat, current_lng) VALUES (33, 133, 4, 'LIC-912163', 4.92, 'available', 40.43268785, -3.69148554);
INSERT INTO DRIVER_PROFILE (driver_id, user_id, company_id, license_number, rating, status, current_lat, current_lng) VALUES (34, 134, 1, 'LIC-877256', 4.75, 'offline', 40.45696589, -3.62725449);
INSERT INTO DRIVER_PROFILE (driver_id, user_id, company_id, license_number, rating, status, current_lat, current_lng) VALUES (35, 135, 1, 'LIC-522148', 4.56, 'offline', 40.49821735, -3.70587354);
INSERT INTO DRIVER_PROFILE (driver_id, user_id, company_id, license_number, rating, status, current_lat, current_lng) VALUES (36, 136, 4, 'LIC-320283', 4.57, 'offline', 40.4037909, -3.6013917);
INSERT INTO DRIVER_PROFILE (driver_id, user_id, company_id, license_number, rating, status, current_lat, current_lng) VALUES (37, 137, 3, 'LIC-262660', 4.16, 'busy', 40.46838485, -3.71446744);
INSERT INTO DRIVER_PROFILE (driver_id, user_id, company_id, license_number, rating, status, current_lat, current_lng) VALUES (38, 138, 3, 'LIC-186941', 4.06, 'busy', 40.35167422, -3.6346374);
INSERT INTO DRIVER_PROFILE (driver_id, user_id, company_id, license_number, rating, status, current_lat, current_lng) VALUES (39, 139, 5, 'LIC-655300', 4.25, 'available', 40.3720068, -3.62023033);
INSERT INTO DRIVER_PROFILE (driver_id, user_id, company_id, license_number, rating, status, current_lat, current_lng) VALUES (40, 140, 5, 'LIC-173667', 4.55, 'offline', 40.44265212, -3.65958487);
INSERT INTO DRIVER_PROFILE (driver_id, user_id, company_id, license_number, rating, status, current_lat, current_lng) VALUES (41, 141, 1, 'LIC-874733', 4.76, 'offline', 40.49306601, -3.65403437);
INSERT INTO DRIVER_PROFILE (driver_id, user_id, company_id, license_number, rating, status, current_lat, current_lng) VALUES (42, 142, 4, 'LIC-299619', 4.23, 'busy', 40.46624833, -3.66235656);
INSERT INTO DRIVER_PROFILE (driver_id, user_id, company_id, license_number, rating, status, current_lat, current_lng) VALUES (43, 143, 4, 'LIC-954931', 4.04, 'busy', 40.44048946, -3.62041002);
INSERT INTO DRIVER_PROFILE (driver_id, user_id, company_id, license_number, rating, status, current_lat, current_lng) VALUES (44, 144, 1, 'LIC-804676', 4.11, 'busy', 40.40172461, -3.68671248);
INSERT INTO DRIVER_PROFILE (driver_id, user_id, company_id, license_number, rating, status, current_lat, current_lng) VALUES (45, 145, 5, 'LIC-615595', 4.84, 'offline', 40.41270378, -3.67561267);
INSERT INTO DRIVER_PROFILE (driver_id, user_id, company_id, license_number, rating, status, current_lat, current_lng) VALUES (46, 146, 1, 'LIC-672691', 4.33, 'available', 40.37848547, -3.74837504);
INSERT INTO DRIVER_PROFILE (driver_id, user_id, company_id, license_number, rating, status, current_lat, current_lng) VALUES (47, 147, 5, 'LIC-921883', 4.71, 'offline', 40.39302199, -3.73214407);
INSERT INTO DRIVER_PROFILE (driver_id, user_id, company_id, license_number, rating, status, current_lat, current_lng) VALUES (48, 148, 5, 'LIC-516066', 4.74, 'busy', 40.4045143, -3.61251694);
INSERT INTO DRIVER_PROFILE (driver_id, user_id, company_id, license_number, rating, status, current_lat, current_lng) VALUES (49, 149, 1, 'LIC-691701', 4.66, 'busy', 40.49290176, -3.70207856);
INSERT INTO DRIVER_PROFILE (driver_id, user_id, company_id, license_number, rating, status, current_lat, current_lng) VALUES (50, 150, 4, 'LIC-264940', 4.77, 'offline', 40.45217043, -3.67269483);

-- VEHÍCULOS
INSERT INTO VEHICLE (vehicle_id, driver_id, plate, brand, model, year, color, category) VALUES (1, 1, '6215 PMD', 'Toyota', 'Corolla', 2024, 'Azul', 'premium');
INSERT INTO VEHICLE (vehicle_id, driver_id, plate, brand, model, year, color, category) VALUES (2, 2, '8001 YMR', 'Toyota', 'Corolla', 2016, 'Blanco', 'economy');
INSERT INTO VEHICLE (vehicle_id, driver_id, plate, brand, model, year, color, category) VALUES (3, 3, '4562 VKJ', 'Hyundai', 'Kona', 2021, 'Rojo', 'comfort');
INSERT INTO VEHICLE (vehicle_id, driver_id, plate, brand, model, year, color, category) VALUES (4, 4, '6456 HMF', 'Hyundai', 'Ioniq', 2018, 'Negro', 'premium');
INSERT INTO VEHICLE (vehicle_id, driver_id, plate, brand, model, year, color, category) VALUES (5, 5, '6480 MCF', 'Kia', 'Ceed', 2019, 'Rojo', 'economy');
INSERT INTO VEHICLE (vehicle_id, driver_id, plate, brand, model, year, color, category) VALUES (6, 6, '0604 ZVB', 'Hyundai', 'Ioniq', 2020, 'Negro', 'economy');
INSERT INTO VEHICLE (vehicle_id, driver_id, plate, brand, model, year, color, category) VALUES (7, 7, '0609 JLC', 'Skoda', 'Octavia', 2018, 'Azul', 'economy');
INSERT INTO VEHICLE (vehicle_id, driver_id, plate, brand, model, year, color, category) VALUES (8, 8, '2356 RHV', 'Kia', 'Sportage', 2019, 'Rojo', 'premium');
INSERT INTO VEHICLE (vehicle_id, driver_id, plate, brand, model, year, color, category) VALUES (9, 9, '7378 MTY', 'Skoda', 'Octavia', 2017, 'Blanco', 'economy');
INSERT INTO VEHICLE (vehicle_id, driver_id, plate, brand, model, year, color, category) VALUES (10, 10, '5460 VJL', 'Tesla', 'Model 3', 2022, 'Azul', 'premium');
INSERT INTO VEHICLE (vehicle_id, driver_id, plate, brand, model, year, color, category) VALUES (11, 11, '9481 BNZ', 'Toyota', 'Corolla', 2019, 'Azul', 'economy');
INSERT INTO VEHICLE (vehicle_id, driver_id, plate, brand, model, year, color, category) VALUES (12, 12, '5442 GLL', 'Skoda', 'Superb', 2020, 'Rojo', 'economy');
INSERT INTO VEHICLE (vehicle_id, driver_id, plate, brand, model, year, color, category) VALUES (13, 13, '4190 JKB', 'Kia', 'Ceed', 2019, 'Negro', 'comfort');
INSERT INTO VEHICLE (vehicle_id, driver_id, plate, brand, model, year, color, category) VALUES (14, 14, '2489 XVD', 'Tesla', 'Model 3', 2018, 'Blanco', 'comfort');
INSERT INTO VEHICLE (vehicle_id, driver_id, plate, brand, model, year, color, category) VALUES (15, 15, '6943 KHN', 'Tesla', 'Model 3', 2019, 'Gris', 'comfort');
INSERT INTO VEHICLE (vehicle_id, driver_id, plate, brand, model, year, color, category) VALUES (16, 16, '6239 MNC', 'Skoda', 'Octavia', 2016, 'Negro', 'economy');
INSERT INTO VEHICLE (vehicle_id, driver_id, plate, brand, model, year, color, category) VALUES (17, 17, '3618 FDX', 'Skoda', 'Superb', 2017, 'Gris', 'comfort');
INSERT INTO VEHICLE (vehicle_id, driver_id, plate, brand, model, year, color, category) VALUES (18, 18, '4171 DZW', 'Hyundai', 'Kona', 2020, 'Negro', 'premium');
INSERT INTO VEHICLE (vehicle_id, driver_id, plate, brand, model, year, color, category) VALUES (19, 19, '1547 PNK', 'Hyundai', 'Tucson', 2017, 'Blanco', 'premium');
INSERT INTO VEHICLE (vehicle_id, driver_id, plate, brand, model, year, color, category) VALUES (20, 20, '0467 CFP', 'Skoda', 'Octavia', 2022, 'Gris', 'premium');
INSERT INTO VEHICLE (vehicle_id, driver_id, plate, brand, model, year, color, category) VALUES (21, 21, '5190 YYK', 'Skoda', 'Superb', 2023, 'Azul', 'economy');
INSERT INTO VEHICLE (vehicle_id, driver_id, plate, brand, model, year, color, category) VALUES (22, 22, '9366 CXH', 'Toyota', 'Camry', 2022, 'Blanco', 'economy');
INSERT INTO VEHICLE (vehicle_id, driver_id, plate, brand, model, year, color, category) VALUES (23, 23, '3170 XVY', 'Toyota', 'Corolla', 2018, 'Rojo', 'comfort');
INSERT INTO VEHICLE (vehicle_id, driver_id, plate, brand, model, year, color, category) VALUES (24, 24, '7525 GRB', 'Skoda', 'Superb', 2016, 'Blanco', 'comfort');
INSERT INTO VEHICLE (vehicle_id, driver_id, plate, brand, model, year, color, category) VALUES (25, 25, '3195 VVV', 'Skoda', 'Octavia', 2018, 'Blanco', 'economy');
INSERT INTO VEHICLE (vehicle_id, driver_id, plate, brand, model, year, color, category) VALUES (26, 26, '5760 SNY', 'Kia', 'Ceed', 2023, 'Gris', 'comfort');
INSERT INTO VEHICLE (vehicle_id, driver_id, plate, brand, model, year, color, category) VALUES (27, 27, '7565 RGD', 'Hyundai', 'Ioniq', 2015, 'Blanco', 'premium');
INSERT INTO VEHICLE (vehicle_id, driver_id, plate, brand, model, year, color, category) VALUES (28, 28, '3021 ZBH', 'Kia', 'Sportage', 2023, 'Gris', 'premium');
INSERT INTO VEHICLE (vehicle_id, driver_id, plate, brand, model, year, color, category) VALUES (29, 29, '1876 XDM', 'Toyota', 'Corolla', 2024, 'Azul', 'comfort');
INSERT INTO VEHICLE (vehicle_id, driver_id, plate, brand, model, year, color, category) VALUES (30, 30, '5599 CJN', 'Kia', 'Sportage', 2022, 'Rojo', 'economy');
INSERT INTO VEHICLE (vehicle_id, driver_id, plate, brand, model, year, color, category) VALUES (31, 31, '4890 LHY', 'Tesla', 'Model Y', 2018, 'Rojo', 'economy');
INSERT INTO VEHICLE (vehicle_id, driver_id, plate, brand, model, year, color, category) VALUES (32, 32, '7997 XTD', 'Kia', 'Ceed', 2021, 'Gris', 'premium');
INSERT INTO VEHICLE (vehicle_id, driver_id, plate, brand, model, year, color, category) VALUES (33, 33, '4609 ZHM', 'Skoda', 'Superb', 2023, 'Blanco', 'comfort');
INSERT INTO VEHICLE (vehicle_id, driver_id, plate, brand, model, year, color, category) VALUES (34, 34, '5864 NBC', 'Tesla', 'Model 3', 2016, 'Rojo', 'comfort');
INSERT INTO VEHICLE (vehicle_id, driver_id, plate, brand, model, year, color, category) VALUES (35, 35, '4615 SMS', 'Skoda', 'Octavia', 2017, 'Rojo', 'comfort');
INSERT INTO VEHICLE (vehicle_id, driver_id, plate, brand, model, year, color, category) VALUES (36, 36, '6165 JXB', 'Tesla', 'Model 3', 2023, 'Negro', 'premium');
INSERT INTO VEHICLE (vehicle_id, driver_id, plate, brand, model, year, color, category) VALUES (37, 37, '3474 WTS', 'Skoda', 'Superb', 2015, 'Blanco', 'premium');
INSERT INTO VEHICLE (vehicle_id, driver_id, plate, brand, model, year, color, category) VALUES (38, 38, '2756 TYT', 'Toyota', 'Corolla', 2022, 'Blanco', 'comfort');
INSERT INTO VEHICLE (vehicle_id, driver_id, plate, brand, model, year, color, category) VALUES (39, 39, '3346 DBX', 'Tesla', 'Model Y', 2017, 'Negro', 'economy');
INSERT INTO VEHICLE (vehicle_id, driver_id, plate, brand, model, year, color, category) VALUES (40, 40, '9401 HXW', 'Skoda', 'Superb', 2021, 'Azul', 'premium');
INSERT INTO VEHICLE (vehicle_id, driver_id, plate, brand, model, year, color, category) VALUES (41, 41, '1300 CBV', 'Skoda', 'Octavia', 2016, 'Negro', 'premium');
INSERT INTO VEHICLE (vehicle_id, driver_id, plate, brand, model, year, color, category) VALUES (42, 42, '5282 SZK', 'Toyota', 'Camry', 2015, 'Gris', 'economy');
INSERT INTO VEHICLE (vehicle_id, driver_id, plate, brand, model, year, color, category) VALUES (43, 43, '8026 SZC', 'Skoda', 'Octavia', 2023, 'Rojo', 'premium');
INSERT INTO VEHICLE (vehicle_id, driver_id, plate, brand, model, year, color, category) VALUES (44, 44, '2557 MNY', 'Tesla', 'Model Y', 2020, 'Gris', 'economy');
INSERT INTO VEHICLE (vehicle_id, driver_id, plate, brand, model, year, color, category) VALUES (45, 45, '1267 NSL', 'Kia', 'Sportage', 2020, 'Blanco', 'economy');
INSERT INTO VEHICLE (vehicle_id, driver_id, plate, brand, model, year, color, category) VALUES (46, 46, '9593 MJD', 'Toyota', 'Corolla', 2022, 'Rojo', 'comfort');
INSERT INTO VEHICLE (vehicle_id, driver_id, plate, brand, model, year, color, category) VALUES (47, 47, '6979 XHN', 'Toyota', 'Prius', 2019, 'Blanco', 'premium');
INSERT INTO VEHICLE (vehicle_id, driver_id, plate, brand, model, year, color, category) VALUES (48, 48, '9027 MMK', 'Tesla', 'Model Y', 2024, 'Blanco', 'premium');
INSERT INTO VEHICLE (vehicle_id, driver_id, plate, brand, model, year, color, category) VALUES (49, 49, '6999 CMH', 'Skoda', 'Octavia', 2024, 'Blanco', 'economy');
INSERT INTO VEHICLE (vehicle_id, driver_id, plate, brand, model, year, color, category) VALUES (50, 50, '5901 FKJ', 'Toyota', 'Prius', 2018, 'Negro', 'premium');

-- VIAJES, OFERTAS Y PAGOS
INSERT INTO TRIP (trip_id, rider_id, driver_id, vehicle_id, origin_lat, origin_lng, origin_address, dest_lat, dest_lng, dest_address, status, distance_km, duration_minutes, price_estimated, price_final, requested_at, accepted_at, started_at, finished_at) VALUES (1, 15, 11, 11, 40.4372014, -3.60049284, 'Glorieta de Florencio Garriga 415, Madrid', 40.47993909, -3.73743686, 'Vial de Santiago Velázquez 47 Puerta 7 , Madrid', 'completed', 15.92, 32, 25.88, 26.19, '2026-04-25 18:51:28', '2026-04-25 18:53:53', '2026-04-25 19:02:27', '2026-04-25 19:34:27');
INSERT INTO OFFER (offer_id, trip_id, driver_id, status, sent_at, responded_at) VALUES (1, 1, 11, 'accepted', '2026-04-25 18:51:32', '2026-04-25 18:53:53');
INSERT INTO OFFER (offer_id, trip_id, driver_id, status, sent_at, responded_at) VALUES (2, 1, 35, 'expired', '2026-04-25 18:51:32', NULL);
INSERT INTO PAYMENT (payment_id, trip_id, amount, platform_fee, driver_earnings, method, status, paid_at) VALUES (1, 1, 26.19, 5.24, 20.95, 'card', 'completed', '2026-04-25 19:34:27');
INSERT INTO TRIP (trip_id, rider_id, driver_id, vehicle_id, origin_lat, origin_lng, origin_address, dest_lat, dest_lng, dest_address, status, distance_km, duration_minutes, price_estimated, price_final, requested_at, accepted_at, started_at, finished_at) VALUES (2, 61, 33, 33, 40.39389239, -3.63272126, 'Callejón Maribel Company 79 Piso 5 , Madrid', 40.36791206, -3.60322039, 'Cuesta de Segismundo Pazos 37, Madrid', 'completed', 4.36, 13, 8.54, 9.12, '2026-04-25 18:52:10', '2026-04-25 18:54:11', '2026-04-25 18:57:37', '2026-04-25 19:10:37');
INSERT INTO OFFER (offer_id, trip_id, driver_id, status, sent_at, responded_at) VALUES (3, 2, 33, 'accepted', '2026-04-25 18:52:14', '2026-04-25 18:54:11');
INSERT INTO OFFER (offer_id, trip_id, driver_id, status, sent_at, responded_at) VALUES (4, 2, 24, 'rejected', '2026-04-25 18:52:12', '2026-04-25 18:52:27');
INSERT INTO OFFER (offer_id, trip_id, driver_id, status, sent_at, responded_at) VALUES (5, 2, 32, 'rejected', '2026-04-25 18:52:15', '2026-04-25 18:53:10');
INSERT INTO OFFER (offer_id, trip_id, driver_id, status, sent_at, responded_at) VALUES (6, 2, 48, 'rejected', '2026-04-25 18:52:15', '2026-04-25 18:52:48');
INSERT INTO PAYMENT (payment_id, trip_id, amount, platform_fee, driver_earnings, method, status, paid_at) VALUES (2, 2, 9.12, 1.82, 7.3, 'wallet', 'completed', '2026-04-25 19:11:37');
INSERT INTO TRIP (trip_id, rider_id, driver_id, vehicle_id, origin_lat, origin_lng, origin_address, dest_lat, dest_lng, dest_address, status, distance_km, duration_minutes, price_estimated, price_final, requested_at, accepted_at, started_at, finished_at) VALUES (3, 90, 22, 22, 40.42525765, -3.62827648, 'Avenida de Rosa María Granados 260, Madrid', 40.48319221, -3.71268809, 'Pasadizo de María Bartolomé 23 Apt. 36 , Madrid', 'completed', 11.36, 21, 19.04, 18.42, '2026-04-25 18:52:15', '2026-04-25 18:53:31', '2026-04-25 18:56:14', '2026-04-25 19:17:14');
INSERT INTO OFFER (offer_id, trip_id, driver_id, status, sent_at, responded_at) VALUES (7, 3, 22, 'accepted', '2026-04-25 18:52:18', '2026-04-25 18:53:31');
INSERT INTO OFFER (offer_id, trip_id, driver_id, status, sent_at, responded_at) VALUES (8, 3, 15, 'rejected', '2026-04-25 18:52:20', '2026-04-25 18:53:15');
INSERT INTO OFFER (offer_id, trip_id, driver_id, status, sent_at, responded_at) VALUES (9, 3, 8, 'expired', '2026-04-25 18:52:19', NULL);
INSERT INTO PAYMENT (payment_id, trip_id, amount, platform_fee, driver_earnings, method, status, paid_at) VALUES (3, 3, 18.42, 3.68, 14.74, 'wallet', 'completed', '2026-04-25 19:22:14');
INSERT INTO TRIP (trip_id, rider_id, driver_id, vehicle_id, origin_lat, origin_lng, origin_address, dest_lat, dest_lng, dest_address, status, distance_km, duration_minutes, price_estimated, price_final, requested_at, accepted_at, started_at, finished_at) VALUES (4, 31, 22, 22, 40.45774656, -3.69958495, 'Calle de Aureliano Llanos 5, Madrid', 40.41747437, -3.65814844, 'Glorieta de Hermenegildo Heredia 11, Madrid', 'completed', 6.41, 11, 11.62, 11.47, '2026-04-25 18:52:01', '2026-04-25 18:53:16', '2026-04-25 18:55:23', '2026-04-25 19:06:23');
INSERT INTO OFFER (offer_id, trip_id, driver_id, status, sent_at, responded_at) VALUES (10, 4, 22, 'accepted', '2026-04-25 18:52:06', '2026-04-25 18:53:16');
INSERT INTO OFFER (offer_id, trip_id, driver_id, status, sent_at, responded_at) VALUES (11, 4, 25, 'expired', '2026-04-25 18:52:04', NULL);
INSERT INTO OFFER (offer_id, trip_id, driver_id, status, sent_at, responded_at) VALUES (12, 4, 6, 'expired', '2026-04-25 18:52:05', NULL);
INSERT INTO OFFER (offer_id, trip_id, driver_id, status, sent_at, responded_at) VALUES (13, 4, 18, 'expired', '2026-04-25 18:52:04', NULL);
INSERT INTO PAYMENT (payment_id, trip_id, amount, platform_fee, driver_earnings, method, status, paid_at) VALUES (4, 4, 11.47, 2.29, 9.18, 'cash', 'completed', '2026-04-25 19:10:23');
INSERT INTO TRIP (trip_id, rider_id, driver_id, vehicle_id, origin_lat, origin_lng, origin_address, dest_lat, dest_lng, dest_address, status, distance_km, duration_minutes, price_estimated, price_final, requested_at, accepted_at, started_at, finished_at) VALUES (5, 33, 18, 18, 40.47614202, -3.66943321, 'Calle Ale Agustín 61, Madrid', 40.42759683, -3.62310342, 'Glorieta de Juan José Gálvez 936, Madrid', 'completed', 7.45, 12, 13.18, 13.15, '2026-04-25 18:50:46', '2026-04-25 18:55:19', '2026-04-25 18:58:44', '2026-04-25 19:10:44');
INSERT INTO OFFER (offer_id, trip_id, driver_id, status, sent_at, responded_at) VALUES (14, 5, 18, 'accepted', '2026-04-25 18:50:49', '2026-04-25 18:55:19');
INSERT INTO OFFER (offer_id, trip_id, driver_id, status, sent_at, responded_at) VALUES (15, 5, 7, 'rejected', '2026-04-25 18:50:49', '2026-04-25 18:51:25');
INSERT INTO OFFER (offer_id, trip_id, driver_id, status, sent_at, responded_at) VALUES (16, 5, 26, 'rejected', '2026-04-25 18:50:48', '2026-04-25 18:51:37');
INSERT INTO PAYMENT (payment_id, trip_id, amount, platform_fee, driver_earnings, method, status, paid_at) VALUES (5, 5, 13.15, 2.63, 10.52, 'card', 'completed', '2026-04-25 19:11:44');
INSERT INTO TRIP (trip_id, rider_id, driver_id, vehicle_id, origin_lat, origin_lng, origin_address, dest_lat, dest_lng, dest_address, status, distance_km, duration_minutes, price_estimated, price_final, requested_at, accepted_at, started_at, finished_at) VALUES (6, 75, 21, 21, 40.4847369, -3.71435686, 'Callejón Roldán Cárdenas 4, Madrid', 40.44484998, -3.74585241, 'Acceso de Ezequiel Adadia 45, Madrid', 'completed', 5.64, 9, 10.46, 10.58, '2026-04-25 18:50:20', '2026-04-25 18:52:39', '2026-04-25 18:58:45', '2026-04-25 19:07:45');
INSERT INTO OFFER (offer_id, trip_id, driver_id, status, sent_at, responded_at) VALUES (17, 6, 21, 'accepted', '2026-04-25 18:50:21', '2026-04-25 18:52:39');
INSERT INTO OFFER (offer_id, trip_id, driver_id, status, sent_at, responded_at) VALUES (18, 6, 8, 'rejected', '2026-04-25 18:50:21', '2026-04-25 18:50:48');
INSERT INTO PAYMENT (payment_id, trip_id, amount, platform_fee, driver_earnings, method, status, paid_at) VALUES (6, 6, 10.58, 2.12, 8.46, 'cash', 'pending', NULL);
INSERT INTO TRIP (trip_id, rider_id, driver_id, vehicle_id, origin_lat, origin_lng, origin_address, dest_lat, dest_lng, dest_address, status, distance_km, duration_minutes, price_estimated, price_final, requested_at, accepted_at, started_at, finished_at) VALUES (7, 81, 12, 12, 40.36340734, -3.64205321, 'Alameda de Andrés Duran 48, Madrid', 40.49478384, -3.62390788, 'Acceso de Fátima Carrasco 1 Piso 3 , Madrid', 'completed', 14.72, 31, 24.08, 25.77, '2026-04-25 18:51:26', '2026-04-25 18:55:21', '2026-04-25 19:04:47', '2026-04-25 19:35:47');
INSERT INTO OFFER (offer_id, trip_id, driver_id, status, sent_at, responded_at) VALUES (19, 7, 12, 'accepted', '2026-04-25 18:51:28', '2026-04-25 18:55:21');
INSERT INTO PAYMENT (payment_id, trip_id, amount, platform_fee, driver_earnings, method, status, paid_at) VALUES (7, 7, 25.77, 5.15, 20.62, 'card', 'pending', NULL);
INSERT INTO TRIP (trip_id, rider_id, driver_id, vehicle_id, origin_lat, origin_lng, origin_address, dest_lat, dest_lng, dest_address, status, distance_km, duration_minutes, price_estimated, price_final, requested_at, accepted_at, started_at, finished_at) VALUES (8, 9, 5, 5, 40.40707838, -3.64142551, 'Pasaje de Inés Canet 83, Madrid', 40.47826157, -3.71340392, 'Pasaje Valerio Salgado 4 Apt. 63 , Madrid', 'completed', 11.24, 21, 18.86, 20.44, '2026-04-25 18:52:29', '2026-04-25 18:53:36', '2026-04-25 18:57:14', '2026-04-25 19:18:14');
INSERT INTO OFFER (offer_id, trip_id, driver_id, status, sent_at, responded_at) VALUES (20, 8, 5, 'accepted', '2026-04-25 18:52:34', '2026-04-25 18:53:36');
INSERT INTO OFFER (offer_id, trip_id, driver_id, status, sent_at, responded_at) VALUES (21, 8, 20, 'expired', '2026-04-25 18:52:34', NULL);
INSERT INTO OFFER (offer_id, trip_id, driver_id, status, sent_at, responded_at) VALUES (22, 8, 25, 'expired', '2026-04-25 18:52:32', NULL);
INSERT INTO PAYMENT (payment_id, trip_id, amount, platform_fee, driver_earnings, method, status, paid_at) VALUES (8, 8, 20.44, 4.09, 16.35, 'card', 'pending', NULL);
INSERT INTO TRIP (trip_id, rider_id, driver_id, vehicle_id, origin_lat, origin_lng, origin_address, dest_lat, dest_lng, dest_address, status, distance_km, duration_minutes, price_estimated, price_final, requested_at, accepted_at, started_at, finished_at) VALUES (9, 8, 24, 24, 40.39222845, -3.63734466, 'Ronda Amado Guardiola 57, Madrid', 40.35712975, -3.66593284, 'Camino Lidia Sacristán 91 Puerta 2 , Madrid', 'cancelled', 5.02, NULL, 9.53, NULL, '2026-04-25 18:52:04', '2026-04-25 18:55:48', NULL, NULL);
INSERT INTO OFFER (offer_id, trip_id, driver_id, status, sent_at, responded_at) VALUES (23, 9, 24, 'accepted', '2026-04-25 18:52:05', '2026-04-25 18:55:48');
INSERT INTO TRIP (trip_id, rider_id, driver_id, vehicle_id, origin_lat, origin_lng, origin_address, dest_lat, dest_lng, dest_address, status, distance_km, duration_minutes, price_estimated, price_final, requested_at, accepted_at, started_at, finished_at) VALUES (10, 80, 9, 9, 40.38177681, -3.60645967, 'Camino Fabricio Soriano 79, Madrid', 40.45668105, -3.66435171, 'Ronda Diego Duarte 177, Madrid', 'completed', 10.51, 26, 17.77, 18.98, '2026-04-25 18:52:00', '2026-04-25 18:53:35', '2026-04-25 19:02:57', '2026-04-25 19:28:57');
INSERT INTO OFFER (offer_id, trip_id, driver_id, status, sent_at, responded_at) VALUES (24, 10, 9, 'accepted', '2026-04-25 18:52:04', '2026-04-25 18:53:35');
INSERT INTO OFFER (offer_id, trip_id, driver_id, status, sent_at, responded_at) VALUES (25, 10, 3, 'expired', '2026-04-25 18:52:03', NULL);
INSERT INTO OFFER (offer_id, trip_id, driver_id, status, sent_at, responded_at) VALUES (26, 10, 1, 'expired', '2026-04-25 18:52:05', NULL);
INSERT INTO OFFER (offer_id, trip_id, driver_id, status, sent_at, responded_at) VALUES (27, 10, 29, 'expired', '2026-04-25 18:52:02', NULL);
INSERT INTO PAYMENT (payment_id, trip_id, amount, platform_fee, driver_earnings, method, status, paid_at) VALUES (9, 10, 18.98, 3.8, 15.18, 'wallet', 'completed', '2026-04-25 19:32:57');

INSERT INTO TRIP (trip_id, rider_id, driver_id, vehicle_id, origin_lat, origin_lng, origin_address, dest_lat, dest_lng, dest_address, status, distance_km, duration_minutes, price_estimated, price_final, requested_at, accepted_at, started_at, finished_at) VALUES (11, 39, 42, 42, 40.44650092, -3.65931471, 'Alameda Alejandro Giralt 71 Piso 0 , Madrid', 40.3641556, -3.62086372, 'Vial de Toribio Chico 63 Piso 9 , Madrid', 'completed', 10.09, 21, 17.13, 15.61, '2026-04-25 18:52:15', '2026-04-25 18:56:06', '2026-04-25 19:01:45', '2026-04-25 19:22:45');
INSERT INTO OFFER (offer_id, trip_id, driver_id, status, sent_at, responded_at) VALUES (28, 11, 42, 'accepted', '2026-04-25 18:52:19', '2026-04-25 18:56:06');
INSERT INTO OFFER (offer_id, trip_id, driver_id, status, sent_at, responded_at) VALUES (29, 11, 14, 'expired', '2026-04-25 18:52:20', NULL);
INSERT INTO OFFER (offer_id, trip_id, driver_id, status, sent_at, responded_at) VALUES (30, 11, 22, 'expired', '2026-04-25 18:52:17', NULL);
INSERT INTO OFFER (offer_id, trip_id, driver_id, status, sent_at, responded_at) VALUES (31, 11, 16, 'expired', '2026-04-25 18:52:20', NULL);
INSERT INTO OFFER (offer_id, trip_id, driver_id, status, sent_at, responded_at) VALUES (32, 11, 46, 'rejected', '2026-04-25 18:52:20', '2026-04-25 18:53:14');
INSERT INTO PAYMENT (payment_id, trip_id, amount, platform_fee, driver_earnings, method, status, paid_at) VALUES (10, 11, 15.61, 3.12, 12.49, 'cash', 'completed', '2026-04-25 19:23:45');
INSERT INTO TRIP (trip_id, rider_id, driver_id, vehicle_id, origin_lat, origin_lng, origin_address, dest_lat, dest_lng, dest_address, status, distance_km, duration_minutes, price_estimated, price_final, requested_at, accepted_at, started_at, finished_at) VALUES (12, 15, NULL, NULL, 40.35136316, -3.62457679, 'Ronda Angelita Salas 77 Apt. 12 , Madrid', 40.399558, -3.65399299, 'Acceso de Rico Abad 36, Madrid', 'requested', 6.27, NULL, 11.4, NULL, '2026-04-25 18:52:01', NULL, NULL, NULL);
INSERT INTO OFFER (offer_id, trip_id, driver_id, status, sent_at, responded_at) VALUES (33, 12, 13, 'rejected', '2026-04-25 18:52:06', '2026-04-25 18:52:17');
INSERT INTO OFFER (offer_id, trip_id, driver_id, status, sent_at, responded_at) VALUES (34, 12, 49, 'expired', '2026-04-25 18:52:06', NULL);
INSERT INTO OFFER (offer_id, trip_id, driver_id, status, sent_at, responded_at) VALUES (35, 12, 42, 'rejected', '2026-04-25 18:52:06', '2026-04-25 18:52:26');
INSERT INTO OFFER (offer_id, trip_id, driver_id, status, sent_at, responded_at) VALUES (36, 12, 6, 'rejected', '2026-04-25 18:52:06', '2026-04-25 18:52:21');
INSERT INTO TRIP (trip_id, rider_id, driver_id, vehicle_id, origin_lat, origin_lng, origin_address, dest_lat, dest_lng, dest_address, status, distance_km, duration_minutes, price_estimated, price_final, requested_at, accepted_at, started_at, finished_at) VALUES (13, 35, 27, 27, 40.42644246, -3.62071233, 'Camino de Arturo Benavent 43 Apt. 13 , Madrid', 40.43924132, -3.7008574, 'Urbanización de Lorena Torrents 537, Madrid', 'completed', 9.01, 20, 15.52, 15.74, '2026-04-25 18:51:48', '2026-04-25 18:53:09', '2026-04-25 19:00:31', '2026-04-25 19:20:31');
INSERT INTO OFFER (offer_id, trip_id, driver_id, status, sent_at, responded_at) VALUES (37, 13, 27, 'accepted', '2026-04-25 18:51:49', '2026-04-25 18:53:09');
INSERT INTO PAYMENT (payment_id, trip_id, amount, platform_fee, driver_earnings, method, status, paid_at) VALUES (11, 13, 15.74, 3.15, 12.59, 'wallet', 'completed', '2026-04-25 19:23:31');
INSERT INTO TRIP (trip_id, rider_id, driver_id, vehicle_id, origin_lat, origin_lng, origin_address, dest_lat, dest_lng, dest_address, status, distance_km, duration_minutes, price_estimated, price_final, requested_at, accepted_at, started_at, finished_at) VALUES (14, 44, NULL, NULL, 40.3746168, -3.63884416, 'Pasadizo de Álvaro Carrillo 41 Piso 5 , Madrid', 40.3564723, -3.63269317, 'Calle Fito Cabañas 15 Piso 3 , Madrid', 'cancelled', 2.13, NULL, 5.2, NULL, '2026-04-25 18:52:09', NULL, NULL, NULL);
INSERT INTO OFFER (offer_id, trip_id, driver_id, status, sent_at, responded_at) VALUES (38, 14, 43, 'rejected', '2026-04-25 18:52:11', '2026-04-25 18:53:08');
INSERT INTO OFFER (offer_id, trip_id, driver_id, status, sent_at, responded_at) VALUES (39, 14, 11, 'rejected', '2026-04-25 18:52:10', '2026-04-25 18:53:07');
INSERT INTO OFFER (offer_id, trip_id, driver_id, status, sent_at, responded_at) VALUES (40, 14, 15, 'expired', '2026-04-25 18:52:11', NULL);
INSERT INTO OFFER (offer_id, trip_id, driver_id, status, sent_at, responded_at) VALUES (41, 14, 8, 'expired', '2026-04-25 18:52:11', NULL);
INSERT INTO TRIP (trip_id, rider_id, driver_id, vehicle_id, origin_lat, origin_lng, origin_address, dest_lat, dest_lng, dest_address, status, distance_km, duration_minutes, price_estimated, price_final, requested_at, accepted_at, started_at, finished_at) VALUES (15, 4, 6, 6, 40.35675513, -3.6306867, 'Callejón Angelino Folch 5 Piso 4 , Madrid', 40.41784067, -3.74180514, 'Rambla de Aníbal Losada 3, Madrid', 'completed', 14.08, 32, 23.12, 20.97, '2026-04-25 18:50:13', '2026-04-25 18:54:40', '2026-04-25 19:03:51', '2026-04-25 19:35:51');
INSERT INTO OFFER (offer_id, trip_id, driver_id, status, sent_at, responded_at) VALUES (42, 15, 6, 'accepted', '2026-04-25 18:50:14', '2026-04-25 18:54:40');
INSERT INTO OFFER (offer_id, trip_id, driver_id, status, sent_at, responded_at) VALUES (43, 15, 16, 'expired', '2026-04-25 18:50:18', NULL);
INSERT INTO OFFER (offer_id, trip_id, driver_id, status, sent_at, responded_at) VALUES (44, 15, 18, 'rejected', '2026-04-25 18:50:18', '2026-04-25 18:50:33');
INSERT INTO OFFER (offer_id, trip_id, driver_id, status, sent_at, responded_at) VALUES (45, 15, 4, 'rejected', '2026-04-25 18:50:14', '2026-04-25 18:51:13');
INSERT INTO OFFER (offer_id, trip_id, driver_id, status, sent_at, responded_at) VALUES (46, 15, 47, 'expired', '2026-04-25 18:50:18', NULL);
INSERT INTO PAYMENT (payment_id, trip_id, amount, platform_fee, driver_earnings, method, status, paid_at) VALUES (12, 15, 20.97, 4.19, 16.78, 'cash', 'completed', '2026-04-25 19:40:51');
INSERT INTO TRIP (trip_id, rider_id, driver_id, vehicle_id, origin_lat, origin_lng, origin_address, dest_lat, dest_lng, dest_address, status, distance_km, duration_minutes, price_estimated, price_final, requested_at, accepted_at, started_at, finished_at) VALUES (16, 7, 39, 39, 40.41331224, -3.65144535, 'Pasadizo de Jose Carlos Ribes 38 Piso 0 , Madrid', 40.36151825, -3.61677731, 'Callejón Renata Canet 282, Madrid', 'completed', 6.92, 15, 12.38, 11.59, '2026-04-25 18:51:53', '2026-04-25 18:56:24', '2026-04-25 19:04:09', '2026-04-25 19:19:09');
INSERT INTO OFFER (offer_id, trip_id, driver_id, status, sent_at, responded_at) VALUES (47, 16, 39, 'accepted', '2026-04-25 18:51:57', '2026-04-25 18:56:24');
INSERT INTO OFFER (offer_id, trip_id, driver_id, status, sent_at, responded_at) VALUES (48, 16, 2, 'rejected', '2026-04-25 18:51:56', '2026-04-25 18:52:10');
INSERT INTO OFFER (offer_id, trip_id, driver_id, status, sent_at, responded_at) VALUES (49, 16, 5, 'expired', '2026-04-25 18:51:56', NULL);
INSERT INTO OFFER (offer_id, trip_id, driver_id, status, sent_at, responded_at) VALUES (50, 16, 40, 'expired', '2026-04-25 18:51:56', NULL);
INSERT INTO OFFER (offer_id, trip_id, driver_id, status, sent_at, responded_at) VALUES (51, 16, 43, 'rejected', '2026-04-25 18:51:57', '2026-04-25 18:52:52');
INSERT INTO PAYMENT (payment_id, trip_id, amount, platform_fee, driver_earnings, method, status, paid_at) VALUES (13, 16, 11.59, 2.32, 9.27, 'card', 'completed', '2026-04-25 19:21:09');
INSERT INTO TRIP (trip_id, rider_id, driver_id, vehicle_id, origin_lat, origin_lng, origin_address, dest_lat, dest_lng, dest_address, status, distance_km, duration_minutes, price_estimated, price_final, requested_at, accepted_at, started_at, finished_at) VALUES (17, 78, 32, 32, 40.4185899, -3.6282265, 'C. María Fernanda Zurita 309, Madrid', 40.40554127, -3.71279652, 'Camino de Arsenio Casanovas 254, Madrid', 'in_progress', 9.5, NULL, 16.25, NULL, '2026-04-25 18:50:15', '2026-04-25 18:51:47', '2026-04-25 18:58:58', NULL);
INSERT INTO OFFER (offer_id, trip_id, driver_id, status, sent_at, responded_at) VALUES (52, 17, 32, 'accepted', '2026-04-25 18:50:16', '2026-04-25 18:51:47');
INSERT INTO OFFER (offer_id, trip_id, driver_id, status, sent_at, responded_at) VALUES (53, 17, 35, 'expired', '2026-04-25 18:50:17', NULL);
INSERT INTO OFFER (offer_id, trip_id, driver_id, status, sent_at, responded_at) VALUES (54, 17, 7, 'expired', '2026-04-25 18:50:17', NULL);
INSERT INTO OFFER (offer_id, trip_id, driver_id, status, sent_at, responded_at) VALUES (55, 17, 14, 'rejected', '2026-04-25 18:50:18', '2026-04-25 18:50:31');
INSERT INTO OFFER (offer_id, trip_id, driver_id, status, sent_at, responded_at) VALUES (56, 17, 37, 'expired', '2026-04-25 18:50:16', NULL);
INSERT INTO TRIP (trip_id, rider_id, driver_id, vehicle_id, origin_lat, origin_lng, origin_address, dest_lat, dest_lng, dest_address, status, distance_km, duration_minutes, price_estimated, price_final, requested_at, accepted_at, started_at, finished_at) VALUES (18, 74, 35, 35, 40.35203405, -3.6664531, 'Urbanización Dominga Conde 6 Apt. 72 , Madrid', 40.35386813, -3.61539724, 'Plaza Delfina Cózar 76, Madrid', 'cancelled', 5.67, NULL, 10.5, NULL, '2026-04-25 18:50:50', '2026-04-25 18:55:24', NULL, NULL);
INSERT INTO OFFER (offer_id, trip_id, driver_id, status, sent_at, responded_at) VALUES (57, 18, 35, 'accepted', '2026-04-25 18:50:54', '2026-04-25 18:55:24');
INSERT INTO OFFER (offer_id, trip_id, driver_id, status, sent_at, responded_at) VALUES (58, 18, 33, 'expired', '2026-04-25 18:50:53', NULL);
INSERT INTO OFFER (offer_id, trip_id, driver_id, status, sent_at, responded_at) VALUES (59, 18, 26, 'expired', '2026-04-25 18:50:54', NULL);
INSERT INTO OFFER (offer_id, trip_id, driver_id, status, sent_at, responded_at) VALUES (60, 18, 2, 'expired', '2026-04-25 18:50:54', NULL);
INSERT INTO TRIP (trip_id, rider_id, driver_id, vehicle_id, origin_lat, origin_lng, origin_address, dest_lat, dest_lng, dest_address, status, distance_km, duration_minutes, price_estimated, price_final, requested_at, accepted_at, started_at, finished_at) VALUES (19, 85, 4, 4, 40.49098466, -3.71441574, 'Acceso de Maxi Guardia 19 Puerta 7 , Madrid', 40.36952654, -3.71748656, 'Paseo de Lalo Cordero 50, Madrid', 'completed', 13.49, 28, 22.23, 22.38, '2026-04-25 18:51:17', '2026-04-25 18:54:35', '2026-04-25 19:02:02', '2026-04-25 19:30:02');
INSERT INTO OFFER (offer_id, trip_id, driver_id, status, sent_at, responded_at) VALUES (61, 19, 32, 'rejected', '2026-04-25 18:51:20', '2026-04-25 18:52:07');
INSERT INTO OFFER (offer_id, trip_id, driver_id, status, sent_at, responded_at) VALUES (62, 19, 6, 'expired', '2026-04-25 18:51:18', NULL);
INSERT INTO OFFER (offer_id, trip_id, driver_id, status, sent_at, responded_at) VALUES (63, 19, 4, 'accepted', '2026-04-25 18:51:19', '2026-04-25 18:54:35');
INSERT INTO OFFER (offer_id, trip_id, driver_id, status, sent_at, responded_at) VALUES (64, 19, 13, 'expired', '2026-04-25 18:51:21', NULL);
INSERT INTO PAYMENT (payment_id, trip_id, amount, platform_fee, driver_earnings, method, status, paid_at) VALUES (14, 19, 22.38, 4.48, 17.9, 'card', 'completed', '2026-04-25 19:30:02');
INSERT INTO TRIP (trip_id, rider_id, driver_id, vehicle_id, origin_lat, origin_lng, origin_address, dest_lat, dest_lng, dest_address, status, distance_km, duration_minutes, price_estimated, price_final, requested_at, accepted_at, started_at, finished_at) VALUES (20, 63, 11, 11, 40.46913125, -3.60073534, 'Rambla Isabela Guillen 741 Puerta 4 , Madrid', 40.46256986, -3.69483929, 'Pasadizo de Benita Campos 310 Puerta 8 , Madrid', 'cancelled', 10.47, NULL, 17.71, NULL, '2026-04-25 18:51:11', '2026-04-25 18:53:59', NULL, NULL);
INSERT INTO OFFER (offer_id, trip_id, driver_id, status, sent_at, responded_at) VALUES (65, 20, 11, 'accepted', '2026-04-25 18:51:14', '2026-04-25 18:53:59');
INSERT INTO OFFER (offer_id, trip_id, driver_id, status, sent_at, responded_at) VALUES (66, 20, 29, 'expired', '2026-04-25 18:51:15', NULL);
INSERT INTO OFFER (offer_id, trip_id, driver_id, status, sent_at, responded_at) VALUES (67, 20, 7, 'expired', '2026-04-25 18:51:15', NULL);
INSERT INTO OFFER (offer_id, trip_id, driver_id, status, sent_at, responded_at) VALUES (68, 20, 27, 'rejected', '2026-04-25 18:51:13', '2026-04-25 18:51:45');
INSERT INTO OFFER (offer_id, trip_id, driver_id, status, sent_at, responded_at) VALUES (69, 20, 1, 'expired', '2026-04-25 18:51:15', NULL);

INSERT INTO TRIP (trip_id, rider_id, driver_id, vehicle_id, origin_lat, origin_lng, origin_address, dest_lat, dest_lng, dest_address, status, distance_km, duration_minutes, price_estimated, price_final, requested_at, accepted_at, started_at, finished_at) VALUES (21, 70, NULL, NULL, 40.47169214, -3.64026255, 'Cañada Soledad Arce 40, Madrid', 40.41095357, -3.66216392, 'Calle Plácido Martínez 2, Madrid', 'cancelled', 7.17, NULL, 12.75, NULL, '2026-04-25 18:53:05', NULL, NULL, NULL);
INSERT INTO OFFER (offer_id, trip_id, driver_id, status, sent_at, responded_at) VALUES (70, 21, 46, 'rejected', '2026-04-25 18:53:07', '2026-04-25 18:53:43');
INSERT INTO OFFER (offer_id, trip_id, driver_id, status, sent_at, responded_at) VALUES (71, 21, 5, 'expired', '2026-04-25 18:53:09', NULL);
INSERT INTO TRIP (trip_id, rider_id, driver_id, vehicle_id, origin_lat, origin_lng, origin_address, dest_lat, dest_lng, dest_address, status, distance_km, duration_minutes, price_estimated, price_final, requested_at, accepted_at, started_at, finished_at) VALUES (22, 47, 43, 43, 40.49860842, -3.61116111, 'Cuesta Luisa Carrión 94, Madrid', 40.4391077, -3.69404975, 'Pasadizo de Felicidad Cerdá 11, Madrid', 'completed', 11.33, 27, 19.0, 19.78, '2026-04-25 18:50:19', '2026-04-25 18:52:03', '2026-04-25 19:00:50', '2026-04-25 19:27:50');
INSERT INTO OFFER (offer_id, trip_id, driver_id, status, sent_at, responded_at) VALUES (72, 22, 43, 'accepted', '2026-04-25 18:50:20', '2026-04-25 18:52:03');
INSERT INTO OFFER (offer_id, trip_id, driver_id, status, sent_at, responded_at) VALUES (73, 22, 23, 'expired', '2026-04-25 18:50:23', NULL);
INSERT INTO PAYMENT (payment_id, trip_id, amount, platform_fee, driver_earnings, method, status, paid_at) VALUES (15, 22, 19.78, 3.96, 15.82, 'cash', 'completed', '2026-04-25 19:29:50');
INSERT INTO TRIP (trip_id, rider_id, driver_id, vehicle_id, origin_lat, origin_lng, origin_address, dest_lat, dest_lng, dest_address, status, distance_km, duration_minutes, price_estimated, price_final, requested_at, accepted_at, started_at, finished_at) VALUES (23, 71, 4, 4, 40.38406933, -3.67854524, 'Glorieta Pancho Zabala 75 Piso 4 , Madrid', 40.3699487, -3.67629962, 'Pasaje de Jose Ramón Hervás 52, Madrid', 'completed', 1.59, 8, 4.38, 4.73, '2026-04-25 18:50:49', '2026-04-25 18:54:40', '2026-04-25 18:56:51', '2026-04-25 19:04:51');
INSERT INTO OFFER (offer_id, trip_id, driver_id, status, sent_at, responded_at) VALUES (74, 23, 4, 'accepted', '2026-04-25 18:50:54', '2026-04-25 18:54:40');
INSERT INTO OFFER (offer_id, trip_id, driver_id, status, sent_at, responded_at) VALUES (75, 23, 10, 'rejected', '2026-04-25 18:50:54', '2026-04-25 18:51:41');
INSERT INTO OFFER (offer_id, trip_id, driver_id, status, sent_at, responded_at) VALUES (76, 23, 31, 'expired', '2026-04-25 18:50:52', NULL);
INSERT INTO OFFER (offer_id, trip_id, driver_id, status, sent_at, responded_at) VALUES (77, 23, 15, 'rejected', '2026-04-25 18:50:51', '2026-04-25 18:51:09');
INSERT INTO OFFER (offer_id, trip_id, driver_id, status, sent_at, responded_at) VALUES (78, 23, 3, 'expired', '2026-04-25 18:50:53', NULL);
INSERT INTO PAYMENT (payment_id, trip_id, amount, platform_fee, driver_earnings, method, status, paid_at) VALUES (16, 23, 4.73, 0.95, 3.78, 'cash', 'completed', '2026-04-25 19:07:51');
INSERT INTO TRIP (trip_id, rider_id, driver_id, vehicle_id, origin_lat, origin_lng, origin_address, dest_lat, dest_lng, dest_address, status, distance_km, duration_minutes, price_estimated, price_final, requested_at, accepted_at, started_at, finished_at) VALUES (24, 69, 30, 30, 40.44321597, -3.68334438, 'Via de Kike Benitez 30 Piso 6 , Madrid', 40.36168945, -3.60294637, 'Urbanización de Quique Mateu 10 Puerta 3 , Madrid', 'completed', 12.71, 29, 21.07, 19.88, '2026-04-25 18:51:52', '2026-04-25 18:53:23', '2026-04-25 19:00:04', '2026-04-25 19:29:04');
INSERT INTO OFFER (offer_id, trip_id, driver_id, status, sent_at, responded_at) VALUES (79, 24, 30, 'accepted', '2026-04-25 18:51:57', '2026-04-25 18:53:23');
INSERT INTO OFFER (offer_id, trip_id, driver_id, status, sent_at, responded_at) VALUES (80, 24, 37, 'expired', '2026-04-25 18:51:54', NULL);
INSERT INTO OFFER (offer_id, trip_id, driver_id, status, sent_at, responded_at) VALUES (81, 24, 21, 'rejected', '2026-04-25 18:51:53', '2026-04-25 18:52:50');
INSERT INTO PAYMENT (payment_id, trip_id, amount, platform_fee, driver_earnings, method, status, paid_at) VALUES (17, 24, 19.88, 3.98, 15.9, 'wallet', 'pending', NULL);
INSERT INTO TRIP (trip_id, rider_id, driver_id, vehicle_id, origin_lat, origin_lng, origin_address, dest_lat, dest_lng, dest_address, status, distance_km, duration_minutes, price_estimated, price_final, requested_at, accepted_at, started_at, finished_at) VALUES (25, 81, 50, 50, 40.39349397, -3.73324565, 'Urbanización Ángeles Peralta 204 Puerta 1 , Madrid', 40.49677034, -3.62590163, 'Glorieta de Luis Guitart 8, Madrid', 'completed', 16.53, 37, 26.8, 27.61, '2026-04-25 18:52:59', '2026-04-25 18:54:04', '2026-04-25 19:00:59', '2026-04-25 19:37:59');
INSERT INTO OFFER (offer_id, trip_id, driver_id, status, sent_at, responded_at) VALUES (82, 25, 50, 'accepted', '2026-04-25 18:53:03', '2026-04-25 18:54:04');
INSERT INTO PAYMENT (payment_id, trip_id, amount, platform_fee, driver_earnings, method, status, paid_at) VALUES (18, 25, 27.61, 5.52, 22.09, 'card', 'completed', '2026-04-25 19:38:59');
INSERT INTO TRIP (trip_id, rider_id, driver_id, vehicle_id, origin_lat, origin_lng, origin_address, dest_lat, dest_lng, dest_address, status, distance_km, duration_minutes, price_estimated, price_final, requested_at, accepted_at, started_at, finished_at) VALUES (26, 2, 44, 44, 40.4082191, -3.68007241, 'Via Cristian Carbonell 811, Madrid', 40.37919648, -3.61687316, 'Avenida de Edgardo Marin 31 Piso 9 , Madrid', 'in_progress', 7.72, NULL, 13.58, NULL, '2026-04-25 18:51:56', '2026-04-25 18:53:13', '2026-04-25 18:59:46', NULL);
INSERT INTO OFFER (offer_id, trip_id, driver_id, status, sent_at, responded_at) VALUES (83, 26, 44, 'accepted', '2026-04-25 18:52:01', '2026-04-25 18:53:13');
INSERT INTO OFFER (offer_id, trip_id, driver_id, status, sent_at, responded_at) VALUES (84, 26, 32, 'rejected', '2026-04-25 18:52:00', '2026-04-25 18:52:50');
INSERT INTO TRIP (trip_id, rider_id, driver_id, vehicle_id, origin_lat, origin_lng, origin_address, dest_lat, dest_lng, dest_address, status, distance_km, duration_minutes, price_estimated, price_final, requested_at, accepted_at, started_at, finished_at) VALUES (27, 71, 2, 2, 40.3850788, -3.61829674, 'Camino de Ana Belén Amores 5 Piso 5 , Madrid', 40.41102866, -3.6556785, 'Urbanización Griselda Clavero 28, Madrid', 'completed', 5.05, 13, 9.57, 9.93, '2026-04-25 18:52:21', '2026-04-25 18:55:10', '2026-04-25 18:59:17', '2026-04-25 19:12:17');
INSERT INTO OFFER (offer_id, trip_id, driver_id, status, sent_at, responded_at) VALUES (85, 27, 2, 'accepted', '2026-04-25 18:52:24', '2026-04-25 18:55:10');
INSERT INTO PAYMENT (payment_id, trip_id, amount, platform_fee, driver_earnings, method, status, paid_at) VALUES (19, 27, 9.93, 1.99, 7.94, 'wallet', 'completed', '2026-04-25 19:17:17');
INSERT INTO TRIP (trip_id, rider_id, driver_id, vehicle_id, origin_lat, origin_lng, origin_address, dest_lat, dest_lng, dest_address, status, distance_km, duration_minutes, price_estimated, price_final, requested_at, accepted_at, started_at, finished_at) VALUES (28, 97, 15, 15, 40.36957354, -3.61016002, 'Cuesta Reyes Galan 7, Madrid', 40.4947534, -3.74618897, 'Avenida de Clemente Aparicio 11 Piso 9 , Madrid', 'completed', 20.52, 44, 32.78, 33.95, '2026-04-25 18:52:07', '2026-04-25 18:54:13', '2026-04-25 19:00:00', '2026-04-25 19:44:00');
INSERT INTO OFFER (offer_id, trip_id, driver_id, status, sent_at, responded_at) VALUES (86, 28, 15, 'accepted', '2026-04-25 18:52:08', '2026-04-25 18:54:13');
INSERT INTO OFFER (offer_id, trip_id, driver_id, status, sent_at, responded_at) VALUES (87, 28, 12, 'expired', '2026-04-25 18:52:12', NULL);
INSERT INTO OFFER (offer_id, trip_id, driver_id, status, sent_at, responded_at) VALUES (88, 28, 3, 'rejected', '2026-04-25 18:52:09', '2026-04-25 18:52:34');
INSERT INTO OFFER (offer_id, trip_id, driver_id, status, sent_at, responded_at) VALUES (89, 28, 39, 'expired', '2026-04-25 18:52:10', NULL);
INSERT INTO PAYMENT (payment_id, trip_id, amount, platform_fee, driver_earnings, method, status, paid_at) VALUES (20, 28, 33.95, 6.79, 27.16, 'wallet', 'completed', '2026-04-25 19:49:00');
INSERT INTO TRIP (trip_id, rider_id, driver_id, vehicle_id, origin_lat, origin_lng, origin_address, dest_lat, dest_lng, dest_address, status, distance_km, duration_minutes, price_estimated, price_final, requested_at, accepted_at, started_at, finished_at) VALUES (29, 54, 10, 10, 40.43752342, -3.6089724, 'Callejón de Rosa Roldán 83 Piso 5 , Madrid', 40.45539814, -3.65789512, 'Glorieta de Luisina Rodríguez 2 Apt. 96 , Madrid', 'completed', 5.78, 16, 10.67, 11.38, '2026-04-25 18:52:17', '2026-04-25 18:55:21', '2026-04-25 19:01:41', '2026-04-25 19:17:41');
INSERT INTO OFFER (offer_id, trip_id, driver_id, status, sent_at, responded_at) VALUES (90, 29, 10, 'accepted', '2026-04-25 18:52:21', '2026-04-25 18:55:21');
INSERT INTO PAYMENT (payment_id, trip_id, amount, platform_fee, driver_earnings, method, status, paid_at) VALUES (21, 29, 11.38, 2.28, 9.1, 'card', 'completed', '2026-04-25 19:20:41');
INSERT INTO TRIP (trip_id, rider_id, driver_id, vehicle_id, origin_lat, origin_lng, origin_address, dest_lat, dest_lng, dest_address, status, distance_km, duration_minutes, price_estimated, price_final, requested_at, accepted_at, started_at, finished_at) VALUES (30, 58, 18, 18, 40.39751297, -3.65408167, 'Paseo Silvio Bravo 717, Madrid', 40.4805642, -3.65719165, 'Avenida Teresita Tello 17, Madrid', 'completed', 9.23, 23, 15.85, 15.08, '2026-04-25 18:50:26', '2026-04-25 18:52:15', '2026-04-25 18:55:06', '2026-04-25 19:18:06');
INSERT INTO OFFER (offer_id, trip_id, driver_id, status, sent_at, responded_at) VALUES (91, 30, 18, 'accepted', '2026-04-25 18:50:31', '2026-04-25 18:52:15');
INSERT INTO PAYMENT (payment_id, trip_id, amount, platform_fee, driver_earnings, method, status, paid_at) VALUES (22, 30, 15.08, 3.02, 12.06, 'card', 'pending', NULL);

INSERT INTO TRIP (trip_id, rider_id, driver_id, vehicle_id, origin_lat, origin_lng, origin_address, dest_lat, dest_lng, dest_address, status, distance_km, duration_minutes, price_estimated, price_final, requested_at, accepted_at, started_at, finished_at) VALUES (31, 55, 49, 49, 40.40812576, -3.74929971, 'Vial Javier Zaragoza 713 Puerta 4 , Madrid', 40.47101993, -3.61123965, 'Callejón de Genoveva Monreal 66 Apt. 53 , Madrid', 'completed', 16.84, 35, 27.26, 28.31, '2026-04-25 18:51:32', '2026-04-25 18:55:22', '2026-04-25 18:58:58', '2026-04-25 19:33:58');
INSERT INTO OFFER (offer_id, trip_id, driver_id, status, sent_at, responded_at) VALUES (92, 31, 49, 'accepted', '2026-04-25 18:51:34', '2026-04-25 18:55:22');
INSERT INTO PAYMENT (payment_id, trip_id, amount, platform_fee, driver_earnings, method, status, paid_at) VALUES (23, 31, 28.31, 5.66, 22.65, 'wallet', 'completed', '2026-04-25 19:35:58');
INSERT INTO TRIP (trip_id, rider_id, driver_id, vehicle_id, origin_lat, origin_lng, origin_address, dest_lat, dest_lng, dest_address, status, distance_km, duration_minutes, price_estimated, price_final, requested_at, accepted_at, started_at, finished_at) VALUES (32, 89, 20, 20, 40.37934696, -3.66196598, 'Pasadizo de Curro Medina 570 Apt. 28 , Madrid', 40.49314405, -3.61303952, 'Callejón de Marco Jiménez 47, Madrid', 'completed', 13.75, 30, 22.62, 23.51, '2026-04-25 18:52:30', '2026-04-25 18:56:47', '2026-04-25 18:59:16', '2026-04-25 19:29:16');
INSERT INTO OFFER (offer_id, trip_id, driver_id, status, sent_at, responded_at) VALUES (93, 32, 20, 'accepted', '2026-04-25 18:52:34', '2026-04-25 18:56:47');
INSERT INTO OFFER (offer_id, trip_id, driver_id, status, sent_at, responded_at) VALUES (94, 32, 14, 'rejected', '2026-04-25 18:52:33', '2026-04-25 18:53:22');
INSERT INTO OFFER (offer_id, trip_id, driver_id, status, sent_at, responded_at) VALUES (95, 32, 19, 'rejected', '2026-04-25 18:52:31', '2026-04-25 18:52:50');
INSERT INTO OFFER (offer_id, trip_id, driver_id, status, sent_at, responded_at) VALUES (96, 32, 40, 'expired', '2026-04-25 18:52:33', NULL);
INSERT INTO PAYMENT (payment_id, trip_id, amount, platform_fee, driver_earnings, method, status, paid_at) VALUES (24, 32, 23.51, 4.7, 18.81, 'wallet', 'completed', '2026-04-25 19:30:16');
INSERT INTO TRIP (trip_id, rider_id, driver_id, vehicle_id, origin_lat, origin_lng, origin_address, dest_lat, dest_lng, dest_address, status, distance_km, duration_minutes, price_estimated, price_final, requested_at, accepted_at, started_at, finished_at) VALUES (33, 33, 34, 34, 40.45193612, -3.60686238, 'Glorieta de Esther Vázquez 71 Puerta 0 , Madrid', 40.40230504, -3.60233462, 'Via Oriana Arce 57, Madrid', 'completed', 5.53, 12, 10.29, 9.89, '2026-04-25 18:52:55', '2026-04-25 18:54:52', '2026-04-25 19:01:54', '2026-04-25 19:13:54');
INSERT INTO OFFER (offer_id, trip_id, driver_id, status, sent_at, responded_at) VALUES (97, 33, 34, 'accepted', '2026-04-25 18:52:57', '2026-04-25 18:54:52');
INSERT INTO OFFER (offer_id, trip_id, driver_id, status, sent_at, responded_at) VALUES (98, 33, 19, 'expired', '2026-04-25 18:52:57', NULL);
INSERT INTO OFFER (offer_id, trip_id, driver_id, status, sent_at, responded_at) VALUES (99, 33, 48, 'expired', '2026-04-25 18:53:00', NULL);
INSERT INTO OFFER (offer_id, trip_id, driver_id, status, sent_at, responded_at) VALUES (100, 33, 14, 'rejected', '2026-04-25 18:52:58', '2026-04-25 18:53:45');
INSERT INTO OFFER (offer_id, trip_id, driver_id, status, sent_at, responded_at) VALUES (101, 33, 16, 'expired', '2026-04-25 18:52:58', NULL);
INSERT INTO PAYMENT (payment_id, trip_id, amount, platform_fee, driver_earnings, method, status, paid_at) VALUES (25, 33, 9.89, 1.98, 7.91, 'card', 'completed', '2026-04-25 19:17:54');
INSERT INTO TRIP (trip_id, rider_id, driver_id, vehicle_id, origin_lat, origin_lng, origin_address, dest_lat, dest_lng, dest_address, status, distance_km, duration_minutes, price_estimated, price_final, requested_at, accepted_at, started_at, finished_at) VALUES (34, 40, 35, 35, 40.35915416, -3.71302634, 'Vial de Consuela Valverde 69 Puerta 1 , Madrid', 40.43474331, -3.74477085, 'Pasaje de Viviana Canals 69 Piso 8 , Madrid', 'completed', 9.1, 23, 15.65, 16.25, '2026-04-25 18:52:47', '2026-04-25 18:55:19', '2026-04-25 19:00:13', '2026-04-25 19:23:13');
INSERT INTO OFFER (offer_id, trip_id, driver_id, status, sent_at, responded_at) VALUES (102, 34, 35, 'accepted', '2026-04-25 18:52:50', '2026-04-25 18:55:19');
INSERT INTO OFFER (offer_id, trip_id, driver_id, status, sent_at, responded_at) VALUES (103, 34, 29, 'expired', '2026-04-25 18:52:51', NULL);
INSERT INTO OFFER (offer_id, trip_id, driver_id, status, sent_at, responded_at) VALUES (104, 34, 25, 'rejected', '2026-04-25 18:52:52', '2026-04-25 18:53:32');
INSERT INTO PAYMENT (payment_id, trip_id, amount, platform_fee, driver_earnings, method, status, paid_at) VALUES (26, 34, 16.25, 3.25, 13.0, 'wallet', 'completed', '2026-04-25 19:24:13');
INSERT INTO TRIP (trip_id, rider_id, driver_id, vehicle_id, origin_lat, origin_lng, origin_address, dest_lat, dest_lng, dest_address, status, distance_km, duration_minutes, price_estimated, price_final, requested_at, accepted_at, started_at, finished_at) VALUES (35, 53, 17, 17, 40.37113844, -3.62522928, 'Rambla de Jesús Atienza 57, Madrid', 40.39434233, -3.65239796, 'Rambla de Matías Viñas 755 Puerta 0 , Madrid', 'completed', 3.97, 11, 7.96, 7.7, '2026-04-25 18:51:38', '2026-04-25 18:55:42', '2026-04-25 18:58:45', '2026-04-25 19:09:45');
INSERT INTO OFFER (offer_id, trip_id, driver_id, status, sent_at, responded_at) VALUES (105, 35, 17, 'accepted', '2026-04-25 18:51:41', '2026-04-25 18:55:42');
INSERT INTO OFFER (offer_id, trip_id, driver_id, status, sent_at, responded_at) VALUES (106, 35, 30, 'expired', '2026-04-25 18:51:42', NULL);
INSERT INTO OFFER (offer_id, trip_id, driver_id, status, sent_at, responded_at) VALUES (107, 35, 33, 'rejected', '2026-04-25 18:51:42', '2026-04-25 18:51:56');
INSERT INTO PAYMENT (payment_id, trip_id, amount, platform_fee, driver_earnings, method, status, paid_at) VALUES (27, 35, 7.7, 1.54, 6.16, 'wallet', 'completed', '2026-04-25 19:12:45');
INSERT INTO TRIP (trip_id, rider_id, driver_id, vehicle_id, origin_lat, origin_lng, origin_address, dest_lat, dest_lng, dest_address, status, distance_km, duration_minutes, price_estimated, price_final, requested_at, accepted_at, started_at, finished_at) VALUES (36, 27, 4, 4, 40.4570935, -3.73489847, 'Avenida de Mireia Abascal 499, Madrid', 40.44170249, -3.69249313, 'Cañada de Soraya Pardo 940, Madrid', 'completed', 5.01, 11, 9.52, 9.19, '2026-04-25 18:50:58', '2026-04-25 18:55:21', '2026-04-25 19:05:10', '2026-04-25 19:16:10');
INSERT INTO OFFER (offer_id, trip_id, driver_id, status, sent_at, responded_at) VALUES (108, 36, 4, 'accepted', '2026-04-25 18:51:00', '2026-04-25 18:55:21');
INSERT INTO OFFER (offer_id, trip_id, driver_id, status, sent_at, responded_at) VALUES (109, 36, 28, 'expired', '2026-04-25 18:51:00', NULL);
INSERT INTO OFFER (offer_id, trip_id, driver_id, status, sent_at, responded_at) VALUES (110, 36, 26, 'rejected', '2026-04-25 18:51:01', '2026-04-25 18:51:55');
INSERT INTO PAYMENT (payment_id, trip_id, amount, platform_fee, driver_earnings, method, status, paid_at) VALUES (28, 36, 9.19, 1.84, 7.35, 'cash', 'completed', '2026-04-25 19:17:10');
INSERT INTO TRIP (trip_id, rider_id, driver_id, vehicle_id, origin_lat, origin_lng, origin_address, dest_lat, dest_lng, dest_address, status, distance_km, duration_minutes, price_estimated, price_final, requested_at, accepted_at, started_at, finished_at) VALUES (37, 47, 15, 15, 40.39832437, -3.72808769, 'Vial de Emma Alberdi 6, Madrid', 40.41272151, -3.63209964, 'Pasaje Casandra Morcillo 3 Apt. 13 , Madrid', 'completed', 10.77, 23, 18.16, 17.95, '2026-04-25 18:50:41', '2026-04-25 18:53:05', '2026-04-25 18:59:32', '2026-04-25 19:22:32');
INSERT INTO OFFER (offer_id, trip_id, driver_id, status, sent_at, responded_at) VALUES (111, 37, 15, 'accepted', '2026-04-25 18:50:44', '2026-04-25 18:53:05');
INSERT INTO OFFER (offer_id, trip_id, driver_id, status, sent_at, responded_at) VALUES (112, 37, 22, 'expired', '2026-04-25 18:50:43', NULL);
INSERT INTO OFFER (offer_id, trip_id, driver_id, status, sent_at, responded_at) VALUES (113, 37, 44, 'rejected', '2026-04-25 18:50:43', '2026-04-25 18:50:56');
INSERT INTO PAYMENT (payment_id, trip_id, amount, platform_fee, driver_earnings, method, status, paid_at) VALUES (29, 37, 17.95, 3.59, 14.36, 'card', 'completed', '2026-04-25 19:25:32');
INSERT INTO TRIP (trip_id, rider_id, driver_id, vehicle_id, origin_lat, origin_lng, origin_address, dest_lat, dest_lng, dest_address, status, distance_km, duration_minutes, price_estimated, price_final, requested_at, accepted_at, started_at, finished_at) VALUES (38, 40, 23, 23, 40.37842242, -3.71647655, 'Pasaje Alberto Sevillano 186, Madrid', 40.39512901, -3.64438846, 'Cañada Piedad Ballesteros 99, Madrid', 'completed', 8.21, 18, 14.32, 15.66, '2026-04-25 18:52:56', '2026-04-25 18:55:32', '2026-04-25 19:05:12', '2026-04-25 19:23:12');
INSERT INTO OFFER (offer_id, trip_id, driver_id, status, sent_at, responded_at) VALUES (114, 38, 25, 'expired', '2026-04-25 18:52:57', NULL);
INSERT INTO OFFER (offer_id, trip_id, driver_id, status, sent_at, responded_at) VALUES (115, 38, 23, 'accepted', '2026-04-25 18:52:59', '2026-04-25 18:55:32');
INSERT INTO OFFER (offer_id, trip_id, driver_id, status, sent_at, responded_at) VALUES (116, 38, 18, 'expired', '2026-04-25 18:52:57', NULL);
INSERT INTO OFFER (offer_id, trip_id, driver_id, status, sent_at, responded_at) VALUES (117, 38, 9, 'rejected', '2026-04-25 18:53:01', '2026-04-25 18:53:38');
INSERT INTO PAYMENT (payment_id, trip_id, amount, platform_fee, driver_earnings, method, status, paid_at) VALUES (30, 38, 15.66, 3.13, 12.53, 'wallet', 'completed', '2026-04-25 19:27:12');
INSERT INTO TRIP (trip_id, rider_id, driver_id, vehicle_id, origin_lat, origin_lng, origin_address, dest_lat, dest_lng, dest_address, status, distance_km, duration_minutes, price_estimated, price_final, requested_at, accepted_at, started_at, finished_at) VALUES (39, 79, 37, 37, 40.43411851, -3.61076159, 'Plaza Bernarda Font 82 Piso 2 , Madrid', 40.48093738, -3.70033101, 'Calle de Ruperta Córdoba 70, Madrid', 'completed', 11.22, 25, 18.83, 20.21, '2026-04-25 18:51:01', '2026-04-25 18:54:12', '2026-04-25 18:57:06', '2026-04-25 19:22:06');
INSERT INTO OFFER (offer_id, trip_id, driver_id, status, sent_at, responded_at) VALUES (118, 39, 37, 'accepted', '2026-04-25 18:51:02', '2026-04-25 18:54:12');
INSERT INTO PAYMENT (payment_id, trip_id, amount, platform_fee, driver_earnings, method, status, paid_at) VALUES (31, 39, 20.21, 4.04, 16.17, 'card', 'completed', '2026-04-25 19:24:06');
INSERT INTO TRIP (trip_id, rider_id, driver_id, vehicle_id, origin_lat, origin_lng, origin_address, dest_lat, dest_lng, dest_address, status, distance_km, duration_minutes, price_estimated, price_final, requested_at, accepted_at, started_at, finished_at) VALUES (40, 20, 29, 29, 40.37722796, -3.72363838, 'Rambla de Teodora Morales 637 Apt. 75 , Madrid', 40.38673778, -3.60894702, 'Paseo Trini Atienza 47 Apt. 41 , Madrid', 'completed', 12.77, 24, 21.16, 20.75, '2026-04-25 18:51:40', '2026-04-25 18:52:46', '2026-04-25 19:02:28', '2026-04-25 19:26:28');
INSERT INTO OFFER (offer_id, trip_id, driver_id, status, sent_at, responded_at) VALUES (119, 40, 29, 'accepted', '2026-04-25 18:51:45', '2026-04-25 18:52:46');
INSERT INTO PAYMENT (payment_id, trip_id, amount, platform_fee, driver_earnings, method, status, paid_at) VALUES (32, 40, 20.75, 4.15, 16.6, 'cash', 'pending', NULL);

INSERT INTO TRIP (trip_id, rider_id, driver_id, vehicle_id, origin_lat, origin_lng, origin_address, dest_lat, dest_lng, dest_address, status, distance_km, duration_minutes, price_estimated, price_final, requested_at, accepted_at, started_at, finished_at) VALUES (41, 24, 34, 34, 40.46424211, -3.70833394, 'Cuesta de Eugenia Gimeno 12 Piso 9 , Madrid', 40.38487667, -3.68602351, 'Pasadizo de Evaristo Figueroa 29 Apt. 38 , Madrid', 'completed', 9.15, 16, 15.73, 14.34, '2026-04-25 18:52:55', '2026-04-25 18:54:51', '2026-04-25 19:00:14', '2026-04-25 19:16:14');
INSERT INTO OFFER (offer_id, trip_id, driver_id, status, sent_at, responded_at) VALUES (120, 41, 34, 'accepted', '2026-04-25 18:52:59', '2026-04-25 18:54:51');
INSERT INTO OFFER (offer_id, trip_id, driver_id, status, sent_at, responded_at) VALUES (121, 41, 11, 'expired', '2026-04-25 18:52:56', NULL);
INSERT INTO OFFER (offer_id, trip_id, driver_id, status, sent_at, responded_at) VALUES (122, 41, 28, 'rejected', '2026-04-25 18:52:57', '2026-04-25 18:53:42');
INSERT INTO OFFER (offer_id, trip_id, driver_id, status, sent_at, responded_at) VALUES (123, 41, 2, 'rejected', '2026-04-25 18:52:56', '2026-04-25 18:53:33');
INSERT INTO OFFER (offer_id, trip_id, driver_id, status, sent_at, responded_at) VALUES (124, 41, 42, 'expired', '2026-04-25 18:52:59', NULL);
INSERT INTO PAYMENT (payment_id, trip_id, amount, platform_fee, driver_earnings, method, status, paid_at) VALUES (33, 41, 14.34, 2.87, 11.47, 'wallet', 'pending', NULL);
INSERT INTO TRIP (trip_id, rider_id, driver_id, vehicle_id, origin_lat, origin_lng, origin_address, dest_lat, dest_lng, dest_address, status, distance_km, duration_minutes, price_estimated, price_final, requested_at, accepted_at, started_at, finished_at) VALUES (42, 50, 47, 47, 40.40065477, -3.61508914, 'Plaza de Olivia Marín 4, Madrid', 40.37677323, -3.7405451, 'Callejón de Graciela Prieto 40, Madrid', 'completed', 14.18, 30, 23.27, 24.68, '2026-04-25 18:53:10', '2026-04-25 18:55:05', '2026-04-25 19:02:59', '2026-04-25 19:32:59');
INSERT INTO OFFER (offer_id, trip_id, driver_id, status, sent_at, responded_at) VALUES (125, 42, 47, 'accepted', '2026-04-25 18:53:12', '2026-04-25 18:55:05');
INSERT INTO OFFER (offer_id, trip_id, driver_id, status, sent_at, responded_at) VALUES (126, 42, 11, 'expired', '2026-04-25 18:53:13', NULL);
INSERT INTO OFFER (offer_id, trip_id, driver_id, status, sent_at, responded_at) VALUES (127, 42, 6, 'rejected', '2026-04-25 18:53:14', '2026-04-25 18:53:38');
INSERT INTO OFFER (offer_id, trip_id, driver_id, status, sent_at, responded_at) VALUES (128, 42, 31, 'expired', '2026-04-25 18:53:13', NULL);
INSERT INTO OFFER (offer_id, trip_id, driver_id, status, sent_at, responded_at) VALUES (129, 42, 33, 'rejected', '2026-04-25 18:53:14', '2026-04-25 18:53:45');
INSERT INTO PAYMENT (payment_id, trip_id, amount, platform_fee, driver_earnings, method, status, paid_at) VALUES (34, 42, 24.68, 4.94, 19.74, 'card', 'pending', NULL);
INSERT INTO TRIP (trip_id, rider_id, driver_id, vehicle_id, origin_lat, origin_lng, origin_address, dest_lat, dest_lng, dest_address, status, distance_km, duration_minutes, price_estimated, price_final, requested_at, accepted_at, started_at, finished_at) VALUES (43, 79, 35, 35, 40.45977248, -3.71760177, 'C. de Susana Cabañas 4, Madrid', 40.42446427, -3.64934241, 'Via Clementina Cuenca 28 Puerta 5 , Madrid', 'completed', 8.53, 17, 14.79, 16.07, '2026-04-25 18:51:28', '2026-04-25 18:54:04', '2026-04-25 19:01:42', '2026-04-25 19:18:42');
INSERT INTO OFFER (offer_id, trip_id, driver_id, status, sent_at, responded_at) VALUES (130, 43, 35, 'accepted', '2026-04-25 18:51:33', '2026-04-25 18:54:04');
INSERT INTO PAYMENT (payment_id, trip_id, amount, platform_fee, driver_earnings, method, status, paid_at) VALUES (35, 43, 16.07, 3.21, 12.86, 'cash', 'pending', NULL);
INSERT INTO TRIP (trip_id, rider_id, driver_id, vehicle_id, origin_lat, origin_lng, origin_address, dest_lat, dest_lng, dest_address, status, distance_km, duration_minutes, price_estimated, price_final, requested_at, accepted_at, started_at, finished_at) VALUES (44, 58, 33, 33, 40.39320886, -3.7399764, 'Pasadizo de Vera Cisneros 6, Madrid', 40.46573869, -3.63637021, 'Acceso Marcial Montoya 14, Madrid', 'completed', 14.04, 26, 23.06, 21.21, '2026-04-25 18:50:42', '2026-04-25 18:52:35', '2026-04-25 19:00:44', '2026-04-25 19:26:44');
INSERT INTO OFFER (offer_id, trip_id, driver_id, status, sent_at, responded_at) VALUES (131, 44, 33, 'accepted', '2026-04-25 18:50:45', '2026-04-25 18:52:35');
INSERT INTO PAYMENT (payment_id, trip_id, amount, platform_fee, driver_earnings, method, status, paid_at) VALUES (36, 44, 21.21, 4.24, 16.97, 'cash', 'completed', '2026-04-25 19:28:44');
INSERT INTO TRIP (trip_id, rider_id, driver_id, vehicle_id, origin_lat, origin_lng, origin_address, dest_lat, dest_lng, dest_address, status, distance_km, duration_minutes, price_estimated, price_final, requested_at, accepted_at, started_at, finished_at) VALUES (45, 10, 3, 3, 40.35104549, -3.69663385, 'Ronda Adelia Blázquez 3 Apt. 84 , Madrid', 40.41948213, -3.73129878, 'Rambla de Lucila Cabezas 4 Piso 3 , Madrid', 'completed', 8.52, 19, 14.78, 14.11, '2026-04-25 18:51:18', '2026-04-25 18:53:12', '2026-04-25 18:55:51', '2026-04-25 19:14:51');
INSERT INTO OFFER (offer_id, trip_id, driver_id, status, sent_at, responded_at) VALUES (132, 45, 3, 'accepted', '2026-04-25 18:51:20', '2026-04-25 18:53:12');
INSERT INTO OFFER (offer_id, trip_id, driver_id, status, sent_at, responded_at) VALUES (133, 45, 20, 'rejected', '2026-04-25 18:51:21', '2026-04-25 18:51:37');
INSERT INTO OFFER (offer_id, trip_id, driver_id, status, sent_at, responded_at) VALUES (134, 45, 7, 'rejected', '2026-04-25 18:51:22', '2026-04-25 18:51:57');
INSERT INTO OFFER (offer_id, trip_id, driver_id, status, sent_at, responded_at) VALUES (135, 45, 4, 'rejected', '2026-04-25 18:51:19', '2026-04-25 18:51:50');
INSERT INTO OFFER (offer_id, trip_id, driver_id, status, sent_at, responded_at) VALUES (136, 45, 17, 'expired', '2026-04-25 18:51:22', NULL);
INSERT INTO PAYMENT (payment_id, trip_id, amount, platform_fee, driver_earnings, method, status, paid_at) VALUES (37, 45, 14.11, 2.82, 11.29, 'card', 'completed', '2026-04-25 19:14:51');
INSERT INTO TRIP (trip_id, rider_id, driver_id, vehicle_id, origin_lat, origin_lng, origin_address, dest_lat, dest_lng, dest_address, status, distance_km, duration_minutes, price_estimated, price_final, requested_at, accepted_at, started_at, finished_at) VALUES (46, 67, 18, 18, 40.38684775, -3.67907278, 'Alameda de Ani Larrañaga 1 Apt. 44 , Madrid', 40.36020377, -3.70241715, 'Pasaje Manuelita Blanca 71, Madrid', 'completed', 3.93, 7, 7.9, 7.83, '2026-04-25 18:51:55', '2026-04-25 18:56:51', '2026-04-25 19:02:27', '2026-04-25 19:09:27');
INSERT INTO OFFER (offer_id, trip_id, driver_id, status, sent_at, responded_at) VALUES (137, 46, 18, 'accepted', '2026-04-25 18:51:58', '2026-04-25 18:56:51');
INSERT INTO PAYMENT (payment_id, trip_id, amount, platform_fee, driver_earnings, method, status, paid_at) VALUES (38, 46, 7.83, 1.57, 6.26, 'wallet', 'pending', NULL);
INSERT INTO TRIP (trip_id, rider_id, driver_id, vehicle_id, origin_lat, origin_lng, origin_address, dest_lat, dest_lng, dest_address, status, distance_km, duration_minutes, price_estimated, price_final, requested_at, accepted_at, started_at, finished_at) VALUES (47, 57, 48, 48, 40.49731846, -3.66311034, 'Calle de María Jesús Rosa 10, Madrid', 40.47929548, -3.61817109, 'Acceso de Ramón Cobo 60 Piso 2 , Madrid', 'completed', 5.37, 10, 10.05, 10.41, '2026-04-25 18:50:32', '2026-04-25 18:55:00', '2026-04-25 19:03:21', '2026-04-25 19:13:21');
INSERT INTO OFFER (offer_id, trip_id, driver_id, status, sent_at, responded_at) VALUES (138, 47, 48, 'accepted', '2026-04-25 18:50:34', '2026-04-25 18:55:00');
INSERT INTO OFFER (offer_id, trip_id, driver_id, status, sent_at, responded_at) VALUES (139, 47, 26, 'expired', '2026-04-25 18:50:33', NULL);
INSERT INTO OFFER (offer_id, trip_id, driver_id, status, sent_at, responded_at) VALUES (140, 47, 47, 'expired', '2026-04-25 18:50:35', NULL);
INSERT INTO OFFER (offer_id, trip_id, driver_id, status, sent_at, responded_at) VALUES (141, 47, 2, 'expired', '2026-04-25 18:50:33', NULL);
INSERT INTO PAYMENT (payment_id, trip_id, amount, platform_fee, driver_earnings, method, status, paid_at) VALUES (39, 47, 10.41, 2.08, 8.33, 'wallet', 'completed', '2026-04-25 19:14:21');
INSERT INTO TRIP (trip_id, rider_id, driver_id, vehicle_id, origin_lat, origin_lng, origin_address, dest_lat, dest_lng, dest_address, status, distance_km, duration_minutes, price_estimated, price_final, requested_at, accepted_at, started_at, finished_at) VALUES (48, 11, NULL, NULL, 40.43347934, -3.73634245, 'Cañada Rita Cuervo 93, Madrid', 40.47367697, -3.73971778, 'Paseo Marisol Belda 67, Madrid', 'cancelled', 4.48, NULL, 8.72, NULL, '2026-04-25 18:52:30', NULL, NULL, NULL);
INSERT INTO OFFER (offer_id, trip_id, driver_id, status, sent_at, responded_at) VALUES (142, 48, 2, 'rejected', '2026-04-25 18:52:33', '2026-04-25 18:53:19');
INSERT INTO OFFER (offer_id, trip_id, driver_id, status, sent_at, responded_at) VALUES (143, 48, 24, 'rejected', '2026-04-25 18:52:35', '2026-04-25 18:53:04');
INSERT INTO OFFER (offer_id, trip_id, driver_id, status, sent_at, responded_at) VALUES (144, 48, 39, 'rejected', '2026-04-25 18:52:31', '2026-04-25 18:53:13');
INSERT INTO TRIP (trip_id, rider_id, driver_id, vehicle_id, origin_lat, origin_lng, origin_address, dest_lat, dest_lng, dest_address, status, distance_km, duration_minutes, price_estimated, price_final, requested_at, accepted_at, started_at, finished_at) VALUES (49, 34, 21, 21, 40.47801994, -3.60353312, 'Paseo Loida Tenorio 519, Madrid', 40.48352341, -3.68168914, 'Alameda Alicia Casanovas 23, Madrid', 'completed', 8.7, 22, 15.05, 15.49, '2026-04-25 18:51:57', '2026-04-25 18:55:52', '2026-04-25 19:00:39', '2026-04-25 19:22:39');
INSERT INTO OFFER (offer_id, trip_id, driver_id, status, sent_at, responded_at) VALUES (145, 49, 21, 'accepted', '2026-04-25 18:51:59', '2026-04-25 18:55:52');
INSERT INTO PAYMENT (payment_id, trip_id, amount, platform_fee, driver_earnings, method, status, paid_at) VALUES (40, 49, 15.49, 3.1, 12.39, 'card', 'pending', NULL);
INSERT INTO TRIP (trip_id, rider_id, driver_id, vehicle_id, origin_lat, origin_lng, origin_address, dest_lat, dest_lng, dest_address, status, distance_km, duration_minutes, price_estimated, price_final, requested_at, accepted_at, started_at, finished_at) VALUES (50, 3, 45, 45, 40.46464519, -3.68966398, 'C. de Teresa Batalla 42, Madrid', 40.47689743, -3.66299293, 'Acceso Juliana Zurita 65 Piso 2 , Madrid', 'completed', 3.26, 5, 6.89, 7.19, '2026-04-25 18:50:51', '2026-04-25 18:53:54', '2026-04-25 19:01:07', '2026-04-25 19:06:07');
INSERT INTO OFFER (offer_id, trip_id, driver_id, status, sent_at, responded_at) VALUES (146, 50, 45, 'accepted', '2026-04-25 18:50:55', '2026-04-25 18:53:54');
INSERT INTO OFFER (offer_id, trip_id, driver_id, status, sent_at, responded_at) VALUES (147, 50, 47, 'expired', '2026-04-25 18:50:52', NULL);
INSERT INTO OFFER (offer_id, trip_id, driver_id, status, sent_at, responded_at) VALUES (148, 50, 3, 'expired', '2026-04-25 18:50:55', NULL);
INSERT INTO PAYMENT (payment_id, trip_id, amount, platform_fee, driver_earnings, method, status, paid_at) VALUES (41, 50, 7.19, 1.44, 5.75, 'card', 'completed', '2026-04-25 19:11:07');

INSERT INTO TRIP (trip_id, rider_id, driver_id, vehicle_id, origin_lat, origin_lng, origin_address, dest_lat, dest_lng, dest_address, status, distance_km, duration_minutes, price_estimated, price_final, requested_at, accepted_at, started_at, finished_at) VALUES (51, 72, 2, 2, 40.37866358, -3.69994136, 'Urbanización Jose Carlos Campo 8, Madrid', 40.36604229, -3.64399408, 'Cañada de Amancio Coca 573, Madrid', 'completed', 6.37, 14, 11.55, 10.63, '2026-04-25 18:52:40', '2026-04-25 18:56:09', '2026-04-25 19:06:04', '2026-04-25 19:20:04');
INSERT INTO OFFER (offer_id, trip_id, driver_id, status, sent_at, responded_at) VALUES (149, 51, 2, 'accepted', '2026-04-25 18:52:44', '2026-04-25 18:56:09');
INSERT INTO PAYMENT (payment_id, trip_id, amount, platform_fee, driver_earnings, method, status, paid_at) VALUES (42, 51, 10.63, 2.13, 8.5, 'wallet', 'completed', '2026-04-25 19:20:04');
INSERT INTO TRIP (trip_id, rider_id, driver_id, vehicle_id, origin_lat, origin_lng, origin_address, dest_lat, dest_lng, dest_address, status, distance_km, duration_minutes, price_estimated, price_final, requested_at, accepted_at, started_at, finished_at) VALUES (52, 40, 31, 31, 40.48836584, -3.73267393, 'Paseo de Fortunata Casares 6, Madrid', 40.36218168, -3.63145129, 'Calle Narcisa Cortes 478, Madrid', 'completed', 17.96, 39, 28.94, 29.29, '2026-04-25 18:51:14', '2026-04-25 18:54:49', '2026-04-25 18:59:48', '2026-04-25 19:38:48');
INSERT INTO OFFER (offer_id, trip_id, driver_id, status, sent_at, responded_at) VALUES (150, 52, 31, 'accepted', '2026-04-25 18:51:19', '2026-04-25 18:54:49');
INSERT INTO OFFER (offer_id, trip_id, driver_id, status, sent_at, responded_at) VALUES (151, 52, 39, 'rejected', '2026-04-25 18:51:19', '2026-04-25 18:51:24');
INSERT INTO OFFER (offer_id, trip_id, driver_id, status, sent_at, responded_at) VALUES (152, 52, 33, 'expired', '2026-04-25 18:51:19', NULL);
INSERT INTO OFFER (offer_id, trip_id, driver_id, status, sent_at, responded_at) VALUES (153, 52, 1, 'rejected', '2026-04-25 18:51:15', '2026-04-25 18:52:03');
INSERT INTO PAYMENT (payment_id, trip_id, amount, platform_fee, driver_earnings, method, status, paid_at) VALUES (43, 52, 29.29, 5.86, 23.43, 'cash', 'completed', '2026-04-25 19:38:48');
INSERT INTO TRIP (trip_id, rider_id, driver_id, vehicle_id, origin_lat, origin_lng, origin_address, dest_lat, dest_lng, dest_address, status, distance_km, duration_minutes, price_estimated, price_final, requested_at, accepted_at, started_at, finished_at) VALUES (53, 13, 35, 35, 40.48767594, -3.65665062, 'Glorieta de Dionisia Bueno 553, Madrid', 40.36150308, -3.61299432, 'Calle Custodia Prat 59 Puerta 3 , Madrid', 'completed', 14.82, 32, 24.23, 26.58, '2026-04-25 18:51:29', '2026-04-25 18:55:11', '2026-04-25 19:02:45', '2026-04-25 19:34:45');
INSERT INTO OFFER (offer_id, trip_id, driver_id, status, sent_at, responded_at) VALUES (154, 53, 35, 'accepted', '2026-04-25 18:51:34', '2026-04-25 18:55:11');
INSERT INTO OFFER (offer_id, trip_id, driver_id, status, sent_at, responded_at) VALUES (155, 53, 13, 'rejected', '2026-04-25 18:51:30', '2026-04-25 18:51:39');
INSERT INTO OFFER (offer_id, trip_id, driver_id, status, sent_at, responded_at) VALUES (156, 53, 29, 'rejected', '2026-04-25 18:51:31', '2026-04-25 18:52:04');
INSERT INTO OFFER (offer_id, trip_id, driver_id, status, sent_at, responded_at) VALUES (157, 53, 32, 'rejected', '2026-04-25 18:51:32', '2026-04-25 18:52:09');
INSERT INTO OFFER (offer_id, trip_id, driver_id, status, sent_at, responded_at) VALUES (158, 53, 39, 'expired', '2026-04-25 18:51:33', NULL);
INSERT INTO PAYMENT (payment_id, trip_id, amount, platform_fee, driver_earnings, method, status, paid_at) VALUES (44, 53, 26.58, 5.32, 21.26, 'card', 'pending', NULL);
INSERT INTO TRIP (trip_id, rider_id, driver_id, vehicle_id, origin_lat, origin_lng, origin_address, dest_lat, dest_lng, dest_address, status, distance_km, duration_minutes, price_estimated, price_final, requested_at, accepted_at, started_at, finished_at) VALUES (54, 52, 6, 6, 40.40044182, -3.62437016, 'Rambla Eloísa Luna 8, Madrid', 40.46310299, -3.63308829, 'Via Amarilis Llabrés 4, Madrid', 'completed', 7.02, 19, 12.53, 12.11, '2026-04-25 18:53:09', '2026-04-25 18:57:57', '2026-04-25 19:04:39', '2026-04-25 19:23:39');
INSERT INTO OFFER (offer_id, trip_id, driver_id, status, sent_at, responded_at) VALUES (159, 54, 6, 'accepted', '2026-04-25 18:53:13', '2026-04-25 18:57:57');
INSERT INTO OFFER (offer_id, trip_id, driver_id, status, sent_at, responded_at) VALUES (160, 54, 38, 'rejected', '2026-04-25 18:53:13', '2026-04-25 18:53:31');
INSERT INTO OFFER (offer_id, trip_id, driver_id, status, sent_at, responded_at) VALUES (161, 54, 1, 'expired', '2026-04-25 18:53:13', NULL);
INSERT INTO OFFER (offer_id, trip_id, driver_id, status, sent_at, responded_at) VALUES (162, 54, 22, 'rejected', '2026-04-25 18:53:14', '2026-04-25 18:53:59');
INSERT INTO PAYMENT (payment_id, trip_id, amount, platform_fee, driver_earnings, method, status, paid_at) VALUES (45, 54, 12.11, 2.42, 9.69, 'card', 'completed', '2026-04-25 19:26:39');
INSERT INTO TRIP (trip_id, rider_id, driver_id, vehicle_id, origin_lat, origin_lng, origin_address, dest_lat, dest_lng, dest_address, status, distance_km, duration_minutes, price_estimated, price_final, requested_at, accepted_at, started_at, finished_at) VALUES (55, 33, 47, 47, 40.48996243, -3.74695935, 'Acceso de Valentina Bautista 6 Piso 1 , Madrid', 40.42871544, -3.60888986, 'Pasaje de Candelaria Correa 43 Apt. 83 , Madrid', 'completed', 16.77, 36, 27.16, 28.89, '2026-04-25 18:51:16', '2026-04-25 18:55:02', '2026-04-25 18:57:32', '2026-04-25 19:33:32');
INSERT INTO OFFER (offer_id, trip_id, driver_id, status, sent_at, responded_at) VALUES (163, 55, 47, 'accepted', '2026-04-25 18:51:21', '2026-04-25 18:55:02');
INSERT INTO PAYMENT (payment_id, trip_id, amount, platform_fee, driver_earnings, method, status, paid_at) VALUES (46, 55, 28.89, 5.78, 23.11, 'card', 'completed', '2026-04-25 19:38:32');
INSERT INTO TRIP (trip_id, rider_id, driver_id, vehicle_id, origin_lat, origin_lng, origin_address, dest_lat, dest_lng, dest_address, status, distance_km, duration_minutes, price_estimated, price_final, requested_at, accepted_at, started_at, finished_at) VALUES (56, 61, 10, 10, 40.39232329, -3.72231022, 'Cuesta de Ariadna Pozo 767 Puerta 3 , Madrid', 40.48796352, -3.60707258, 'Via de Soraya Tejada 7 Puerta 5 , Madrid', 'completed', 16.62, 34, 26.93, 28.84, '2026-04-25 18:53:11', '2026-04-25 18:56:11', '2026-04-25 19:01:24', '2026-04-25 19:35:24');
INSERT INTO OFFER (offer_id, trip_id, driver_id, status, sent_at, responded_at) VALUES (164, 56, 10, 'accepted', '2026-04-25 18:53:16', '2026-04-25 18:56:11');
INSERT INTO OFFER (offer_id, trip_id, driver_id, status, sent_at, responded_at) VALUES (165, 56, 5, 'expired', '2026-04-25 18:53:15', NULL);
INSERT INTO OFFER (offer_id, trip_id, driver_id, status, sent_at, responded_at) VALUES (166, 56, 23, 'rejected', '2026-04-25 18:53:13', '2026-04-25 18:53:49');
INSERT INTO OFFER (offer_id, trip_id, driver_id, status, sent_at, responded_at) VALUES (167, 56, 45, 'rejected', '2026-04-25 18:53:16', '2026-04-25 18:53:25');
INSERT INTO OFFER (offer_id, trip_id, driver_id, status, sent_at, responded_at) VALUES (168, 56, 33, 'expired', '2026-04-25 18:53:13', NULL);
INSERT INTO PAYMENT (payment_id, trip_id, amount, platform_fee, driver_earnings, method, status, paid_at) VALUES (47, 56, 28.84, 5.77, 23.07, 'card', 'completed', '2026-04-25 19:38:24');
INSERT INTO TRIP (trip_id, rider_id, driver_id, vehicle_id, origin_lat, origin_lng, origin_address, dest_lat, dest_lng, dest_address, status, distance_km, duration_minutes, price_estimated, price_final, requested_at, accepted_at, started_at, finished_at) VALUES (57, 81, 36, 36, 40.45831158, -3.73896127, 'Plaza Patricia Madrigal 83, Madrid', 40.41375326, -3.6516209, 'Alameda Tania Segovia 14, Madrid', 'completed', 10.88, 25, 18.32, 17.45, '2026-04-25 18:50:44', '2026-04-25 18:55:18', '2026-04-25 18:59:05', '2026-04-25 19:24:05');
INSERT INTO OFFER (offer_id, trip_id, driver_id, status, sent_at, responded_at) VALUES (169, 57, 36, 'accepted', '2026-04-25 18:50:46', '2026-04-25 18:55:18');
INSERT INTO PAYMENT (payment_id, trip_id, amount, platform_fee, driver_earnings, method, status, paid_at) VALUES (48, 57, 17.45, 3.49, 13.96, 'card', 'pending', NULL);
INSERT INTO TRIP (trip_id, rider_id, driver_id, vehicle_id, origin_lat, origin_lng, origin_address, dest_lat, dest_lng, dest_address, status, distance_km, duration_minutes, price_estimated, price_final, requested_at, accepted_at, started_at, finished_at) VALUES (58, 2, 50, 50, 40.35563431, -3.7428693, 'Acceso Herberto Tejada 26, Madrid', 40.48185274, -3.7232812, 'Glorieta Jimena Gárate 6 Piso 7 , Madrid', 'completed', 14.18, 31, 23.27, 24.28, '2026-04-25 18:50:29', '2026-04-25 18:51:46', '2026-04-25 18:55:32', '2026-04-25 19:26:32');
INSERT INTO OFFER (offer_id, trip_id, driver_id, status, sent_at, responded_at) VALUES (170, 58, 50, 'accepted', '2026-04-25 18:50:33', '2026-04-25 18:51:46');
INSERT INTO OFFER (offer_id, trip_id, driver_id, status, sent_at, responded_at) VALUES (171, 58, 17, 'rejected', '2026-04-25 18:50:32', '2026-04-25 18:51:12');
INSERT INTO OFFER (offer_id, trip_id, driver_id, status, sent_at, responded_at) VALUES (172, 58, 40, 'expired', '2026-04-25 18:50:32', NULL);
INSERT INTO OFFER (offer_id, trip_id, driver_id, status, sent_at, responded_at) VALUES (173, 58, 4, 'expired', '2026-04-25 18:50:34', NULL);
INSERT INTO PAYMENT (payment_id, trip_id, amount, platform_fee, driver_earnings, method, status, paid_at) VALUES (49, 58, 24.28, 4.86, 19.42, 'card', 'completed', '2026-04-25 19:27:32');
INSERT INTO TRIP (trip_id, rider_id, driver_id, vehicle_id, origin_lat, origin_lng, origin_address, dest_lat, dest_lng, dest_address, status, distance_km, duration_minutes, price_estimated, price_final, requested_at, accepted_at, started_at, finished_at) VALUES (59, 52, 5, 5, 40.44336689, -3.61951192, 'Paseo de Basilio Alfonso 43 Apt. 83 , Madrid', 40.39373868, -3.67364962, 'Paseo Antonia Saura 5 Apt. 31 , Madrid', 'cancelled', 8.15, NULL, 14.23, NULL, '2026-04-25 18:51:30', '2026-04-25 18:54:37', NULL, NULL);
INSERT INTO OFFER (offer_id, trip_id, driver_id, status, sent_at, responded_at) VALUES (174, 59, 5, 'accepted', '2026-04-25 18:51:31', '2026-04-25 18:54:37');
INSERT INTO OFFER (offer_id, trip_id, driver_id, status, sent_at, responded_at) VALUES (175, 59, 35, 'rejected', '2026-04-25 18:51:33', '2026-04-25 18:51:54');
INSERT INTO OFFER (offer_id, trip_id, driver_id, status, sent_at, responded_at) VALUES (176, 59, 34, 'rejected', '2026-04-25 18:51:31', '2026-04-25 18:51:41');
INSERT INTO OFFER (offer_id, trip_id, driver_id, status, sent_at, responded_at) VALUES (177, 59, 45, 'expired', '2026-04-25 18:51:34', NULL);
INSERT INTO TRIP (trip_id, rider_id, driver_id, vehicle_id, origin_lat, origin_lng, origin_address, dest_lat, dest_lng, dest_address, status, distance_km, duration_minutes, price_estimated, price_final, requested_at, accepted_at, started_at, finished_at) VALUES (60, 32, 44, 44, 40.3897306, -3.71988796, 'Cuesta Ema Mínguez 27 Apt. 16 , Madrid', 40.49237389, -3.64774327, 'Cañada Sabina Hoyos 62, Madrid', 'completed', 13.93, 32, 22.89, 22.41, '2026-04-25 18:51:55', '2026-04-25 18:55:43', '2026-04-25 19:00:04', '2026-04-25 19:32:04');
INSERT INTO OFFER (offer_id, trip_id, driver_id, status, sent_at, responded_at) VALUES (178, 60, 44, 'accepted', '2026-04-25 18:52:00', '2026-04-25 18:55:43');
INSERT INTO OFFER (offer_id, trip_id, driver_id, status, sent_at, responded_at) VALUES (179, 60, 3, 'expired', '2026-04-25 18:52:00', NULL);
INSERT INTO OFFER (offer_id, trip_id, driver_id, status, sent_at, responded_at) VALUES (180, 60, 22, 'rejected', '2026-04-25 18:52:00', '2026-04-25 18:52:21');
INSERT INTO PAYMENT (payment_id, trip_id, amount, platform_fee, driver_earnings, method, status, paid_at) VALUES (50, 60, 22.41, 4.48, 17.93, 'card', 'completed', '2026-04-25 19:35:04');

INSERT INTO TRIP (trip_id, rider_id, driver_id, vehicle_id, origin_lat, origin_lng, origin_address, dest_lat, dest_lng, dest_address, status, distance_km, duration_minutes, price_estimated, price_final, requested_at, accepted_at, started_at, finished_at) VALUES (61, 7, 19, 19, 40.4335868, -3.6153397, 'Urbanización Juan Luis Padilla 46, Madrid', 40.40354751, -3.63672806, 'Calle de Fortunato Andrade 32, Madrid', 'completed', 4.09, 9, 8.13, 8.57, '2026-04-25 18:51:01', '2026-04-25 18:55:55', '2026-04-25 19:05:05', '2026-04-25 19:14:05');
INSERT INTO OFFER (offer_id, trip_id, driver_id, status, sent_at, responded_at) VALUES (181, 61, 19, 'accepted', '2026-04-25 18:51:06', '2026-04-25 18:55:55');
INSERT INTO OFFER (offer_id, trip_id, driver_id, status, sent_at, responded_at) VALUES (182, 61, 6, 'rejected', '2026-04-25 18:51:04', '2026-04-25 18:51:40');
INSERT INTO OFFER (offer_id, trip_id, driver_id, status, sent_at, responded_at) VALUES (183, 61, 29, 'expired', '2026-04-25 18:51:04', NULL);
INSERT INTO OFFER (offer_id, trip_id, driver_id, status, sent_at, responded_at) VALUES (184, 61, 31, 'expired', '2026-04-25 18:51:06', NULL);
INSERT INTO OFFER (offer_id, trip_id, driver_id, status, sent_at, responded_at) VALUES (185, 61, 46, 'rejected', '2026-04-25 18:51:03', '2026-04-25 18:51:50');
INSERT INTO PAYMENT (payment_id, trip_id, amount, platform_fee, driver_earnings, method, status, paid_at) VALUES (51, 61, 8.57, 1.71, 6.86, 'wallet', 'completed', '2026-04-25 19:19:05');
INSERT INTO TRIP (trip_id, rider_id, driver_id, vehicle_id, origin_lat, origin_lng, origin_address, dest_lat, dest_lng, dest_address, status, distance_km, duration_minutes, price_estimated, price_final, requested_at, accepted_at, started_at, finished_at) VALUES (62, 75, 15, 15, 40.37467591, -3.62159723, 'Callejón Rocío Gámez 540, Madrid', 40.41734256, -3.68672923, 'Camino Amanda Salinas 27 Apt. 24 , Madrid', 'completed', 8.64, 16, 14.96, 15.14, '2026-04-25 18:51:47', '2026-04-25 18:52:49', '2026-04-25 18:56:54', '2026-04-25 19:12:54');
INSERT INTO OFFER (offer_id, trip_id, driver_id, status, sent_at, responded_at) VALUES (186, 62, 15, 'accepted', '2026-04-25 18:51:51', '2026-04-25 18:52:49');
INSERT INTO OFFER (offer_id, trip_id, driver_id, status, sent_at, responded_at) VALUES (187, 62, 38, 'expired', '2026-04-25 18:51:52', NULL);
INSERT INTO OFFER (offer_id, trip_id, driver_id, status, sent_at, responded_at) VALUES (188, 62, 10, 'expired', '2026-04-25 18:51:49', NULL);
INSERT INTO OFFER (offer_id, trip_id, driver_id, status, sent_at, responded_at) VALUES (189, 62, 28, 'rejected', '2026-04-25 18:51:48', '2026-04-25 18:52:23');
INSERT INTO PAYMENT (payment_id, trip_id, amount, platform_fee, driver_earnings, method, status, paid_at) VALUES (52, 62, 15.14, 3.03, 12.11, 'cash', 'completed', '2026-04-25 19:12:54');
INSERT INTO TRIP (trip_id, rider_id, driver_id, vehicle_id, origin_lat, origin_lng, origin_address, dest_lat, dest_lng, dest_address, status, distance_km, duration_minutes, price_estimated, price_final, requested_at, accepted_at, started_at, finished_at) VALUES (63, 46, 19, 19, 40.47950919, -3.69938445, 'Cañada Baltasar Reguera 808, Madrid', 40.35444372, -3.65678, 'Alameda de Silvio Vázquez 95, Madrid', 'completed', 14.67, 33, 24.0, 24.89, '2026-04-25 18:52:04', '2026-04-25 18:56:51', '2026-04-25 19:01:00', '2026-04-25 19:34:00');
INSERT INTO OFFER (offer_id, trip_id, driver_id, status, sent_at, responded_at) VALUES (190, 63, 19, 'accepted', '2026-04-25 18:52:05', '2026-04-25 18:56:51');
INSERT INTO PAYMENT (payment_id, trip_id, amount, platform_fee, driver_earnings, method, status, paid_at) VALUES (53, 63, 24.89, 4.98, 19.91, 'cash', 'completed', '2026-04-25 19:38:00');
INSERT INTO TRIP (trip_id, rider_id, driver_id, vehicle_id, origin_lat, origin_lng, origin_address, dest_lat, dest_lng, dest_address, status, distance_km, duration_minutes, price_estimated, price_final, requested_at, accepted_at, started_at, finished_at) VALUES (64, 9, 24, 24, 40.38461421, -3.60706591, 'Cuesta Julia Tolosa 91 Piso 0 , Madrid', 40.35394095, -3.7340097, 'Urbanización de Toño Cornejo 63 Piso 6 , Madrid', 'completed', 14.5, 30, 23.75, 24.23, '2026-04-25 18:53:03', '2026-04-25 18:54:17', '2026-04-25 18:57:04', '2026-04-25 19:27:04');
INSERT INTO OFFER (offer_id, trip_id, driver_id, status, sent_at, responded_at) VALUES (191, 64, 24, 'accepted', '2026-04-25 18:53:07', '2026-04-25 18:54:17');
INSERT INTO OFFER (offer_id, trip_id, driver_id, status, sent_at, responded_at) VALUES (192, 64, 1, 'rejected', '2026-04-25 18:53:04', '2026-04-25 18:53:18');
INSERT INTO OFFER (offer_id, trip_id, driver_id, status, sent_at, responded_at) VALUES (193, 64, 15, 'expired', '2026-04-25 18:53:08', NULL);
INSERT INTO OFFER (offer_id, trip_id, driver_id, status, sent_at, responded_at) VALUES (194, 64, 8, 'expired', '2026-04-25 18:53:08', NULL);
INSERT INTO PAYMENT (payment_id, trip_id, amount, platform_fee, driver_earnings, method, status, paid_at) VALUES (54, 64, 24.23, 4.85, 19.38, 'wallet', 'completed', '2026-04-25 19:29:04');
INSERT INTO TRIP (trip_id, rider_id, driver_id, vehicle_id, origin_lat, origin_lng, origin_address, dest_lat, dest_lng, dest_address, status, distance_km, duration_minutes, price_estimated, price_final, requested_at, accepted_at, started_at, finished_at) VALUES (65, 30, 17, 17, 40.41288313, -3.74284599, 'Cañada Feliciana Verdugo 6 Puerta 7 , Madrid', 40.42198074, -3.65507154, 'Rambla Albert Jove 115, Madrid', 'completed', 9.8, 17, 16.7, 15.69, '2026-04-25 18:53:05', '2026-04-25 18:54:39', '2026-04-25 19:04:37', '2026-04-25 19:21:37');
INSERT INTO OFFER (offer_id, trip_id, driver_id, status, sent_at, responded_at) VALUES (195, 65, 17, 'accepted', '2026-04-25 18:53:08', '2026-04-25 18:54:39');
INSERT INTO PAYMENT (payment_id, trip_id, amount, platform_fee, driver_earnings, method, status, paid_at) VALUES (55, 65, 15.69, 3.14, 12.55, 'wallet', 'completed', '2026-04-25 19:25:37');
INSERT INTO TRIP (trip_id, rider_id, driver_id, vehicle_id, origin_lat, origin_lng, origin_address, dest_lat, dest_lng, dest_address, status, distance_km, duration_minutes, price_estimated, price_final, requested_at, accepted_at, started_at, finished_at) VALUES (66, 14, NULL, NULL, 40.38355743, -3.74555855, 'Alameda Abraham Cámara 4, Madrid', 40.46328749, -3.60938225, 'Pasadizo Victoriano Riquelme 21 Apt. 51 , Madrid', 'requested', 17.52, NULL, 28.28, NULL, '2026-04-25 18:52:51', NULL, NULL, NULL);
INSERT INTO OFFER (offer_id, trip_id, driver_id, status, sent_at, responded_at) VALUES (196, 66, 50, 'expired', '2026-04-25 18:52:54', NULL);
INSERT INTO OFFER (offer_id, trip_id, driver_id, status, sent_at, responded_at) VALUES (197, 66, 3, 'expired', '2026-04-25 18:52:54', NULL);
INSERT INTO TRIP (trip_id, rider_id, driver_id, vehicle_id, origin_lat, origin_lng, origin_address, dest_lat, dest_lng, dest_address, status, distance_km, duration_minutes, price_estimated, price_final, requested_at, accepted_at, started_at, finished_at) VALUES (67, 28, 3, 3, 40.3696857, -3.68222154, 'Plaza de María Jesús Montero 968 Piso 5 , Madrid', 40.49902474, -3.6984493, 'Glorieta David Pla 6 Piso 8 , Madrid', 'completed', 14.47, 31, 23.71, 25.82, '2026-04-25 18:52:36', '2026-04-25 18:56:16', '2026-04-25 19:05:33', '2026-04-25 19:36:33');
INSERT INTO OFFER (offer_id, trip_id, driver_id, status, sent_at, responded_at) VALUES (198, 67, 3, 'accepted', '2026-04-25 18:52:37', '2026-04-25 18:56:16');
INSERT INTO OFFER (offer_id, trip_id, driver_id, status, sent_at, responded_at) VALUES (199, 67, 6, 'rejected', '2026-04-25 18:52:37', '2026-04-25 18:53:04');
INSERT INTO OFFER (offer_id, trip_id, driver_id, status, sent_at, responded_at) VALUES (200, 67, 24, 'rejected', '2026-04-25 18:52:37', '2026-04-25 18:53:20');
INSERT INTO PAYMENT (payment_id, trip_id, amount, platform_fee, driver_earnings, method, status, paid_at) VALUES (56, 67, 25.82, 5.16, 20.66, 'card', 'pending', NULL);
INSERT INTO TRIP (trip_id, rider_id, driver_id, vehicle_id, origin_lat, origin_lng, origin_address, dest_lat, dest_lng, dest_address, status, distance_km, duration_minutes, price_estimated, price_final, requested_at, accepted_at, started_at, finished_at) VALUES (68, 94, 3, 3, 40.36458153, -3.64651601, 'Avenida de Arcelia Cases 145 Puerta 7 , Madrid', 40.48300725, -3.70966607, 'Via de Lázaro España 91, Madrid', 'completed', 14.9, 32, 24.35, 22.08, '2026-04-25 18:51:59', '2026-04-25 18:55:38', '2026-04-25 19:02:58', '2026-04-25 19:34:58');
INSERT INTO OFFER (offer_id, trip_id, driver_id, status, sent_at, responded_at) VALUES (201, 68, 3, 'accepted', '2026-04-25 18:52:04', '2026-04-25 18:55:38');
INSERT INTO PAYMENT (payment_id, trip_id, amount, platform_fee, driver_earnings, method, status, paid_at) VALUES (57, 68, 22.08, 4.42, 17.66, 'card', 'pending', NULL);
INSERT INTO TRIP (trip_id, rider_id, driver_id, vehicle_id, origin_lat, origin_lng, origin_address, dest_lat, dest_lng, dest_address, status, distance_km, duration_minutes, price_estimated, price_final, requested_at, accepted_at, started_at, finished_at) VALUES (69, 80, 21, 21, 40.38510275, -3.61190456, 'Vial de Rosaura Gallego 379, Madrid', 40.3655278, -3.60746236, 'Pasadizo Cecilia Vargas 27 Puerta 9 , Madrid', 'completed', 2.23, 7, 5.34, 5.81, '2026-04-25 18:51:12', '2026-04-25 18:52:43', '2026-04-25 18:59:08', '2026-04-25 19:06:08');
INSERT INTO OFFER (offer_id, trip_id, driver_id, status, sent_at, responded_at) VALUES (202, 69, 21, 'accepted', '2026-04-25 18:51:14', '2026-04-25 18:52:43');
INSERT INTO OFFER (offer_id, trip_id, driver_id, status, sent_at, responded_at) VALUES (203, 69, 23, 'expired', '2026-04-25 18:51:17', NULL);
INSERT INTO OFFER (offer_id, trip_id, driver_id, status, sent_at, responded_at) VALUES (204, 69, 24, 'rejected', '2026-04-25 18:51:15', '2026-04-25 18:51:24');
INSERT INTO PAYMENT (payment_id, trip_id, amount, platform_fee, driver_earnings, method, status, paid_at) VALUES (58, 69, 5.81, 1.16, 4.65, 'wallet', 'pending', NULL);
INSERT INTO TRIP (trip_id, rider_id, driver_id, vehicle_id, origin_lat, origin_lng, origin_address, dest_lat, dest_lng, dest_address, status, distance_km, duration_minutes, price_estimated, price_final, requested_at, accepted_at, started_at, finished_at) VALUES (70, 50, 50, 50, 40.49798712, -3.71870377, 'Alameda de Cayetana Uría 17 Piso 0 , Madrid', 40.45876528, -3.6988981, 'Avenida Macaria Carreras 11 Puerta 9 , Madrid', 'completed', 4.88, 8, 9.32, 9.64, '2026-04-25 18:50:21', '2026-04-25 18:53:12', '2026-04-25 19:00:39', '2026-04-25 19:08:39');
INSERT INTO OFFER (offer_id, trip_id, driver_id, status, sent_at, responded_at) VALUES (205, 70, 50, 'accepted', '2026-04-25 18:50:23', '2026-04-25 18:53:12');
INSERT INTO OFFER (offer_id, trip_id, driver_id, status, sent_at, responded_at) VALUES (206, 70, 34, 'expired', '2026-04-25 18:50:26', NULL);
INSERT INTO OFFER (offer_id, trip_id, driver_id, status, sent_at, responded_at) VALUES (207, 70, 33, 'expired', '2026-04-25 18:50:26', NULL);
INSERT INTO OFFER (offer_id, trip_id, driver_id, status, sent_at, responded_at) VALUES (208, 70, 27, 'rejected', '2026-04-25 18:50:25', '2026-04-25 18:50:43');
INSERT INTO OFFER (offer_id, trip_id, driver_id, status, sent_at, responded_at) VALUES (209, 70, 5, 'rejected', '2026-04-25 18:50:24', '2026-04-25 18:50:46');
INSERT INTO PAYMENT (payment_id, trip_id, amount, platform_fee, driver_earnings, method, status, paid_at) VALUES (59, 70, 9.64, 1.93, 7.71, 'wallet', 'completed', '2026-04-25 19:11:39');

INSERT INTO TRIP (trip_id, rider_id, driver_id, vehicle_id, origin_lat, origin_lng, origin_address, dest_lat, dest_lng, dest_address, status, distance_km, duration_minutes, price_estimated, price_final, requested_at, accepted_at, started_at, finished_at) VALUES (71, 87, 40, 40, 40.40448112, -3.74876979, 'Camino de Maximiliano Sainz 44, Madrid', 40.45708353, -3.64140262, 'Urbanización de Georgina Soria 45, Madrid', 'completed', 13.27, 28, 21.91, 20.66, '2026-04-25 18:52:43', '2026-04-25 18:54:17', '2026-04-25 19:02:31', '2026-04-25 19:30:31');
INSERT INTO OFFER (offer_id, trip_id, driver_id, status, sent_at, responded_at) VALUES (210, 71, 40, 'accepted', '2026-04-25 18:52:47', '2026-04-25 18:54:17');
INSERT INTO OFFER (offer_id, trip_id, driver_id, status, sent_at, responded_at) VALUES (211, 71, 28, 'rejected', '2026-04-25 18:52:48', '2026-04-25 18:53:09');
INSERT INTO OFFER (offer_id, trip_id, driver_id, status, sent_at, responded_at) VALUES (212, 71, 41, 'rejected', '2026-04-25 18:52:45', '2026-04-25 18:53:38');
INSERT INTO OFFER (offer_id, trip_id, driver_id, status, sent_at, responded_at) VALUES (213, 71, 19, 'rejected', '2026-04-25 18:52:47', '2026-04-25 18:53:16');
INSERT INTO OFFER (offer_id, trip_id, driver_id, status, sent_at, responded_at) VALUES (214, 71, 34, 'rejected', '2026-04-25 18:52:46', '2026-04-25 18:53:38');
INSERT INTO PAYMENT (payment_id, trip_id, amount, platform_fee, driver_earnings, method, status, paid_at) VALUES (60, 71, 20.66, 4.13, 16.53, 'card', 'completed', '2026-04-25 19:32:31');
INSERT INTO TRIP (trip_id, rider_id, driver_id, vehicle_id, origin_lat, origin_lng, origin_address, dest_lat, dest_lng, dest_address, status, distance_km, duration_minutes, price_estimated, price_final, requested_at, accepted_at, started_at, finished_at) VALUES (72, 8, NULL, NULL, 40.38030886, -3.73705306, 'Callejón Édgar Patiño 309, Madrid', 40.48933904, -3.64316987, 'Callejón de Jose Ignacio Benavente 89, Madrid', 'requested', 15.97, NULL, 25.96, NULL, '2026-04-25 18:51:09', NULL, NULL, NULL);
INSERT INTO OFFER (offer_id, trip_id, driver_id, status, sent_at, responded_at) VALUES (215, 72, 34, 'expired', '2026-04-25 18:51:13', NULL);
INSERT INTO OFFER (offer_id, trip_id, driver_id, status, sent_at, responded_at) VALUES (216, 72, 15, 'expired', '2026-04-25 18:51:10', NULL);
INSERT INTO OFFER (offer_id, trip_id, driver_id, status, sent_at, responded_at) VALUES (217, 72, 50, 'rejected', '2026-04-25 18:51:12', '2026-04-25 18:51:21');
INSERT INTO OFFER (offer_id, trip_id, driver_id, status, sent_at, responded_at) VALUES (218, 72, 24, 'rejected', '2026-04-25 18:51:12', '2026-04-25 18:51:57');
INSERT INTO TRIP (trip_id, rider_id, driver_id, vehicle_id, origin_lat, origin_lng, origin_address, dest_lat, dest_lng, dest_address, status, distance_km, duration_minutes, price_estimated, price_final, requested_at, accepted_at, started_at, finished_at) VALUES (73, 31, 28, 28, 40.4823972, -3.67303468, 'Paseo de Milagros Carnero 49, Madrid', 40.46921623, -3.70012002, 'Vial Ignacia Asensio 66 Piso 8 , Madrid', 'completed', 3.34, 9, 7.01, 6.35, '2026-04-25 18:52:07', '2026-04-25 18:55:36', '2026-04-25 19:03:00', '2026-04-25 19:12:00');
INSERT INTO OFFER (offer_id, trip_id, driver_id, status, sent_at, responded_at) VALUES (219, 73, 28, 'accepted', '2026-04-25 18:52:12', '2026-04-25 18:55:36');
INSERT INTO PAYMENT (payment_id, trip_id, amount, platform_fee, driver_earnings, method, status, paid_at) VALUES (61, 73, 6.35, 1.27, 5.08, 'cash', 'pending', NULL);
INSERT INTO TRIP (trip_id, rider_id, driver_id, vehicle_id, origin_lat, origin_lng, origin_address, dest_lat, dest_lng, dest_address, status, distance_km, duration_minutes, price_estimated, price_final, requested_at, accepted_at, started_at, finished_at) VALUES (74, 16, 5, 5, 40.47617576, -3.73818131, 'Alameda de Saturnino Lastra 56, Madrid', 40.40448396, -3.73979973, 'Camino de Brunilda Tudela 5, Madrid', 'completed', 7.96, 15, 13.94, 13.6, '2026-04-25 18:50:37', '2026-04-25 18:54:43', '2026-04-25 18:58:41', '2026-04-25 19:13:41');
INSERT INTO OFFER (offer_id, trip_id, driver_id, status, sent_at, responded_at) VALUES (220, 74, 5, 'accepted', '2026-04-25 18:50:40', '2026-04-25 18:54:43');
INSERT INTO OFFER (offer_id, trip_id, driver_id, status, sent_at, responded_at) VALUES (221, 74, 14, 'expired', '2026-04-25 18:50:40', NULL);
INSERT INTO OFFER (offer_id, trip_id, driver_id, status, sent_at, responded_at) VALUES (222, 74, 39, 'rejected', '2026-04-25 18:50:40', '2026-04-25 18:50:56');
INSERT INTO OFFER (offer_id, trip_id, driver_id, status, sent_at, responded_at) VALUES (223, 74, 3, 'expired', '2026-04-25 18:50:41', NULL);
INSERT INTO OFFER (offer_id, trip_id, driver_id, status, sent_at, responded_at) VALUES (224, 74, 50, 'rejected', '2026-04-25 18:50:38', '2026-04-25 18:51:11');
INSERT INTO PAYMENT (payment_id, trip_id, amount, platform_fee, driver_earnings, method, status, paid_at) VALUES (62, 74, 13.6, 2.72, 10.88, 'wallet', 'completed', '2026-04-25 19:16:41');
INSERT INTO TRIP (trip_id, rider_id, driver_id, vehicle_id, origin_lat, origin_lng, origin_address, dest_lat, dest_lng, dest_address, status, distance_km, duration_minutes, price_estimated, price_final, requested_at, accepted_at, started_at, finished_at) VALUES (75, 96, 24, 24, 40.39137632, -3.66531233, 'Urbanización de Erasmo Ojeda 90 Apt. 40 , Madrid', 40.41092621, -3.63616248, 'Rambla de Tristán Giralt 7, Madrid', 'completed', 3.9, 11, 7.85, 8.52, '2026-04-25 18:53:05', '2026-04-25 18:56:48', '2026-04-25 19:05:09', '2026-04-25 19:16:09');
INSERT INTO OFFER (offer_id, trip_id, driver_id, status, sent_at, responded_at) VALUES (225, 75, 24, 'accepted', '2026-04-25 18:53:08', '2026-04-25 18:56:48');
INSERT INTO OFFER (offer_id, trip_id, driver_id, status, sent_at, responded_at) VALUES (226, 75, 27, 'rejected', '2026-04-25 18:53:08', '2026-04-25 18:53:24');
INSERT INTO OFFER (offer_id, trip_id, driver_id, status, sent_at, responded_at) VALUES (227, 75, 32, 'rejected', '2026-04-25 18:53:08', '2026-04-25 18:53:45');
INSERT INTO OFFER (offer_id, trip_id, driver_id, status, sent_at, responded_at) VALUES (228, 75, 15, 'rejected', '2026-04-25 18:53:10', '2026-04-25 18:53:54');
INSERT INTO OFFER (offer_id, trip_id, driver_id, status, sent_at, responded_at) VALUES (229, 75, 16, 'expired', '2026-04-25 18:53:07', NULL);
INSERT INTO PAYMENT (payment_id, trip_id, amount, platform_fee, driver_earnings, method, status, paid_at) VALUES (63, 75, 8.52, 1.7, 6.82, 'wallet', 'completed', '2026-04-25 19:18:09');
INSERT INTO TRIP (trip_id, rider_id, driver_id, vehicle_id, origin_lat, origin_lng, origin_address, dest_lat, dest_lng, dest_address, status, distance_km, duration_minutes, price_estimated, price_final, requested_at, accepted_at, started_at, finished_at) VALUES (76, 75, 43, 43, 40.47761984, -3.62146281, 'Calle de Flavia Mosquera 90 Puerta 8 , Madrid', 40.36066607, -3.60297239, 'Plaza de Candelas Hernando 64 Apt. 83 , Madrid', 'completed', 13.14, 24, 21.71, 22.33, '2026-04-25 18:52:00', '2026-04-25 18:54:12', '2026-04-25 19:03:27', '2026-04-25 19:27:27');
INSERT INTO OFFER (offer_id, trip_id, driver_id, status, sent_at, responded_at) VALUES (230, 76, 43, 'accepted', '2026-04-25 18:52:02', '2026-04-25 18:54:12');
INSERT INTO OFFER (offer_id, trip_id, driver_id, status, sent_at, responded_at) VALUES (231, 76, 38, 'expired', '2026-04-25 18:52:02', NULL);
INSERT INTO OFFER (offer_id, trip_id, driver_id, status, sent_at, responded_at) VALUES (232, 76, 11, 'rejected', '2026-04-25 18:52:05', '2026-04-25 18:52:45');
INSERT INTO PAYMENT (payment_id, trip_id, amount, platform_fee, driver_earnings, method, status, paid_at) VALUES (64, 76, 22.33, 4.47, 17.86, 'card', 'completed', '2026-04-25 19:27:27');
INSERT INTO TRIP (trip_id, rider_id, driver_id, vehicle_id, origin_lat, origin_lng, origin_address, dest_lat, dest_lng, dest_address, status, distance_km, duration_minutes, price_estimated, price_final, requested_at, accepted_at, started_at, finished_at) VALUES (77, 35, NULL, NULL, 40.39462347, -3.74855285, 'Camino de Matías Hervia 76, Madrid', 40.48162448, -3.7042808, 'C. de Elba Solera 372, Madrid', 'cancelled', 10.84, NULL, 18.26, NULL, '2026-04-25 18:51:34', NULL, NULL, NULL);
INSERT INTO OFFER (offer_id, trip_id, driver_id, status, sent_at, responded_at) VALUES (233, 77, 16, 'rejected', '2026-04-25 18:51:37', '2026-04-25 18:51:47');
INSERT INTO OFFER (offer_id, trip_id, driver_id, status, sent_at, responded_at) VALUES (234, 77, 22, 'expired', '2026-04-25 18:51:35', NULL);
INSERT INTO TRIP (trip_id, rider_id, driver_id, vehicle_id, origin_lat, origin_lng, origin_address, dest_lat, dest_lng, dest_address, status, distance_km, duration_minutes, price_estimated, price_final, requested_at, accepted_at, started_at, finished_at) VALUES (78, 28, 1, 1, 40.48052103, -3.71956429, 'Rambla Luis Sanz 34, Madrid', 40.45202528, -3.68459651, 'Callejón de Marcos Quirós 148, Madrid', 'completed', 5.01, 14, 9.52, 8.93, '2026-04-25 18:51:22', '2026-04-25 18:55:13', '2026-04-25 19:03:02', '2026-04-25 19:17:02');
INSERT INTO OFFER (offer_id, trip_id, driver_id, status, sent_at, responded_at) VALUES (235, 78, 1, 'accepted', '2026-04-25 18:51:27', '2026-04-25 18:55:13');
INSERT INTO OFFER (offer_id, trip_id, driver_id, status, sent_at, responded_at) VALUES (236, 78, 19, 'rejected', '2026-04-25 18:51:24', '2026-04-25 18:52:14');
INSERT INTO OFFER (offer_id, trip_id, driver_id, status, sent_at, responded_at) VALUES (237, 78, 43, 'rejected', '2026-04-25 18:51:26', '2026-04-25 18:52:10');
INSERT INTO PAYMENT (payment_id, trip_id, amount, platform_fee, driver_earnings, method, status, paid_at) VALUES (65, 78, 8.93, 1.79, 7.14, 'card', 'pending', NULL);
INSERT INTO TRIP (trip_id, rider_id, driver_id, vehicle_id, origin_lat, origin_lng, origin_address, dest_lat, dest_lng, dest_address, status, distance_km, duration_minutes, price_estimated, price_final, requested_at, accepted_at, started_at, finished_at) VALUES (79, 3, 39, 39, 40.39705248, -3.63757262, 'Cañada Teófilo Alsina 40 Piso 7 , Madrid', 40.49078531, -3.67724908, 'Acceso Adelina Avilés 59, Madrid', 'completed', 11.3, 20, 18.95, 20.6, '2026-04-25 18:50:35', '2026-04-25 18:54:19', '2026-04-25 19:01:47', '2026-04-25 19:21:47');
INSERT INTO OFFER (offer_id, trip_id, driver_id, status, sent_at, responded_at) VALUES (238, 79, 39, 'accepted', '2026-04-25 18:50:39', '2026-04-25 18:54:19');
INSERT INTO OFFER (offer_id, trip_id, driver_id, status, sent_at, responded_at) VALUES (239, 79, 35, 'expired', '2026-04-25 18:50:40', NULL);
INSERT INTO PAYMENT (payment_id, trip_id, amount, platform_fee, driver_earnings, method, status, paid_at) VALUES (66, 79, 20.6, 4.12, 16.48, 'wallet', 'completed', '2026-04-25 19:25:47');
INSERT INTO TRIP (trip_id, rider_id, driver_id, vehicle_id, origin_lat, origin_lng, origin_address, dest_lat, dest_lng, dest_address, status, distance_km, duration_minutes, price_estimated, price_final, requested_at, accepted_at, started_at, finished_at) VALUES (80, 49, 25, 25, 40.37308093, -3.64872775, 'Plaza Manuel Manzano 4, Madrid', 40.45198601, -3.71035677, 'Rambla Casemiro Acosta 5 Puerta 0 , Madrid', 'completed', 11.11, 25, 18.66, 20.48, '2026-04-25 18:51:45', '2026-04-25 18:54:17', '2026-04-25 18:56:43', '2026-04-25 19:21:43');
INSERT INTO OFFER (offer_id, trip_id, driver_id, status, sent_at, responded_at) VALUES (240, 80, 25, 'accepted', '2026-04-25 18:51:47', '2026-04-25 18:54:17');
INSERT INTO OFFER (offer_id, trip_id, driver_id, status, sent_at, responded_at) VALUES (241, 80, 38, 'rejected', '2026-04-25 18:51:49', '2026-04-25 18:52:02');
INSERT INTO OFFER (offer_id, trip_id, driver_id, status, sent_at, responded_at) VALUES (242, 80, 11, 'rejected', '2026-04-25 18:51:46', '2026-04-25 18:52:16');
INSERT INTO OFFER (offer_id, trip_id, driver_id, status, sent_at, responded_at) VALUES (243, 80, 17, 'rejected', '2026-04-25 18:51:47', '2026-04-25 18:52:05');
INSERT INTO PAYMENT (payment_id, trip_id, amount, platform_fee, driver_earnings, method, status, paid_at) VALUES (67, 80, 20.48, 4.1, 16.38, 'card', 'pending', NULL);

INSERT INTO TRIP (trip_id, rider_id, driver_id, vehicle_id, origin_lat, origin_lng, origin_address, dest_lat, dest_lng, dest_address, status, distance_km, duration_minutes, price_estimated, price_final, requested_at, accepted_at, started_at, finished_at) VALUES (81, 90, 28, 28, 40.45091669, -3.61914865, 'Urbanización Micaela Escribano 74, Madrid', 40.40296488, -3.6939379, 'Alameda de Lola Querol 47, Madrid', 'completed', 9.86, 17, 16.79, 15.32, '2026-04-25 18:52:31', '2026-04-25 18:54:01', '2026-04-25 18:58:15', '2026-04-25 19:15:15');
INSERT INTO OFFER (offer_id, trip_id, driver_id, status, sent_at, responded_at) VALUES (244, 81, 28, 'accepted', '2026-04-25 18:52:35', '2026-04-25 18:54:01');
INSERT INTO OFFER (offer_id, trip_id, driver_id, status, sent_at, responded_at) VALUES (245, 81, 38, 'rejected', '2026-04-25 18:52:34', '2026-04-25 18:53:06');
INSERT INTO PAYMENT (payment_id, trip_id, amount, platform_fee, driver_earnings, method, status, paid_at) VALUES (68, 81, 15.32, 3.06, 12.26, 'card', 'completed', '2026-04-25 19:18:15');
INSERT INTO TRIP (trip_id, rider_id, driver_id, vehicle_id, origin_lat, origin_lng, origin_address, dest_lat, dest_lng, dest_address, status, distance_km, duration_minutes, price_estimated, price_final, requested_at, accepted_at, started_at, finished_at) VALUES (82, 71, 45, 45, 40.42899438, -3.74911274, 'Glorieta de Cándido Vives 6, Madrid', 40.49714414, -3.70270973, 'Rambla Atilio Narváez 28, Madrid', 'completed', 9.15, 20, 15.73, 16.14, '2026-04-25 18:52:00', '2026-04-25 18:53:24', '2026-04-25 18:59:05', '2026-04-25 19:19:05');
INSERT INTO OFFER (offer_id, trip_id, driver_id, status, sent_at, responded_at) VALUES (246, 82, 46, 'expired', '2026-04-25 18:52:01', NULL);
INSERT INTO OFFER (offer_id, trip_id, driver_id, status, sent_at, responded_at) VALUES (247, 82, 21, 'expired', '2026-04-25 18:52:01', NULL);
INSERT INTO OFFER (offer_id, trip_id, driver_id, status, sent_at, responded_at) VALUES (248, 82, 41, 'rejected', '2026-04-25 18:52:01', '2026-04-25 18:52:14');
INSERT INTO OFFER (offer_id, trip_id, driver_id, status, sent_at, responded_at) VALUES (249, 82, 45, 'accepted', '2026-04-25 18:52:02', '2026-04-25 18:53:24');
INSERT INTO PAYMENT (payment_id, trip_id, amount, platform_fee, driver_earnings, method, status, paid_at) VALUES (69, 82, 16.14, 3.23, 12.91, 'cash', 'completed', '2026-04-25 19:20:05');
INSERT INTO TRIP (trip_id, rider_id, driver_id, vehicle_id, origin_lat, origin_lng, origin_address, dest_lat, dest_lng, dest_address, status, distance_km, duration_minutes, price_estimated, price_final, requested_at, accepted_at, started_at, finished_at) VALUES (83, 57, 2, 2, 40.49084086, -3.61409378, 'Glorieta de Mónica Quintero 47, Madrid', 40.47915983, -3.63416188, 'Via Ramiro Caballero 83, Madrid', 'completed', 2.58, 9, 5.87, 5.37, '2026-04-25 18:52:28', '2026-04-25 18:53:30', '2026-04-25 18:56:06', '2026-04-25 19:05:06');
INSERT INTO OFFER (offer_id, trip_id, driver_id, status, sent_at, responded_at) VALUES (250, 83, 2, 'accepted', '2026-04-25 18:52:33', '2026-04-25 18:53:30');
INSERT INTO OFFER (offer_id, trip_id, driver_id, status, sent_at, responded_at) VALUES (251, 83, 30, 'rejected', '2026-04-25 18:52:33', '2026-04-25 18:52:47');
INSERT INTO OFFER (offer_id, trip_id, driver_id, status, sent_at, responded_at) VALUES (252, 83, 32, 'rejected', '2026-04-25 18:52:33', '2026-04-25 18:52:47');
INSERT INTO OFFER (offer_id, trip_id, driver_id, status, sent_at, responded_at) VALUES (253, 83, 12, 'expired', '2026-04-25 18:52:29', NULL);
INSERT INTO PAYMENT (payment_id, trip_id, amount, platform_fee, driver_earnings, method, status, paid_at) VALUES (70, 83, 5.37, 1.07, 4.3, 'cash', 'completed', '2026-04-25 19:08:06');
INSERT INTO TRIP (trip_id, rider_id, driver_id, vehicle_id, origin_lat, origin_lng, origin_address, dest_lat, dest_lng, dest_address, status, distance_km, duration_minutes, price_estimated, price_final, requested_at, accepted_at, started_at, finished_at) VALUES (84, 6, 19, 19, 40.47872774, -3.74159304, 'Calle Miriam Mesa 92 Apt. 04 , Madrid', 40.42272593, -3.66729561, 'Pasaje Reyes Roura 1, Madrid', 'completed', 10.33, 22, 17.5, 16.01, '2026-04-25 18:50:35', '2026-04-25 18:53:39', '2026-04-25 19:02:21', '2026-04-25 19:24:21');
INSERT INTO OFFER (offer_id, trip_id, driver_id, status, sent_at, responded_at) VALUES (254, 84, 19, 'accepted', '2026-04-25 18:50:38', '2026-04-25 18:53:39');
INSERT INTO OFFER (offer_id, trip_id, driver_id, status, sent_at, responded_at) VALUES (255, 84, 25, 'rejected', '2026-04-25 18:50:39', '2026-04-25 18:50:59');
INSERT INTO PAYMENT (payment_id, trip_id, amount, platform_fee, driver_earnings, method, status, paid_at) VALUES (71, 84, 16.01, 3.2, 12.81, 'card', 'pending', NULL);
INSERT INTO TRIP (trip_id, rider_id, driver_id, vehicle_id, origin_lat, origin_lng, origin_address, dest_lat, dest_lng, dest_address, status, distance_km, duration_minutes, price_estimated, price_final, requested_at, accepted_at, started_at, finished_at) VALUES (85, 1, 7, 7, 40.37219922, -3.63233857, 'Pasaje Fidela Vara 32, Madrid', 40.4375627, -3.66123376, 'Calle Piedad Moliner 73 Puerta 2 , Madrid', 'completed', 7.93, 16, 13.89, 15.16, '2026-04-25 18:52:46', '2026-04-25 18:55:39', '2026-04-25 19:03:46', '2026-04-25 19:19:46');
INSERT INTO OFFER (offer_id, trip_id, driver_id, status, sent_at, responded_at) VALUES (256, 85, 7, 'accepted', '2026-04-25 18:52:49', '2026-04-25 18:55:39');
INSERT INTO OFFER (offer_id, trip_id, driver_id, status, sent_at, responded_at) VALUES (257, 85, 49, 'expired', '2026-04-25 18:52:50', NULL);
INSERT INTO OFFER (offer_id, trip_id, driver_id, status, sent_at, responded_at) VALUES (258, 85, 25, 'expired', '2026-04-25 18:52:51', NULL);
INSERT INTO OFFER (offer_id, trip_id, driver_id, status, sent_at, responded_at) VALUES (259, 85, 26, 'rejected', '2026-04-25 18:52:51', '2026-04-25 18:53:35');
INSERT INTO OFFER (offer_id, trip_id, driver_id, status, sent_at, responded_at) VALUES (260, 85, 34, 'expired', '2026-04-25 18:52:47', NULL);
INSERT INTO PAYMENT (payment_id, trip_id, amount, platform_fee, driver_earnings, method, status, paid_at) VALUES (72, 85, 15.16, 3.03, 12.13, 'wallet', 'pending', NULL);
INSERT INTO TRIP (trip_id, rider_id, driver_id, vehicle_id, origin_lat, origin_lng, origin_address, dest_lat, dest_lng, dest_address, status, distance_km, duration_minutes, price_estimated, price_final, requested_at, accepted_at, started_at, finished_at) VALUES (86, 21, 1, 1, 40.45410345, -3.66753774, 'Urbanización Cándida Mesa 26, Madrid', 40.40531745, -3.74646257, 'Cañada Héctor Roselló 5, Madrid', 'completed', 10.3, 19, 17.45, 17.11, '2026-04-25 18:50:28', '2026-04-25 18:55:15', '2026-04-25 18:57:31', '2026-04-25 19:16:31');
INSERT INTO OFFER (offer_id, trip_id, driver_id, status, sent_at, responded_at) VALUES (261, 86, 1, 'accepted', '2026-04-25 18:50:32', '2026-04-25 18:55:15');
INSERT INTO PAYMENT (payment_id, trip_id, amount, platform_fee, driver_earnings, method, status, paid_at) VALUES (73, 86, 17.11, 3.42, 13.69, 'cash', 'completed', '2026-04-25 19:21:31');
INSERT INTO TRIP (trip_id, rider_id, driver_id, vehicle_id, origin_lat, origin_lng, origin_address, dest_lat, dest_lng, dest_address, status, distance_km, duration_minutes, price_estimated, price_final, requested_at, accepted_at, started_at, finished_at) VALUES (87, 90, 31, 31, 40.35911085, -3.72101368, 'Calle de Nico Carrera 70 Piso 6 , Madrid', 40.44898861, -3.70921771, 'Rambla Angelina Alberola 37 Piso 0 , Madrid', 'completed', 10.06, 20, 17.09, 16.93, '2026-04-25 18:51:37', '2026-04-25 18:53:07', '2026-04-25 19:00:30', '2026-04-25 19:20:30');
INSERT INTO OFFER (offer_id, trip_id, driver_id, status, sent_at, responded_at) VALUES (262, 87, 31, 'accepted', '2026-04-25 18:51:40', '2026-04-25 18:53:07');
INSERT INTO OFFER (offer_id, trip_id, driver_id, status, sent_at, responded_at) VALUES (263, 87, 47, 'rejected', '2026-04-25 18:51:42', '2026-04-25 18:52:09');
INSERT INTO PAYMENT (payment_id, trip_id, amount, platform_fee, driver_earnings, method, status, paid_at) VALUES (74, 87, 16.93, 3.39, 13.54, 'wallet', 'completed', '2026-04-25 19:24:30');
INSERT INTO TRIP (trip_id, rider_id, driver_id, vehicle_id, origin_lat, origin_lng, origin_address, dest_lat, dest_lng, dest_address, status, distance_km, duration_minutes, price_estimated, price_final, requested_at, accepted_at, started_at, finished_at) VALUES (88, 35, 28, 28, 40.47746319, -3.65039614, 'Ronda Rosenda Aranda 975 Puerta 5 , Madrid', 40.37131669, -3.60048671, 'C. de Epifanio Cañas 1, Madrid', 'completed', 13.02, 26, 21.53, 20.79, '2026-04-25 18:51:26', '2026-04-25 18:55:43', '2026-04-25 18:59:53', '2026-04-25 19:25:53');
INSERT INTO OFFER (offer_id, trip_id, driver_id, status, sent_at, responded_at) VALUES (264, 88, 28, 'accepted', '2026-04-25 18:51:29', '2026-04-25 18:55:43');
INSERT INTO OFFER (offer_id, trip_id, driver_id, status, sent_at, responded_at) VALUES (265, 88, 13, 'rejected', '2026-04-25 18:51:28', '2026-04-25 18:51:50');
INSERT INTO OFFER (offer_id, trip_id, driver_id, status, sent_at, responded_at) VALUES (266, 88, 18, 'rejected', '2026-04-25 18:51:29', '2026-04-25 18:51:51');
INSERT INTO OFFER (offer_id, trip_id, driver_id, status, sent_at, responded_at) VALUES (267, 88, 33, 'rejected', '2026-04-25 18:51:28', '2026-04-25 18:51:50');
INSERT INTO OFFER (offer_id, trip_id, driver_id, status, sent_at, responded_at) VALUES (268, 88, 40, 'expired', '2026-04-25 18:51:29', NULL);
INSERT INTO PAYMENT (payment_id, trip_id, amount, platform_fee, driver_earnings, method, status, paid_at) VALUES (75, 88, 20.79, 4.16, 16.63, 'wallet', 'completed', '2026-04-25 19:25:53');
INSERT INTO TRIP (trip_id, rider_id, driver_id, vehicle_id, origin_lat, origin_lng, origin_address, dest_lat, dest_lng, dest_address, status, distance_km, duration_minutes, price_estimated, price_final, requested_at, accepted_at, started_at, finished_at) VALUES (89, 38, 27, 27, 40.35477353, -3.67099808, 'Alameda de Paz Dominguez 54, Madrid', 40.39628377, -3.66468118, 'Alameda de Anacleto Gallo 9 Apt. 28 , Madrid', 'completed', 4.66, 7, 8.99, 8.91, '2026-04-25 18:50:57', '2026-04-25 18:52:25', '2026-04-25 18:57:26', '2026-04-25 19:04:26');
INSERT INTO OFFER (offer_id, trip_id, driver_id, status, sent_at, responded_at) VALUES (269, 89, 27, 'accepted', '2026-04-25 18:50:58', '2026-04-25 18:52:25');
INSERT INTO PAYMENT (payment_id, trip_id, amount, platform_fee, driver_earnings, method, status, paid_at) VALUES (76, 89, 8.91, 1.78, 7.13, 'cash', 'pending', NULL);
INSERT INTO TRIP (trip_id, rider_id, driver_id, vehicle_id, origin_lat, origin_lng, origin_address, dest_lat, dest_lng, dest_address, status, distance_km, duration_minutes, price_estimated, price_final, requested_at, accepted_at, started_at, finished_at) VALUES (90, 25, 48, 48, 40.42500023, -3.61652612, 'Vial Ani Taboada 50, Madrid', 40.39483666, -3.7197356, 'Calle Adelina Carreño 99 Puerta 1 , Madrid', 'completed', 11.94, 21, 19.91, 20.04, '2026-04-25 18:52:50', '2026-04-25 18:55:07', '2026-04-25 19:01:44', '2026-04-25 19:22:44');
INSERT INTO OFFER (offer_id, trip_id, driver_id, status, sent_at, responded_at) VALUES (270, 90, 48, 'accepted', '2026-04-25 18:52:54', '2026-04-25 18:55:07');
INSERT INTO OFFER (offer_id, trip_id, driver_id, status, sent_at, responded_at) VALUES (271, 90, 6, 'rejected', '2026-04-25 18:52:52', '2026-04-25 18:53:37');
INSERT INTO OFFER (offer_id, trip_id, driver_id, status, sent_at, responded_at) VALUES (272, 90, 44, 'rejected', '2026-04-25 18:52:53', '2026-04-25 18:53:32');
INSERT INTO OFFER (offer_id, trip_id, driver_id, status, sent_at, responded_at) VALUES (273, 90, 27, 'expired', '2026-04-25 18:52:53', NULL);
INSERT INTO PAYMENT (payment_id, trip_id, amount, platform_fee, driver_earnings, method, status, paid_at) VALUES (77, 90, 20.04, 4.01, 16.03, 'card', 'completed', '2026-04-25 19:26:44');

INSERT INTO TRIP (trip_id, rider_id, driver_id, vehicle_id, origin_lat, origin_lng, origin_address, dest_lat, dest_lng, dest_address, status, distance_km, duration_minutes, price_estimated, price_final, requested_at, accepted_at, started_at, finished_at) VALUES (91, 56, 39, 39, 40.49267245, -3.72914367, 'Rambla Hermenegildo Goicoechea 76 Puerta 1 , Madrid', 40.48137346, -3.74752081, 'Avenida de Carolina Gonzalez 47, Madrid', 'completed', 2.39, 5, 5.58, 5.16, '2026-04-25 18:52:15', '2026-04-25 18:53:29', '2026-04-25 19:02:15', '2026-04-25 19:07:15');
INSERT INTO OFFER (offer_id, trip_id, driver_id, status, sent_at, responded_at) VALUES (274, 91, 39, 'accepted', '2026-04-25 18:52:16', '2026-04-25 18:53:29');
INSERT INTO OFFER (offer_id, trip_id, driver_id, status, sent_at, responded_at) VALUES (275, 91, 47, 'expired', '2026-04-25 18:52:19', NULL);
INSERT INTO OFFER (offer_id, trip_id, driver_id, status, sent_at, responded_at) VALUES (276, 91, 30, 'rejected', '2026-04-25 18:52:17', '2026-04-25 18:53:00');
INSERT INTO PAYMENT (payment_id, trip_id, amount, platform_fee, driver_earnings, method, status, paid_at) VALUES (78, 91, 5.16, 1.03, 4.13, 'card', 'completed', '2026-04-25 19:09:15');
INSERT INTO TRIP (trip_id, rider_id, driver_id, vehicle_id, origin_lat, origin_lng, origin_address, dest_lat, dest_lng, dest_address, status, distance_km, duration_minutes, price_estimated, price_final, requested_at, accepted_at, started_at, finished_at) VALUES (92, 95, 29, 29, 40.39167886, -3.6436356, 'Glorieta de Humberto Herrera 99 Piso 3 , Madrid', 40.44452398, -3.74101615, 'Glorieta de Ceferino Roma 2, Madrid', 'completed', 12.3, 23, 20.45, 22.03, '2026-04-25 18:51:44', '2026-04-25 18:55:26', '2026-04-25 18:57:41', '2026-04-25 19:20:41');
INSERT INTO OFFER (offer_id, trip_id, driver_id, status, sent_at, responded_at) VALUES (277, 92, 29, 'accepted', '2026-04-25 18:51:48', '2026-04-25 18:55:26');
INSERT INTO OFFER (offer_id, trip_id, driver_id, status, sent_at, responded_at) VALUES (278, 92, 26, 'expired', '2026-04-25 18:51:47', NULL);
INSERT INTO OFFER (offer_id, trip_id, driver_id, status, sent_at, responded_at) VALUES (279, 92, 33, 'expired', '2026-04-25 18:51:45', NULL);
INSERT INTO OFFER (offer_id, trip_id, driver_id, status, sent_at, responded_at) VALUES (280, 92, 16, 'rejected', '2026-04-25 18:51:48', '2026-04-25 18:52:04');
INSERT INTO OFFER (offer_id, trip_id, driver_id, status, sent_at, responded_at) VALUES (281, 92, 31, 'rejected', '2026-04-25 18:51:48', '2026-04-25 18:52:04');
INSERT INTO PAYMENT (payment_id, trip_id, amount, platform_fee, driver_earnings, method, status, paid_at) VALUES (79, 92, 22.03, 4.41, 17.62, 'cash', 'completed', '2026-04-25 19:23:41');
INSERT INTO TRIP (trip_id, rider_id, driver_id, vehicle_id, origin_lat, origin_lng, origin_address, dest_lat, dest_lng, dest_address, status, distance_km, duration_minutes, price_estimated, price_final, requested_at, accepted_at, started_at, finished_at) VALUES (93, 28, 48, 48, 40.48962734, -3.72676355, 'Paseo Edelmiro Bertrán 12, Madrid', 40.45264931, -3.61712702, 'Cuesta Ricardo Fábregas 97, Madrid', 'completed', 12.84, 23, 21.26, 21.48, '2026-04-25 18:51:14', '2026-04-25 18:55:52', '2026-04-25 19:03:11', '2026-04-25 19:26:11');
INSERT INTO OFFER (offer_id, trip_id, driver_id, status, sent_at, responded_at) VALUES (282, 93, 22, 'expired', '2026-04-25 18:51:17', NULL);
INSERT INTO OFFER (offer_id, trip_id, driver_id, status, sent_at, responded_at) VALUES (283, 93, 45, 'rejected', '2026-04-25 18:51:19', '2026-04-25 18:51:49');
INSERT INTO OFFER (offer_id, trip_id, driver_id, status, sent_at, responded_at) VALUES (284, 93, 48, 'accepted', '2026-04-25 18:51:18', '2026-04-25 18:55:52');
INSERT INTO OFFER (offer_id, trip_id, driver_id, status, sent_at, responded_at) VALUES (285, 93, 5, 'rejected', '2026-04-25 18:51:15', '2026-04-25 18:51:46');
INSERT INTO OFFER (offer_id, trip_id, driver_id, status, sent_at, responded_at) VALUES (286, 93, 15, 'expired', '2026-04-25 18:51:15', NULL);
INSERT INTO PAYMENT (payment_id, trip_id, amount, platform_fee, driver_earnings, method, status, paid_at) VALUES (80, 93, 21.48, 4.3, 17.18, 'cash', 'completed', '2026-04-25 19:29:11');
INSERT INTO TRIP (trip_id, rider_id, driver_id, vehicle_id, origin_lat, origin_lng, origin_address, dest_lat, dest_lng, dest_address, status, distance_km, duration_minutes, price_estimated, price_final, requested_at, accepted_at, started_at, finished_at) VALUES (94, 86, 13, 13, 40.42001575, -3.70910844, 'Rambla de Jenny Girona 9, Madrid', 40.44204615, -3.62271889, 'Paseo de Nuria Juliá 97, Madrid', 'completed', 9.9, 23, 16.85, 16.76, '2026-04-25 18:52:53', '2026-04-25 18:53:59', '2026-04-25 19:00:15', '2026-04-25 19:23:15');
INSERT INTO OFFER (offer_id, trip_id, driver_id, status, sent_at, responded_at) VALUES (287, 94, 13, 'accepted', '2026-04-25 18:52:57', '2026-04-25 18:53:59');
INSERT INTO OFFER (offer_id, trip_id, driver_id, status, sent_at, responded_at) VALUES (288, 94, 5, 'rejected', '2026-04-25 18:52:57', '2026-04-25 18:53:11');
INSERT INTO OFFER (offer_id, trip_id, driver_id, status, sent_at, responded_at) VALUES (289, 94, 45, 'rejected', '2026-04-25 18:52:58', '2026-04-25 18:53:38');
INSERT INTO PAYMENT (payment_id, trip_id, amount, platform_fee, driver_earnings, method, status, paid_at) VALUES (81, 94, 16.76, 3.35, 13.41, 'wallet', 'pending', NULL);
INSERT INTO TRIP (trip_id, rider_id, driver_id, vehicle_id, origin_lat, origin_lng, origin_address, dest_lat, dest_lng, dest_address, status, distance_km, duration_minutes, price_estimated, price_final, requested_at, accepted_at, started_at, finished_at) VALUES (95, 37, 30, 30, 40.3548891, -3.62618195, 'Cañada Maximiliano Narváez 27 Puerta 7 , Madrid', 40.40035051, -3.66282, 'Ronda Rómulo Solé 94, Madrid', 'completed', 6.48, 11, 11.72, 12.04, '2026-04-25 18:51:45', '2026-04-25 18:54:34', '2026-04-25 19:02:46', '2026-04-25 19:13:46');
INSERT INTO OFFER (offer_id, trip_id, driver_id, status, sent_at, responded_at) VALUES (290, 95, 30, 'accepted', '2026-04-25 18:51:47', '2026-04-25 18:54:34');
INSERT INTO OFFER (offer_id, trip_id, driver_id, status, sent_at, responded_at) VALUES (291, 95, 13, 'expired', '2026-04-25 18:51:48', NULL);
INSERT INTO OFFER (offer_id, trip_id, driver_id, status, sent_at, responded_at) VALUES (292, 95, 39, 'rejected', '2026-04-25 18:51:48', '2026-04-25 18:52:08');
INSERT INTO OFFER (offer_id, trip_id, driver_id, status, sent_at, responded_at) VALUES (293, 95, 31, 'rejected', '2026-04-25 18:51:46', '2026-04-25 18:52:04');
INSERT INTO PAYMENT (payment_id, trip_id, amount, platform_fee, driver_earnings, method, status, paid_at) VALUES (82, 95, 12.04, 2.41, 9.63, 'cash', 'completed', '2026-04-25 19:13:46');
INSERT INTO TRIP (trip_id, rider_id, driver_id, vehicle_id, origin_lat, origin_lng, origin_address, dest_lat, dest_lng, dest_address, status, distance_km, duration_minutes, price_estimated, price_final, requested_at, accepted_at, started_at, finished_at) VALUES (96, 85, 41, 41, 40.35087798, -3.71084488, 'Urbanización de Sol Llano 95, Madrid', 40.46393367, -3.70335185, 'Pasaje de Anselma Bermejo 37 Apt. 27 , Madrid', 'completed', 12.58, 26, 20.87, 21.84, '2026-04-25 18:51:35', '2026-04-25 18:53:53', '2026-04-25 18:58:46', '2026-04-25 19:24:46');
INSERT INTO OFFER (offer_id, trip_id, driver_id, status, sent_at, responded_at) VALUES (294, 96, 41, 'accepted', '2026-04-25 18:51:36', '2026-04-25 18:53:53');
INSERT INTO OFFER (offer_id, trip_id, driver_id, status, sent_at, responded_at) VALUES (295, 96, 16, 'expired', '2026-04-25 18:51:36', NULL);
INSERT INTO OFFER (offer_id, trip_id, driver_id, status, sent_at, responded_at) VALUES (296, 96, 21, 'rejected', '2026-04-25 18:51:40', '2026-04-25 18:51:52');
INSERT INTO PAYMENT (payment_id, trip_id, amount, platform_fee, driver_earnings, method, status, paid_at) VALUES (83, 96, 21.84, 4.37, 17.47, 'wallet', 'pending', NULL);
INSERT INTO TRIP (trip_id, rider_id, driver_id, vehicle_id, origin_lat, origin_lng, origin_address, dest_lat, dest_lng, dest_address, status, distance_km, duration_minutes, price_estimated, price_final, requested_at, accepted_at, started_at, finished_at) VALUES (97, 39, 18, 18, 40.41691704, -3.63399106, 'Cuesta de Prudencia Roldán 688, Madrid', 40.38010221, -3.61099393, 'Plaza Lupe Gomila 6 Piso 5 , Madrid', 'completed', 4.82, 12, 9.23, 9.2, '2026-04-25 18:51:32', '2026-04-25 18:53:12', '2026-04-25 19:01:38', '2026-04-25 19:13:38');
INSERT INTO OFFER (offer_id, trip_id, driver_id, status, sent_at, responded_at) VALUES (297, 97, 18, 'accepted', '2026-04-25 18:51:36', '2026-04-25 18:53:12');
INSERT INTO OFFER (offer_id, trip_id, driver_id, status, sent_at, responded_at) VALUES (298, 97, 12, 'expired', '2026-04-25 18:51:36', NULL);
INSERT INTO OFFER (offer_id, trip_id, driver_id, status, sent_at, responded_at) VALUES (299, 97, 5, 'rejected', '2026-04-25 18:51:34', '2026-04-25 18:52:13');
INSERT INTO PAYMENT (payment_id, trip_id, amount, platform_fee, driver_earnings, method, status, paid_at) VALUES (84, 97, 9.2, 1.84, 7.36, 'wallet', 'completed', '2026-04-25 19:16:38');
INSERT INTO TRIP (trip_id, rider_id, driver_id, vehicle_id, origin_lat, origin_lng, origin_address, dest_lat, dest_lng, dest_address, status, distance_km, duration_minutes, price_estimated, price_final, requested_at, accepted_at, started_at, finished_at) VALUES (98, 39, NULL, NULL, 40.47574398, -3.68214325, 'Alameda María Pilar Durán 620 Puerta 4 , Madrid', 40.36556757, -3.70271609, 'Plaza Jaime Giralt 62 Apt. 10 , Madrid', 'cancelled', 12.44, NULL, 20.66, NULL, '2026-04-25 18:51:08', NULL, NULL, NULL);
INSERT INTO OFFER (offer_id, trip_id, driver_id, status, sent_at, responded_at) VALUES (300, 98, 25, 'rejected', '2026-04-25 18:51:13', '2026-04-25 18:51:57');
INSERT INTO OFFER (offer_id, trip_id, driver_id, status, sent_at, responded_at) VALUES (301, 98, 18, 'expired', '2026-04-25 18:51:12', NULL);
INSERT INTO OFFER (offer_id, trip_id, driver_id, status, sent_at, responded_at) VALUES (302, 98, 30, 'rejected', '2026-04-25 18:51:13', '2026-04-25 18:51:49');
INSERT INTO OFFER (offer_id, trip_id, driver_id, status, sent_at, responded_at) VALUES (303, 98, 3, 'expired', '2026-04-25 18:51:09', NULL);
INSERT INTO TRIP (trip_id, rider_id, driver_id, vehicle_id, origin_lat, origin_lng, origin_address, dest_lat, dest_lng, dest_address, status, distance_km, duration_minutes, price_estimated, price_final, requested_at, accepted_at, started_at, finished_at) VALUES (99, 87, 45, 45, 40.3650078, -3.60617011, 'Vial de Alberto Villalobos 249 Puerta 7 , Madrid', 40.48359963, -3.72843722, 'C. de José Luis Vendrell 9, Madrid', 'in_progress', 18.91, NULL, 30.37, NULL, '2026-04-25 18:52:56', '2026-04-25 18:54:39', '2026-04-25 18:56:52', NULL);
INSERT INTO OFFER (offer_id, trip_id, driver_id, status, sent_at, responded_at) VALUES (304, 99, 45, 'accepted', '2026-04-25 18:52:59', '2026-04-25 18:54:39');
INSERT INTO OFFER (offer_id, trip_id, driver_id, status, sent_at, responded_at) VALUES (305, 99, 48, 'rejected', '2026-04-25 18:52:57', '2026-04-25 18:53:51');
INSERT INTO TRIP (trip_id, rider_id, driver_id, vehicle_id, origin_lat, origin_lng, origin_address, dest_lat, dest_lng, dest_address, status, distance_km, duration_minutes, price_estimated, price_final, requested_at, accepted_at, started_at, finished_at) VALUES (100, 75, 34, 34, 40.4528368, -3.72931467, 'Alameda Cipriano Bejarano 534, Madrid', 40.48952244, -3.67705949, 'Cañada Omar Gracia 801, Madrid', 'completed', 7.09, 17, 12.63, 13.01, '2026-04-25 18:50:33', '2026-04-25 18:52:09', '2026-04-25 18:59:00', '2026-04-25 19:16:00');
INSERT INTO OFFER (offer_id, trip_id, driver_id, status, sent_at, responded_at) VALUES (306, 100, 34, 'accepted', '2026-04-25 18:50:36', '2026-04-25 18:52:09');
INSERT INTO OFFER (offer_id, trip_id, driver_id, status, sent_at, responded_at) VALUES (307, 100, 25, 'expired', '2026-04-25 18:50:38', NULL);
INSERT INTO PAYMENT (payment_id, trip_id, amount, platform_fee, driver_earnings, method, status, paid_at) VALUES (85, 100, 13.01, 2.6, 10.41, 'cash', 'completed', '2026-04-25 19:16:00');

INSERT INTO TRIP (trip_id, rider_id, driver_id, vehicle_id, origin_lat, origin_lng, origin_address, dest_lat, dest_lng, dest_address, status, distance_km, duration_minutes, price_estimated, price_final, requested_at, accepted_at, started_at, finished_at) VALUES (101, 51, 35, 35, 40.40484843, -3.67082436, 'C. de Héctor Bernat 92, Madrid', 40.4947607, -3.62826872, 'Vial Ciriaco Collado 90, Madrid', 'completed', 11.04, 21, 18.56, 20.2, '2026-04-25 18:52:23', '2026-04-25 18:56:59', '2026-04-25 19:01:40', '2026-04-25 19:22:40');
INSERT INTO OFFER (offer_id, trip_id, driver_id, status, sent_at, responded_at) VALUES (308, 101, 35, 'accepted', '2026-04-25 18:52:28', '2026-04-25 18:56:59');
INSERT INTO OFFER (offer_id, trip_id, driver_id, status, sent_at, responded_at) VALUES (309, 101, 1, 'expired', '2026-04-25 18:52:25', NULL);
INSERT INTO OFFER (offer_id, trip_id, driver_id, status, sent_at, responded_at) VALUES (310, 101, 30, 'rejected', '2026-04-25 18:52:27', '2026-04-25 18:53:09');
INSERT INTO OFFER (offer_id, trip_id, driver_id, status, sent_at, responded_at) VALUES (311, 101, 28, 'expired', '2026-04-25 18:52:28', NULL);
INSERT INTO PAYMENT (payment_id, trip_id, amount, platform_fee, driver_earnings, method, status, paid_at) VALUES (86, 101, 20.2, 4.04, 16.16, 'card', 'completed', '2026-04-25 19:22:40');
INSERT INTO TRIP (trip_id, rider_id, driver_id, vehicle_id, origin_lat, origin_lng, origin_address, dest_lat, dest_lng, dest_address, status, distance_km, duration_minutes, price_estimated, price_final, requested_at, accepted_at, started_at, finished_at) VALUES (102, 86, 17, 17, 40.44580569, -3.63818741, 'Via Vicente Lucas 4 Puerta 0 , Madrid', 40.44648144, -3.70177393, 'Callejón Martina Cañellas 39, Madrid', 'completed', 7.06, 16, 12.59, 12.95, '2026-04-25 18:52:27', '2026-04-25 18:55:46', '2026-04-25 19:03:01', '2026-04-25 19:19:01');
INSERT INTO OFFER (offer_id, trip_id, driver_id, status, sent_at, responded_at) VALUES (312, 102, 17, 'accepted', '2026-04-25 18:52:32', '2026-04-25 18:55:46');
INSERT INTO OFFER (offer_id, trip_id, driver_id, status, sent_at, responded_at) VALUES (313, 102, 16, 'rejected', '2026-04-25 18:52:28', '2026-04-25 18:53:03');
INSERT INTO PAYMENT (payment_id, trip_id, amount, platform_fee, driver_earnings, method, status, paid_at) VALUES (87, 102, 12.95, 2.59, 10.36, 'card', 'completed', '2026-04-25 19:23:01');
INSERT INTO TRIP (trip_id, rider_id, driver_id, vehicle_id, origin_lat, origin_lng, origin_address, dest_lat, dest_lng, dest_address, status, distance_km, duration_minutes, price_estimated, price_final, requested_at, accepted_at, started_at, finished_at) VALUES (103, 14, 2, 2, 40.48955243, -3.71970033, 'Paseo Álvaro Peral 346, Madrid', 40.44274576, -3.61250445, 'Callejón Julio Saavedra 67, Madrid', 'completed', 12.98, 24, 21.47, 19.35, '2026-04-25 18:53:07', '2026-04-25 18:57:57', '2026-04-25 19:03:03', '2026-04-25 19:27:03');
INSERT INTO OFFER (offer_id, trip_id, driver_id, status, sent_at, responded_at) VALUES (314, 103, 2, 'accepted', '2026-04-25 18:53:11', '2026-04-25 18:57:57');
INSERT INTO OFFER (offer_id, trip_id, driver_id, status, sent_at, responded_at) VALUES (315, 103, 50, 'expired', '2026-04-25 18:53:08', NULL);
INSERT INTO OFFER (offer_id, trip_id, driver_id, status, sent_at, responded_at) VALUES (316, 103, 38, 'expired', '2026-04-25 18:53:10', NULL);
INSERT INTO OFFER (offer_id, trip_id, driver_id, status, sent_at, responded_at) VALUES (317, 103, 40, 'expired', '2026-04-25 18:53:09', NULL);
INSERT INTO PAYMENT (payment_id, trip_id, amount, platform_fee, driver_earnings, method, status, paid_at) VALUES (88, 103, 19.35, 3.87, 15.48, 'cash', 'pending', NULL);
INSERT INTO TRIP (trip_id, rider_id, driver_id, vehicle_id, origin_lat, origin_lng, origin_address, dest_lat, dest_lng, dest_address, status, distance_km, duration_minutes, price_estimated, price_final, requested_at, accepted_at, started_at, finished_at) VALUES (104, 82, 47, 47, 40.47837922, -3.73125146, 'Cañada de Guiomar Gámez 54, Madrid', 40.35756605, -3.64894509, 'Pasadizo Jose Ramón Pagès 23, Madrid', 'cancelled', 16.23, NULL, 26.34, NULL, '2026-04-25 18:53:04', '2026-04-25 18:54:08', NULL, NULL);
INSERT INTO OFFER (offer_id, trip_id, driver_id, status, sent_at, responded_at) VALUES (318, 104, 47, 'accepted', '2026-04-25 18:53:06', '2026-04-25 18:54:08');
INSERT INTO OFFER (offer_id, trip_id, driver_id, status, sent_at, responded_at) VALUES (319, 104, 25, 'expired', '2026-04-25 18:53:07', NULL);
INSERT INTO OFFER (offer_id, trip_id, driver_id, status, sent_at, responded_at) VALUES (320, 104, 10, 'rejected', '2026-04-25 18:53:05', '2026-04-25 18:53:21');
INSERT INTO TRIP (trip_id, rider_id, driver_id, vehicle_id, origin_lat, origin_lng, origin_address, dest_lat, dest_lng, dest_address, status, distance_km, duration_minutes, price_estimated, price_final, requested_at, accepted_at, started_at, finished_at) VALUES (105, 67, 20, 20, 40.3753512, -3.74381651, 'Ronda Emiliano Villena 84 Puerta 4 , Madrid', 40.35914383, -3.7372181, 'Camino de Raquel Bermúdez 51, Madrid', 'completed', 1.94, 1, 4.91, 4.49, '2026-04-25 18:53:09', '2026-04-25 18:57:51', '2026-04-25 19:01:51', '2026-04-25 19:02:51');
INSERT INTO OFFER (offer_id, trip_id, driver_id, status, sent_at, responded_at) VALUES (321, 105, 20, 'accepted', '2026-04-25 18:53:14', '2026-04-25 18:57:51');
INSERT INTO OFFER (offer_id, trip_id, driver_id, status, sent_at, responded_at) VALUES (322, 105, 37, 'expired', '2026-04-25 18:53:14', NULL);
INSERT INTO OFFER (offer_id, trip_id, driver_id, status, sent_at, responded_at) VALUES (323, 105, 31, 'rejected', '2026-04-25 18:53:13', '2026-04-25 18:53:57');
INSERT INTO OFFER (offer_id, trip_id, driver_id, status, sent_at, responded_at) VALUES (324, 105, 43, 'rejected', '2026-04-25 18:53:13', '2026-04-25 18:54:08');
INSERT INTO PAYMENT (payment_id, trip_id, amount, platform_fee, driver_earnings, method, status, paid_at) VALUES (89, 105, 4.49, 0.9, 3.59, 'card', 'completed', '2026-04-25 19:06:51');
INSERT INTO TRIP (trip_id, rider_id, driver_id, vehicle_id, origin_lat, origin_lng, origin_address, dest_lat, dest_lng, dest_address, status, distance_km, duration_minutes, price_estimated, price_final, requested_at, accepted_at, started_at, finished_at) VALUES (106, 63, 48, 48, 40.44508213, -3.68653964, 'Calle de Magdalena Quintana 48, Madrid', 40.36126934, -3.70833032, 'Paseo Matilde Mariscal 275, Madrid', 'completed', 9.61, 17, 16.41, 16.76, '2026-04-25 18:51:34', '2026-04-25 18:54:14', '2026-04-25 19:01:23', '2026-04-25 19:18:23');
INSERT INTO OFFER (offer_id, trip_id, driver_id, status, sent_at, responded_at) VALUES (325, 106, 42, 'expired', '2026-04-25 18:51:36', NULL);
INSERT INTO OFFER (offer_id, trip_id, driver_id, status, sent_at, responded_at) VALUES (326, 106, 24, 'expired', '2026-04-25 18:51:36', NULL);
INSERT INTO OFFER (offer_id, trip_id, driver_id, status, sent_at, responded_at) VALUES (327, 106, 1, 'rejected', '2026-04-25 18:51:38', '2026-04-25 18:52:25');
INSERT INTO OFFER (offer_id, trip_id, driver_id, status, sent_at, responded_at) VALUES (328, 106, 48, 'accepted', '2026-04-25 18:51:38', '2026-04-25 18:54:14');
INSERT INTO OFFER (offer_id, trip_id, driver_id, status, sent_at, responded_at) VALUES (329, 106, 33, 'expired', '2026-04-25 18:51:39', NULL);
INSERT INTO PAYMENT (payment_id, trip_id, amount, platform_fee, driver_earnings, method, status, paid_at) VALUES (90, 106, 16.76, 3.35, 13.41, 'wallet', 'completed', '2026-04-25 19:21:23');
INSERT INTO TRIP (trip_id, rider_id, driver_id, vehicle_id, origin_lat, origin_lng, origin_address, dest_lat, dest_lng, dest_address, status, distance_km, duration_minutes, price_estimated, price_final, requested_at, accepted_at, started_at, finished_at) VALUES (107, 18, 11, 11, 40.47189236, -3.66822993, 'Glorieta Blas Soria 519, Madrid', 40.37638423, -3.60488684, 'Acceso de Adriana Arcos 29 Apt. 42 , Madrid', 'completed', 12.72, 29, 21.08, 19.23, '2026-04-25 18:50:15', '2026-04-25 18:52:52', '2026-04-25 18:56:19', '2026-04-25 19:25:19');
INSERT INTO OFFER (offer_id, trip_id, driver_id, status, sent_at, responded_at) VALUES (330, 107, 11, 'accepted', '2026-04-25 18:50:20', '2026-04-25 18:52:52');
INSERT INTO PAYMENT (payment_id, trip_id, amount, platform_fee, driver_earnings, method, status, paid_at) VALUES (91, 107, 19.23, 3.85, 15.38, 'cash', 'completed', '2026-04-25 19:27:19');
INSERT INTO TRIP (trip_id, rider_id, driver_id, vehicle_id, origin_lat, origin_lng, origin_address, dest_lat, dest_lng, dest_address, status, distance_km, duration_minutes, price_estimated, price_final, requested_at, accepted_at, started_at, finished_at) VALUES (108, 15, 25, 25, 40.47936197, -3.72288012, 'Calle de Nico Matas 2, Madrid', 40.45017583, -3.73745153, 'Acceso Máximo Esteve 43, Madrid', 'completed', 3.62, 6, 7.43, 7.41, '2026-04-25 18:50:16', '2026-04-25 18:52:09', '2026-04-25 18:54:30', '2026-04-25 19:00:30');
INSERT INTO OFFER (offer_id, trip_id, driver_id, status, sent_at, responded_at) VALUES (331, 108, 25, 'accepted', '2026-04-25 18:50:20', '2026-04-25 18:52:09');
INSERT INTO PAYMENT (payment_id, trip_id, amount, platform_fee, driver_earnings, method, status, paid_at) VALUES (92, 108, 7.41, 1.48, 5.93, 'cash', 'completed', '2026-04-25 19:00:30');
INSERT INTO TRIP (trip_id, rider_id, driver_id, vehicle_id, origin_lat, origin_lng, origin_address, dest_lat, dest_lng, dest_address, status, distance_km, duration_minutes, price_estimated, price_final, requested_at, accepted_at, started_at, finished_at) VALUES (109, 25, 43, 43, 40.48958164, -3.7176374, 'Callejón Manola Adadia 8 Piso 5 , Madrid', 40.42741592, -3.60777998, 'Calle Hilario Gordillo 72 Apt. 50 , Madrid', 'completed', 14.01, 33, 23.02, 21.38, '2026-04-25 18:51:54', '2026-04-25 18:55:29', '2026-04-25 19:01:52', '2026-04-25 19:34:52');
INSERT INTO OFFER (offer_id, trip_id, driver_id, status, sent_at, responded_at) VALUES (332, 109, 43, 'accepted', '2026-04-25 18:51:56', '2026-04-25 18:55:29');
INSERT INTO OFFER (offer_id, trip_id, driver_id, status, sent_at, responded_at) VALUES (333, 109, 25, 'rejected', '2026-04-25 18:51:57', '2026-04-25 18:52:46');
INSERT INTO PAYMENT (payment_id, trip_id, amount, platform_fee, driver_earnings, method, status, paid_at) VALUES (93, 109, 21.38, 4.28, 17.1, 'cash', 'completed', '2026-04-25 19:38:52');
INSERT INTO TRIP (trip_id, rider_id, driver_id, vehicle_id, origin_lat, origin_lng, origin_address, dest_lat, dest_lng, dest_address, status, distance_km, duration_minutes, price_estimated, price_final, requested_at, accepted_at, started_at, finished_at) VALUES (110, 46, 45, 45, 40.4519193, -3.7188235, 'C. de Armida Blanch 48, Madrid', 40.35287991, -3.70878585, 'Cañada de Florentina Roda 8 Puerta 8 , Madrid', 'completed', 11.05, 27, 18.58, 18.63, '2026-04-25 18:50:35', '2026-04-25 18:52:15', '2026-04-25 18:58:20', '2026-04-25 19:25:20');
INSERT INTO OFFER (offer_id, trip_id, driver_id, status, sent_at, responded_at) VALUES (334, 110, 45, 'accepted', '2026-04-25 18:50:40', '2026-04-25 18:52:15');
INSERT INTO OFFER (offer_id, trip_id, driver_id, status, sent_at, responded_at) VALUES (335, 110, 17, 'expired', '2026-04-25 18:50:40', NULL);
INSERT INTO OFFER (offer_id, trip_id, driver_id, status, sent_at, responded_at) VALUES (336, 110, 27, 'expired', '2026-04-25 18:50:38', NULL);
INSERT INTO OFFER (offer_id, trip_id, driver_id, status, sent_at, responded_at) VALUES (337, 110, 5, 'expired', '2026-04-25 18:50:38', NULL);
INSERT INTO PAYMENT (payment_id, trip_id, amount, platform_fee, driver_earnings, method, status, paid_at) VALUES (94, 110, 18.63, 3.73, 14.9, 'wallet', 'pending', NULL);

INSERT INTO TRIP (trip_id, rider_id, driver_id, vehicle_id, origin_lat, origin_lng, origin_address, dest_lat, dest_lng, dest_address, status, distance_km, duration_minutes, price_estimated, price_final, requested_at, accepted_at, started_at, finished_at) VALUES (111, 11, 10, 10, 40.49818936, -3.73960916, 'Pasadizo Carlito Bayo 25 Apt. 10 , Madrid', 40.41801331, -3.74314356, 'Calle de Brígida Pedrosa 23, Madrid', 'completed', 8.91, 18, 15.37, 15.76, '2026-04-25 18:52:34', '2026-04-25 18:55:28', '2026-04-25 19:01:09', '2026-04-25 19:19:09');
INSERT INTO OFFER (offer_id, trip_id, driver_id, status, sent_at, responded_at) VALUES (338, 111, 10, 'accepted', '2026-04-25 18:52:38', '2026-04-25 18:55:28');
INSERT INTO OFFER (offer_id, trip_id, driver_id, status, sent_at, responded_at) VALUES (339, 111, 17, 'expired', '2026-04-25 18:52:37', NULL);
INSERT INTO OFFER (offer_id, trip_id, driver_id, status, sent_at, responded_at) VALUES (340, 111, 31, 'rejected', '2026-04-25 18:52:38', '2026-04-25 18:52:57');
INSERT INTO PAYMENT (payment_id, trip_id, amount, platform_fee, driver_earnings, method, status, paid_at) VALUES (95, 111, 15.76, 3.15, 12.61, 'wallet', 'completed', '2026-04-25 19:19:09');
INSERT INTO TRIP (trip_id, rider_id, driver_id, vehicle_id, origin_lat, origin_lng, origin_address, dest_lat, dest_lng, dest_address, status, distance_km, duration_minutes, price_estimated, price_final, requested_at, accepted_at, started_at, finished_at) VALUES (112, 67, 16, 16, 40.36206583, -3.619247, 'Alameda de Baltasar Adadia 5, Madrid', 40.45474619, -3.63561427, 'Urbanización Eugenio Escamilla 325, Madrid', 'completed', 10.45, 22, 17.67, 17.08, '2026-04-25 18:50:33', '2026-04-25 18:54:02', '2026-04-25 19:00:34', '2026-04-25 19:22:34');
INSERT INTO OFFER (offer_id, trip_id, driver_id, status, sent_at, responded_at) VALUES (341, 112, 16, 'accepted', '2026-04-25 18:50:37', '2026-04-25 18:54:02');
INSERT INTO PAYMENT (payment_id, trip_id, amount, platform_fee, driver_earnings, method, status, paid_at) VALUES (96, 112, 17.08, 3.42, 13.66, 'cash', 'completed', '2026-04-25 19:25:34');
INSERT INTO TRIP (trip_id, rider_id, driver_id, vehicle_id, origin_lat, origin_lng, origin_address, dest_lat, dest_lng, dest_address, status, distance_km, duration_minutes, price_estimated, price_final, requested_at, accepted_at, started_at, finished_at) VALUES (113, 1, 4, 4, 40.43533683, -3.72218506, 'Acceso Abilio Arcos 26 Apt. 35 , Madrid', 40.38777329, -3.64302511, 'Calle Fidel Jara 900, Madrid', 'completed', 10.25, 23, 17.38, 19.08, '2026-04-25 18:51:38', '2026-04-25 18:54:32', '2026-04-25 19:00:21', '2026-04-25 19:23:21');
INSERT INTO OFFER (offer_id, trip_id, driver_id, status, sent_at, responded_at) VALUES (342, 113, 4, 'accepted', '2026-04-25 18:51:42', '2026-04-25 18:54:32');
INSERT INTO PAYMENT (payment_id, trip_id, amount, platform_fee, driver_earnings, method, status, paid_at) VALUES (97, 113, 19.08, 3.82, 15.26, 'wallet', 'completed', '2026-04-25 19:27:21');
INSERT INTO TRIP (trip_id, rider_id, driver_id, vehicle_id, origin_lat, origin_lng, origin_address, dest_lat, dest_lng, dest_address, status, distance_km, duration_minutes, price_estimated, price_final, requested_at, accepted_at, started_at, finished_at) VALUES (114, 82, 29, 29, 40.44044469, -3.70620073, 'Cuesta Alma Bastida 4 Piso 0 , Madrid', 40.38416753, -3.64395956, 'Via Guiomar Salas 5, Madrid', 'completed', 9.31, 23, 15.96, 17.13, '2026-04-25 18:52:07', '2026-04-25 18:55:10', '2026-04-25 19:02:39', '2026-04-25 19:25:39');
INSERT INTO OFFER (offer_id, trip_id, driver_id, status, sent_at, responded_at) VALUES (343, 114, 29, 'accepted', '2026-04-25 18:52:08', '2026-04-25 18:55:10');
INSERT INTO OFFER (offer_id, trip_id, driver_id, status, sent_at, responded_at) VALUES (344, 114, 35, 'expired', '2026-04-25 18:52:11', NULL);
INSERT INTO PAYMENT (payment_id, trip_id, amount, platform_fee, driver_earnings, method, status, paid_at) VALUES (98, 114, 17.13, 3.43, 13.7, 'wallet', 'completed', '2026-04-25 19:28:39');
INSERT INTO TRIP (trip_id, rider_id, driver_id, vehicle_id, origin_lat, origin_lng, origin_address, dest_lat, dest_lng, dest_address, status, distance_km, duration_minutes, price_estimated, price_final, requested_at, accepted_at, started_at, finished_at) VALUES (115, 66, 40, 40, 40.38041193, -3.65770752, 'Cañada Vera Barranco 456 Apt. 33 , Madrid', 40.46322286, -3.64752231, 'Calle Fidela Jerez 654, Madrid', 'completed', 9.26, 22, 15.89, 15.36, '2026-04-25 18:50:59', '2026-04-25 18:55:03', '2026-04-25 19:04:46', '2026-04-25 19:26:46');
INSERT INTO OFFER (offer_id, trip_id, driver_id, status, sent_at, responded_at) VALUES (345, 115, 40, 'accepted', '2026-04-25 18:51:02', '2026-04-25 18:55:03');
INSERT INTO OFFER (offer_id, trip_id, driver_id, status, sent_at, responded_at) VALUES (346, 115, 16, 'expired', '2026-04-25 18:51:01', NULL);
INSERT INTO OFFER (offer_id, trip_id, driver_id, status, sent_at, responded_at) VALUES (347, 115, 31, 'rejected', '2026-04-25 18:51:01', '2026-04-25 18:51:52');
INSERT INTO OFFER (offer_id, trip_id, driver_id, status, sent_at, responded_at) VALUES (348, 115, 44, 'expired', '2026-04-25 18:51:04', NULL);
INSERT INTO PAYMENT (payment_id, trip_id, amount, platform_fee, driver_earnings, method, status, paid_at) VALUES (99, 115, 15.36, 3.07, 12.29, 'card', 'pending', NULL);
INSERT INTO TRIP (trip_id, rider_id, driver_id, vehicle_id, origin_lat, origin_lng, origin_address, dest_lat, dest_lng, dest_address, status, distance_km, duration_minutes, price_estimated, price_final, requested_at, accepted_at, started_at, finished_at) VALUES (116, 88, 9, 9, 40.49924446, -3.62038817, 'Plaza Roxana Ródenas 6, Madrid', 40.43057116, -3.64817931, 'C. de Herminio España 43 Piso 5 , Madrid', 'completed', 8.22, 18, 14.33, 12.91, '2026-04-25 18:51:14', '2026-04-25 18:54:44', '2026-04-25 19:00:29', '2026-04-25 19:18:29');
INSERT INTO OFFER (offer_id, trip_id, driver_id, status, sent_at, responded_at) VALUES (349, 116, 9, 'accepted', '2026-04-25 18:51:16', '2026-04-25 18:54:44');
INSERT INTO OFFER (offer_id, trip_id, driver_id, status, sent_at, responded_at) VALUES (350, 116, 30, 'expired', '2026-04-25 18:51:18', NULL);
INSERT INTO PAYMENT (payment_id, trip_id, amount, platform_fee, driver_earnings, method, status, paid_at) VALUES (100, 116, 12.91, 2.58, 10.33, 'card', 'pending', NULL);
INSERT INTO TRIP (trip_id, rider_id, driver_id, vehicle_id, origin_lat, origin_lng, origin_address, dest_lat, dest_lng, dest_address, status, distance_km, duration_minutes, price_estimated, price_final, requested_at, accepted_at, started_at, finished_at) VALUES (117, 26, 15, 15, 40.38436076, -3.71859807, 'Acceso Pepita Nebot 2, Madrid', 40.46796093, -3.61648524, 'Callejón de Lidia Alcántara 96 Puerta 4 , Madrid', 'completed', 14.65, 31, 23.98, 24.85, '2026-04-25 18:52:24', '2026-04-25 18:56:43', '2026-04-25 19:00:56', '2026-04-25 19:31:56');
INSERT INTO OFFER (offer_id, trip_id, driver_id, status, sent_at, responded_at) VALUES (351, 117, 15, 'accepted', '2026-04-25 18:52:26', '2026-04-25 18:56:43');
INSERT INTO OFFER (offer_id, trip_id, driver_id, status, sent_at, responded_at) VALUES (352, 117, 38, 'rejected', '2026-04-25 18:52:25', '2026-04-25 18:53:20');
INSERT INTO PAYMENT (payment_id, trip_id, amount, platform_fee, driver_earnings, method, status, paid_at) VALUES (101, 117, 24.85, 4.97, 19.88, 'cash', 'completed', '2026-04-25 19:35:56');
INSERT INTO TRIP (trip_id, rider_id, driver_id, vehicle_id, origin_lat, origin_lng, origin_address, dest_lat, dest_lng, dest_address, status, distance_km, duration_minutes, price_estimated, price_final, requested_at, accepted_at, started_at, finished_at) VALUES (118, 41, 25, 25, 40.37957677, -3.62878305, 'Paseo Juan José Mur 870, Madrid', 40.40553424, -3.70059173, 'Glorieta Paco Fabregat 29 Apt. 89 , Madrid', 'completed', 8.48, 21, 14.72, 14.75, '2026-04-25 18:51:58', '2026-04-25 18:53:56', '2026-04-25 19:03:31', '2026-04-25 19:24:31');
INSERT INTO OFFER (offer_id, trip_id, driver_id, status, sent_at, responded_at) VALUES (353, 118, 25, 'accepted', '2026-04-25 18:51:59', '2026-04-25 18:53:56');
INSERT INTO PAYMENT (payment_id, trip_id, amount, platform_fee, driver_earnings, method, status, paid_at) VALUES (102, 118, 14.75, 2.95, 11.8, 'card', 'completed', '2026-04-25 19:25:31');
INSERT INTO TRIP (trip_id, rider_id, driver_id, vehicle_id, origin_lat, origin_lng, origin_address, dest_lat, dest_lng, dest_address, status, distance_km, duration_minutes, price_estimated, price_final, requested_at, accepted_at, started_at, finished_at) VALUES (119, 81, 28, 28, 40.47193693, -3.71466229, 'Rambla Reinaldo Caro 53, Madrid', 40.40246192, -3.66528033, 'Rambla Gabino Varela 23 Puerta 9 , Madrid', 'completed', 9.46, 17, 16.19, 16.9, '2026-04-25 18:50:44', '2026-04-25 18:51:45', '2026-04-25 19:00:59', '2026-04-25 19:17:59');
INSERT INTO OFFER (offer_id, trip_id, driver_id, status, sent_at, responded_at) VALUES (354, 119, 28, 'accepted', '2026-04-25 18:50:48', '2026-04-25 18:51:45');
INSERT INTO OFFER (offer_id, trip_id, driver_id, status, sent_at, responded_at) VALUES (355, 119, 23, 'rejected', '2026-04-25 18:50:47', '2026-04-25 18:51:04');
INSERT INTO PAYMENT (payment_id, trip_id, amount, platform_fee, driver_earnings, method, status, paid_at) VALUES (103, 119, 16.9, 3.38, 13.52, 'card', 'pending', NULL);
INSERT INTO TRIP (trip_id, rider_id, driver_id, vehicle_id, origin_lat, origin_lng, origin_address, dest_lat, dest_lng, dest_address, status, distance_km, duration_minutes, price_estimated, price_final, requested_at, accepted_at, started_at, finished_at) VALUES (120, 71, 7, 7, 40.36681084, -3.67654286, 'Callejón de Nereida Cabello 16 Puerta 0 , Madrid', 40.45376885, -3.6791797, 'Rambla Raimundo Parra 84, Madrid', 'completed', 9.66, 18, 16.49, 16.14, '2026-04-25 18:50:25', '2026-04-25 18:52:35', '2026-04-25 18:56:03', '2026-04-25 19:14:03');
INSERT INTO OFFER (offer_id, trip_id, driver_id, status, sent_at, responded_at) VALUES (356, 120, 7, 'accepted', '2026-04-25 18:50:28', '2026-04-25 18:52:35');
INSERT INTO PAYMENT (payment_id, trip_id, amount, platform_fee, driver_earnings, method, status, paid_at) VALUES (104, 120, 16.14, 3.23, 12.91, 'wallet', 'completed', '2026-04-25 19:14:03');

INSERT INTO TRIP (trip_id, rider_id, driver_id, vehicle_id, origin_lat, origin_lng, origin_address, dest_lat, dest_lng, dest_address, status, distance_km, duration_minutes, price_estimated, price_final, requested_at, accepted_at, started_at, finished_at) VALUES (121, 2, 37, 37, 40.47108837, -3.70911415, 'Camino de Eugenio Arenas 43 Piso 4 , Madrid', 40.40584444, -3.74026859, 'Cañada de Marcial Piña 71 Piso 4 , Madrid', 'completed', 8.03, 17, 14.04, 13.25, '2026-04-25 18:51:56', '2026-04-25 18:56:45', '2026-04-25 19:04:13', '2026-04-25 19:21:13');
INSERT INTO OFFER (offer_id, trip_id, driver_id, status, sent_at, responded_at) VALUES (357, 121, 37, 'accepted', '2026-04-25 18:52:00', '2026-04-25 18:56:45');
INSERT INTO PAYMENT (payment_id, trip_id, amount, platform_fee, driver_earnings, method, status, paid_at) VALUES (105, 121, 13.25, 2.65, 10.6, 'card', 'completed', '2026-04-25 19:24:13');
INSERT INTO TRIP (trip_id, rider_id, driver_id, vehicle_id, origin_lat, origin_lng, origin_address, dest_lat, dest_lng, dest_address, status, distance_km, duration_minutes, price_estimated, price_final, requested_at, accepted_at, started_at, finished_at) VALUES (122, 80, 34, 34, 40.40939636, -3.6287964, 'Pasadizo Cirino Carrasco 43, Madrid', 40.461577, -3.7391917, 'Via Virgilio Bustos 50, Madrid', 'completed', 13.55, 32, 22.33, 20.77, '2026-04-25 18:52:07', '2026-04-25 18:55:26', '2026-04-25 19:01:21', '2026-04-25 19:33:21');
INSERT INTO OFFER (offer_id, trip_id, driver_id, status, sent_at, responded_at) VALUES (358, 122, 34, 'accepted', '2026-04-25 18:52:09', '2026-04-25 18:55:26');
INSERT INTO OFFER (offer_id, trip_id, driver_id, status, sent_at, responded_at) VALUES (359, 122, 13, 'expired', '2026-04-25 18:52:09', NULL);
INSERT INTO PAYMENT (payment_id, trip_id, amount, platform_fee, driver_earnings, method, status, paid_at) VALUES (106, 122, 20.77, 4.15, 16.62, 'card', 'completed', '2026-04-25 19:35:21');
INSERT INTO TRIP (trip_id, rider_id, driver_id, vehicle_id, origin_lat, origin_lng, origin_address, dest_lat, dest_lng, dest_address, status, distance_km, duration_minutes, price_estimated, price_final, requested_at, accepted_at, started_at, finished_at) VALUES (123, 70, 13, 13, 40.38894471, -3.68234637, 'Rambla de Víctor Cuenca 91 Apt. 66 , Madrid', 40.47919705, -3.73264979, 'Rambla de Milagros Gómez 2, Madrid', 'completed', 11.47, 23, 19.21, 20.32, '2026-04-25 18:50:53', '2026-04-25 18:53:23', '2026-04-25 18:57:09', '2026-04-25 19:20:09');
INSERT INTO OFFER (offer_id, trip_id, driver_id, status, sent_at, responded_at) VALUES (360, 123, 13, 'accepted', '2026-04-25 18:50:57', '2026-04-25 18:53:23');
INSERT INTO OFFER (offer_id, trip_id, driver_id, status, sent_at, responded_at) VALUES (361, 123, 41, 'expired', '2026-04-25 18:50:55', NULL);
INSERT INTO PAYMENT (payment_id, trip_id, amount, platform_fee, driver_earnings, method, status, paid_at) VALUES (107, 123, 20.32, 4.06, 16.26, 'card', 'completed', '2026-04-25 19:24:09');
INSERT INTO TRIP (trip_id, rider_id, driver_id, vehicle_id, origin_lat, origin_lng, origin_address, dest_lat, dest_lng, dest_address, status, distance_km, duration_minutes, price_estimated, price_final, requested_at, accepted_at, started_at, finished_at) VALUES (124, 79, 5, 5, 40.48985935, -3.63077152, 'Plaza de Natalio Castejón 306 Apt. 05 , Madrid', 40.37017815, -3.67327707, 'Pasaje de Fátima Abella 27, Madrid', 'completed', 14.1, 32, 23.15, 21.99, '2026-04-25 18:51:56', '2026-04-25 18:56:38', '2026-04-25 19:02:47', '2026-04-25 19:34:47');
INSERT INTO OFFER (offer_id, trip_id, driver_id, status, sent_at, responded_at) VALUES (362, 124, 5, 'accepted', '2026-04-25 18:51:57', '2026-04-25 18:56:38');
INSERT INTO OFFER (offer_id, trip_id, driver_id, status, sent_at, responded_at) VALUES (363, 124, 24, 'rejected', '2026-04-25 18:52:01', '2026-04-25 18:52:22');
INSERT INTO PAYMENT (payment_id, trip_id, amount, platform_fee, driver_earnings, method, status, paid_at) VALUES (108, 124, 21.99, 4.4, 17.59, 'cash', 'completed', '2026-04-25 19:39:47');
INSERT INTO TRIP (trip_id, rider_id, driver_id, vehicle_id, origin_lat, origin_lng, origin_address, dest_lat, dest_lng, dest_address, status, distance_km, duration_minutes, price_estimated, price_final, requested_at, accepted_at, started_at, finished_at) VALUES (125, 63, 25, 25, 40.41715448, -3.61474781, 'Cuesta Jordana Cañas 342 Puerta 7 , Madrid', 40.45473037, -3.68769849, 'Pasadizo Gabino Jaume 81 Puerta 2 , Madrid', 'completed', 9.11, 23, 15.66, 14.57, '2026-04-25 18:51:58', '2026-04-25 18:56:20', '2026-04-25 19:05:11', '2026-04-25 19:28:11');
INSERT INTO OFFER (offer_id, trip_id, driver_id, status, sent_at, responded_at) VALUES (364, 125, 25, 'accepted', '2026-04-25 18:51:59', '2026-04-25 18:56:20');
INSERT INTO OFFER (offer_id, trip_id, driver_id, status, sent_at, responded_at) VALUES (365, 125, 20, 'rejected', '2026-04-25 18:52:02', '2026-04-25 18:52:38');
INSERT INTO OFFER (offer_id, trip_id, driver_id, status, sent_at, responded_at) VALUES (366, 125, 11, 'expired', '2026-04-25 18:52:01', NULL);
INSERT INTO OFFER (offer_id, trip_id, driver_id, status, sent_at, responded_at) VALUES (367, 125, 42, 'rejected', '2026-04-25 18:52:00', '2026-04-25 18:52:57');
INSERT INTO PAYMENT (payment_id, trip_id, amount, platform_fee, driver_earnings, method, status, paid_at) VALUES (109, 125, 14.57, 2.91, 11.66, 'wallet', 'completed', '2026-04-25 19:31:11');
INSERT INTO TRIP (trip_id, rider_id, driver_id, vehicle_id, origin_lat, origin_lng, origin_address, dest_lat, dest_lng, dest_address, status, distance_km, duration_minutes, price_estimated, price_final, requested_at, accepted_at, started_at, finished_at) VALUES (126, 10, 31, 31, 40.41606661, -3.63240771, 'Via Evelia Alvarez 52 Apt. 25 , Madrid', 40.38953109, -3.69201038, 'Vial de Cleto Pinto 8 Apt. 17 , Madrid', 'completed', 7.24, 18, 12.86, 13.57, '2026-04-25 18:50:34', '2026-04-25 18:53:22', '2026-04-25 19:00:26', '2026-04-25 19:18:26');
INSERT INTO OFFER (offer_id, trip_id, driver_id, status, sent_at, responded_at) VALUES (368, 126, 31, 'accepted', '2026-04-25 18:50:35', '2026-04-25 18:53:22');
INSERT INTO OFFER (offer_id, trip_id, driver_id, status, sent_at, responded_at) VALUES (369, 126, 37, 'expired', '2026-04-25 18:50:39', NULL);
INSERT INTO OFFER (offer_id, trip_id, driver_id, status, sent_at, responded_at) VALUES (370, 126, 36, 'rejected', '2026-04-25 18:50:36', '2026-04-25 18:51:30');
INSERT INTO PAYMENT (payment_id, trip_id, amount, platform_fee, driver_earnings, method, status, paid_at) VALUES (110, 126, 13.57, 2.71, 10.86, 'card', 'pending', NULL);
INSERT INTO TRIP (trip_id, rider_id, driver_id, vehicle_id, origin_lat, origin_lng, origin_address, dest_lat, dest_lng, dest_address, status, distance_km, duration_minutes, price_estimated, price_final, requested_at, accepted_at, started_at, finished_at) VALUES (127, 24, NULL, NULL, 40.35723621, -3.73229384, 'Plaza de Bartolomé Zurita 414, Madrid', 40.47200403, -3.67357258, 'Cañada Aurelio Cañellas 485 Puerta 2 , Madrid', 'cancelled', 14.31, NULL, 23.46, NULL, '2026-04-25 18:51:35', NULL, NULL, NULL);
INSERT INTO OFFER (offer_id, trip_id, driver_id, status, sent_at, responded_at) VALUES (371, 127, 23, 'rejected', '2026-04-25 18:51:39', '2026-04-25 18:51:55');
INSERT INTO OFFER (offer_id, trip_id, driver_id, status, sent_at, responded_at) VALUES (372, 127, 3, 'rejected', '2026-04-25 18:51:40', '2026-04-25 18:52:29');
INSERT INTO OFFER (offer_id, trip_id, driver_id, status, sent_at, responded_at) VALUES (373, 127, 49, 'expired', '2026-04-25 18:51:36', NULL);
INSERT INTO OFFER (offer_id, trip_id, driver_id, status, sent_at, responded_at) VALUES (374, 127, 45, 'expired', '2026-04-25 18:51:37', NULL);
INSERT INTO OFFER (offer_id, trip_id, driver_id, status, sent_at, responded_at) VALUES (375, 127, 13, 'expired', '2026-04-25 18:51:36', NULL);
INSERT INTO TRIP (trip_id, rider_id, driver_id, vehicle_id, origin_lat, origin_lng, origin_address, dest_lat, dest_lng, dest_address, status, distance_km, duration_minutes, price_estimated, price_final, requested_at, accepted_at, started_at, finished_at) VALUES (128, 85, 48, 48, 40.35705878, -3.74013764, 'Ronda Liliana Vara 966, Madrid', 40.45751969, -3.629209, 'Pasadizo Hilda Gilabert 12, Madrid', 'completed', 16.61, 32, 26.91, 29.44, '2026-04-25 18:51:32', '2026-04-25 18:54:32', '2026-04-25 19:01:24', '2026-04-25 19:33:24');
INSERT INTO OFFER (offer_id, trip_id, driver_id, status, sent_at, responded_at) VALUES (376, 128, 48, 'accepted', '2026-04-25 18:51:37', '2026-04-25 18:54:32');
INSERT INTO OFFER (offer_id, trip_id, driver_id, status, sent_at, responded_at) VALUES (377, 128, 4, 'expired', '2026-04-25 18:51:35', NULL);
INSERT INTO OFFER (offer_id, trip_id, driver_id, status, sent_at, responded_at) VALUES (378, 128, 24, 'rejected', '2026-04-25 18:51:35', '2026-04-25 18:52:05');
INSERT INTO OFFER (offer_id, trip_id, driver_id, status, sent_at, responded_at) VALUES (379, 128, 10, 'rejected', '2026-04-25 18:51:33', '2026-04-25 18:52:01');
INSERT INTO PAYMENT (payment_id, trip_id, amount, platform_fee, driver_earnings, method, status, paid_at) VALUES (111, 128, 29.44, 5.89, 23.55, 'card', 'pending', NULL);
INSERT INTO TRIP (trip_id, rider_id, driver_id, vehicle_id, origin_lat, origin_lng, origin_address, dest_lat, dest_lng, dest_address, status, distance_km, duration_minutes, price_estimated, price_final, requested_at, accepted_at, started_at, finished_at) VALUES (129, 77, 10, 10, 40.38706573, -3.69855798, 'Camino Octavio Marí 8 Piso 5 , Madrid', 40.36548238, -3.73540101, 'Vial de Jose Ignacio Llorens 70 Apt. 52 , Madrid', 'completed', 4.74, 11, 9.11, 8.72, '2026-04-25 18:52:43', '2026-04-25 18:57:14', '2026-04-25 19:06:41', '2026-04-25 19:17:41');
INSERT INTO OFFER (offer_id, trip_id, driver_id, status, sent_at, responded_at) VALUES (380, 129, 10, 'accepted', '2026-04-25 18:52:47', '2026-04-25 18:57:14');
INSERT INTO OFFER (offer_id, trip_id, driver_id, status, sent_at, responded_at) VALUES (381, 129, 18, 'expired', '2026-04-25 18:52:46', NULL);
INSERT INTO OFFER (offer_id, trip_id, driver_id, status, sent_at, responded_at) VALUES (382, 129, 32, 'expired', '2026-04-25 18:52:48', NULL);
INSERT INTO OFFER (offer_id, trip_id, driver_id, status, sent_at, responded_at) VALUES (383, 129, 8, 'expired', '2026-04-25 18:52:45', NULL);
INSERT INTO PAYMENT (payment_id, trip_id, amount, platform_fee, driver_earnings, method, status, paid_at) VALUES (112, 129, 8.72, 1.74, 6.98, 'card', 'pending', NULL);
INSERT INTO TRIP (trip_id, rider_id, driver_id, vehicle_id, origin_lat, origin_lng, origin_address, dest_lat, dest_lng, dest_address, status, distance_km, duration_minutes, price_estimated, price_final, requested_at, accepted_at, started_at, finished_at) VALUES (130, 78, NULL, NULL, 40.49094273, -3.66221056, 'Vial Arsenio Prado 6 Apt. 26 , Madrid', 40.41317479, -3.60251208, 'Ronda Gabriela Valentín 13 Piso 9 , Madrid', 'cancelled', 10.88, NULL, 18.32, NULL, '2026-04-25 18:50:18', NULL, NULL, NULL);
INSERT INTO OFFER (offer_id, trip_id, driver_id, status, sent_at, responded_at) VALUES (384, 130, 46, 'rejected', '2026-04-25 18:50:20', '2026-04-25 18:51:08');
INSERT INTO OFFER (offer_id, trip_id, driver_id, status, sent_at, responded_at) VALUES (385, 130, 3, 'rejected', '2026-04-25 18:50:21', '2026-04-25 18:50:35');
INSERT INTO OFFER (offer_id, trip_id, driver_id, status, sent_at, responded_at) VALUES (386, 130, 22, 'expired', '2026-04-25 18:50:23', NULL);

INSERT INTO TRIP (trip_id, rider_id, driver_id, vehicle_id, origin_lat, origin_lng, origin_address, dest_lat, dest_lng, dest_address, status, distance_km, duration_minutes, price_estimated, price_final, requested_at, accepted_at, started_at, finished_at) VALUES (131, 35, 18, 18, 40.39463033, -3.68159079, 'Vial de Emilia Acosta 87 Piso 8 , Madrid', 40.49375025, -3.72067024, 'Camino de Eva Galvez 98 Puerta 7 , Madrid', 'completed', 11.83, 22, 19.75, 19.27, '2026-04-25 18:50:14', '2026-04-25 18:54:31', '2026-04-25 18:56:39', '2026-04-25 19:18:39');
INSERT INTO OFFER (offer_id, trip_id, driver_id, status, sent_at, responded_at) VALUES (387, 131, 18, 'accepted', '2026-04-25 18:50:19', '2026-04-25 18:54:31');
INSERT INTO PAYMENT (payment_id, trip_id, amount, platform_fee, driver_earnings, method, status, paid_at) VALUES (113, 131, 19.27, 3.85, 15.42, 'cash', 'completed', '2026-04-25 19:20:39');
INSERT INTO TRIP (trip_id, rider_id, driver_id, vehicle_id, origin_lat, origin_lng, origin_address, dest_lat, dest_lng, dest_address, status, distance_km, duration_minutes, price_estimated, price_final, requested_at, accepted_at, started_at, finished_at) VALUES (132, 90, NULL, NULL, 40.37115262, -3.72187307, 'Calle de Vicente Quirós 2 Piso 2 , Madrid', 40.47749129, -3.72396197, 'Via Primitivo Valero 77, Madrid', 'cancelled', 11.81, NULL, 19.71, NULL, '2026-04-25 18:50:23', NULL, NULL, NULL);
INSERT INTO OFFER (offer_id, trip_id, driver_id, status, sent_at, responded_at) VALUES (388, 132, 2, 'rejected', '2026-04-25 18:50:24', '2026-04-25 18:51:11');
INSERT INTO OFFER (offer_id, trip_id, driver_id, status, sent_at, responded_at) VALUES (389, 132, 42, 'expired', '2026-04-25 18:50:28', NULL);
INSERT INTO OFFER (offer_id, trip_id, driver_id, status, sent_at, responded_at) VALUES (390, 132, 50, 'expired', '2026-04-25 18:50:28', NULL);
INSERT INTO OFFER (offer_id, trip_id, driver_id, status, sent_at, responded_at) VALUES (391, 132, 25, 'expired', '2026-04-25 18:50:26', NULL);
INSERT INTO OFFER (offer_id, trip_id, driver_id, status, sent_at, responded_at) VALUES (392, 132, 12, 'rejected', '2026-04-25 18:50:25', '2026-04-25 18:50:39');
INSERT INTO TRIP (trip_id, rider_id, driver_id, vehicle_id, origin_lat, origin_lng, origin_address, dest_lat, dest_lng, dest_address, status, distance_km, duration_minutes, price_estimated, price_final, requested_at, accepted_at, started_at, finished_at) VALUES (133, 24, 26, 26, 40.38900798, -3.60344722, 'Pasaje de María Carmen Anglada 72, Madrid', 40.42037467, -3.6045046, 'Avenida Cornelio Vigil 92 Apt. 18 , Madrid', 'in_progress', 3.48, NULL, 7.22, NULL, '2026-04-25 18:52:08', '2026-04-25 18:54:09', '2026-04-25 18:57:39', NULL);
INSERT INTO OFFER (offer_id, trip_id, driver_id, status, sent_at, responded_at) VALUES (393, 133, 26, 'accepted', '2026-04-25 18:52:12', '2026-04-25 18:54:09');
INSERT INTO TRIP (trip_id, rider_id, driver_id, vehicle_id, origin_lat, origin_lng, origin_address, dest_lat, dest_lng, dest_address, status, distance_km, duration_minutes, price_estimated, price_final, requested_at, accepted_at, started_at, finished_at) VALUES (134, 4, 45, 45, 40.45854413, -3.70221236, 'Pasadizo de Blanca Cabrero 861, Madrid', 40.3768985, -3.73387242, 'C. de Melania Sabater 1, Madrid', 'completed', 9.72, 22, 16.58, 14.99, '2026-04-25 18:53:01', '2026-04-25 18:54:02', '2026-04-25 19:02:38', '2026-04-25 19:24:38');
INSERT INTO OFFER (offer_id, trip_id, driver_id, status, sent_at, responded_at) VALUES (394, 134, 45, 'accepted', '2026-04-25 18:53:04', '2026-04-25 18:54:02');
INSERT INTO OFFER (offer_id, trip_id, driver_id, status, sent_at, responded_at) VALUES (395, 134, 7, 'rejected', '2026-04-25 18:53:05', '2026-04-25 18:53:33');
INSERT INTO PAYMENT (payment_id, trip_id, amount, platform_fee, driver_earnings, method, status, paid_at) VALUES (114, 134, 14.99, 3.0, 11.99, 'card', 'pending', NULL);
INSERT INTO TRIP (trip_id, rider_id, driver_id, vehicle_id, origin_lat, origin_lng, origin_address, dest_lat, dest_lng, dest_address, status, distance_km, duration_minutes, price_estimated, price_final, requested_at, accepted_at, started_at, finished_at) VALUES (135, 7, 45, 45, 40.39046509, -3.7270837, 'Callejón Álvaro Rosa 86, Madrid', 40.46241153, -3.66831704, 'Acceso de Eustaquio Grande 54 Puerta 2 , Madrid', 'completed', 10.31, 18, 17.46, 15.95, '2026-04-25 18:52:43', '2026-04-25 18:54:49', '2026-04-25 19:02:13', '2026-04-25 19:20:13');
INSERT INTO OFFER (offer_id, trip_id, driver_id, status, sent_at, responded_at) VALUES (396, 135, 45, 'accepted', '2026-04-25 18:52:48', '2026-04-25 18:54:49');
INSERT INTO PAYMENT (payment_id, trip_id, amount, platform_fee, driver_earnings, method, status, paid_at) VALUES (115, 135, 15.95, 3.19, 12.76, 'wallet', 'pending', NULL);
INSERT INTO TRIP (trip_id, rider_id, driver_id, vehicle_id, origin_lat, origin_lng, origin_address, dest_lat, dest_lng, dest_address, status, distance_km, duration_minutes, price_estimated, price_final, requested_at, accepted_at, started_at, finished_at) VALUES (136, 26, 2, 2, 40.46355197, -3.65862494, 'Cañada Custodia Medina 85 Apt. 41 , Madrid', 40.40331429, -3.63807871, 'Camino de Carmen Pablo 771, Madrid', 'cancelled', 7.06, NULL, 12.59, NULL, '2026-04-25 18:50:29', '2026-04-25 18:53:20', NULL, NULL);
INSERT INTO OFFER (offer_id, trip_id, driver_id, status, sent_at, responded_at) VALUES (397, 136, 2, 'accepted', '2026-04-25 18:50:32', '2026-04-25 18:53:20');
INSERT INTO OFFER (offer_id, trip_id, driver_id, status, sent_at, responded_at) VALUES (398, 136, 20, 'expired', '2026-04-25 18:50:30', NULL);
INSERT INTO OFFER (offer_id, trip_id, driver_id, status, sent_at, responded_at) VALUES (399, 136, 30, 'expired', '2026-04-25 18:50:31', NULL);
INSERT INTO OFFER (offer_id, trip_id, driver_id, status, sent_at, responded_at) VALUES (400, 136, 42, 'rejected', '2026-04-25 18:50:31', '2026-04-25 18:51:14');
INSERT INTO TRIP (trip_id, rider_id, driver_id, vehicle_id, origin_lat, origin_lng, origin_address, dest_lat, dest_lng, dest_address, status, distance_km, duration_minutes, price_estimated, price_final, requested_at, accepted_at, started_at, finished_at) VALUES (137, 41, 29, 29, 40.39438133, -3.74508867, 'Urbanización de Xavier Lledó 434, Madrid', 40.39362477, -3.60663957, 'Ronda de Chuy Godoy 91 Piso 6 , Madrid', 'completed', 15.37, 32, 25.05, 23.64, '2026-04-25 18:51:46', '2026-04-25 18:52:56', '2026-04-25 18:57:59', '2026-04-25 19:29:59');
INSERT INTO OFFER (offer_id, trip_id, driver_id, status, sent_at, responded_at) VALUES (401, 137, 29, 'accepted', '2026-04-25 18:51:48', '2026-04-25 18:52:56');
INSERT INTO PAYMENT (payment_id, trip_id, amount, platform_fee, driver_earnings, method, status, paid_at) VALUES (116, 137, 23.64, 4.73, 18.91, 'cash', 'pending', NULL);
INSERT INTO TRIP (trip_id, rider_id, driver_id, vehicle_id, origin_lat, origin_lng, origin_address, dest_lat, dest_lng, dest_address, status, distance_km, duration_minutes, price_estimated, price_final, requested_at, accepted_at, started_at, finished_at) VALUES (138, 42, 30, 30, 40.42957288, -3.65625273, 'Pasaje de Albino Ramis 22, Madrid', 40.41834874, -3.66786796, 'Plaza Flavio Lastra 265, Madrid', 'completed', 1.79, 7, 4.69, 4.9, '2026-04-25 18:51:58', '2026-04-25 18:56:08', '2026-04-25 19:03:32', '2026-04-25 19:10:32');
INSERT INTO OFFER (offer_id, trip_id, driver_id, status, sent_at, responded_at) VALUES (402, 138, 30, 'accepted', '2026-04-25 18:51:59', '2026-04-25 18:56:08');
INSERT INTO OFFER (offer_id, trip_id, driver_id, status, sent_at, responded_at) VALUES (403, 138, 17, 'expired', '2026-04-25 18:52:00', NULL);
INSERT INTO OFFER (offer_id, trip_id, driver_id, status, sent_at, responded_at) VALUES (404, 138, 42, 'rejected', '2026-04-25 18:51:59', '2026-04-25 18:52:26');
INSERT INTO OFFER (offer_id, trip_id, driver_id, status, sent_at, responded_at) VALUES (405, 138, 27, 'rejected', '2026-04-25 18:51:59', '2026-04-25 18:52:44');
INSERT INTO PAYMENT (payment_id, trip_id, amount, platform_fee, driver_earnings, method, status, paid_at) VALUES (117, 138, 4.9, 0.98, 3.92, 'wallet', 'completed', '2026-04-25 19:12:32');
INSERT INTO TRIP (trip_id, rider_id, driver_id, vehicle_id, origin_lat, origin_lng, origin_address, dest_lat, dest_lng, dest_address, status, distance_km, duration_minutes, price_estimated, price_final, requested_at, accepted_at, started_at, finished_at) VALUES (139, 64, 44, 44, 40.4435549, -3.67774146, 'Callejón de Javier Ayllón 96 Puerta 4 , Madrid', 40.47740146, -3.72393996, 'Plaza de Tristán Vazquez 22 Piso 3 , Madrid', 'completed', 6.36, 12, 11.54, 11.01, '2026-04-25 18:50:51', '2026-04-25 18:55:24', '2026-04-25 18:59:35', '2026-04-25 19:11:35');
INSERT INTO OFFER (offer_id, trip_id, driver_id, status, sent_at, responded_at) VALUES (406, 139, 44, 'accepted', '2026-04-25 18:50:53', '2026-04-25 18:55:24');
INSERT INTO OFFER (offer_id, trip_id, driver_id, status, sent_at, responded_at) VALUES (407, 139, 26, 'rejected', '2026-04-25 18:50:52', '2026-04-25 18:51:18');
INSERT INTO OFFER (offer_id, trip_id, driver_id, status, sent_at, responded_at) VALUES (408, 139, 23, 'expired', '2026-04-25 18:50:55', NULL);
INSERT INTO OFFER (offer_id, trip_id, driver_id, status, sent_at, responded_at) VALUES (409, 139, 9, 'expired', '2026-04-25 18:50:55', NULL);
INSERT INTO PAYMENT (payment_id, trip_id, amount, platform_fee, driver_earnings, method, status, paid_at) VALUES (118, 139, 11.01, 2.2, 8.81, 'wallet', 'completed', '2026-04-25 19:16:35');
INSERT INTO TRIP (trip_id, rider_id, driver_id, vehicle_id, origin_lat, origin_lng, origin_address, dest_lat, dest_lng, dest_address, status, distance_km, duration_minutes, price_estimated, price_final, requested_at, accepted_at, started_at, finished_at) VALUES (140, 2, 5, 5, 40.40994925, -3.65938645, 'Rambla de Leocadio Salvà 3, Madrid', 40.46197683, -3.69974515, 'Rambla de Benito Bernat 93 Piso 0 , Madrid', 'completed', 7.31, 13, 12.96, 13.38, '2026-04-25 18:51:20', '2026-04-25 18:53:06', '2026-04-25 18:55:20', '2026-04-25 19:08:20');
INSERT INTO OFFER (offer_id, trip_id, driver_id, status, sent_at, responded_at) VALUES (410, 140, 5, 'accepted', '2026-04-25 18:51:25', '2026-04-25 18:53:06');
INSERT INTO OFFER (offer_id, trip_id, driver_id, status, sent_at, responded_at) VALUES (411, 140, 27, 'rejected', '2026-04-25 18:51:21', '2026-04-25 18:52:10');
INSERT INTO OFFER (offer_id, trip_id, driver_id, status, sent_at, responded_at) VALUES (412, 140, 37, 'rejected', '2026-04-25 18:51:22', '2026-04-25 18:51:42');
INSERT INTO OFFER (offer_id, trip_id, driver_id, status, sent_at, responded_at) VALUES (413, 140, 30, 'rejected', '2026-04-25 18:51:23', '2026-04-25 18:52:00');
INSERT INTO OFFER (offer_id, trip_id, driver_id, status, sent_at, responded_at) VALUES (414, 140, 7, 'rejected', '2026-04-25 18:51:22', '2026-04-25 18:51:54');
INSERT INTO PAYMENT (payment_id, trip_id, amount, platform_fee, driver_earnings, method, status, paid_at) VALUES (119, 140, 13.38, 2.68, 10.7, 'cash', 'completed', '2026-04-25 19:13:20');

INSERT INTO TRIP (trip_id, rider_id, driver_id, vehicle_id, origin_lat, origin_lng, origin_address, dest_lat, dest_lng, dest_address, status, distance_km, duration_minutes, price_estimated, price_final, requested_at, accepted_at, started_at, finished_at) VALUES (141, 30, 46, 46, 40.37534637, -3.6493223, 'Alameda de Baldomero Sola 87, Madrid', 40.42407565, -3.67368723, 'Alameda de Paz Arrieta 77 Piso 5 , Madrid', 'in_progress', 6.05, NULL, 11.07, NULL, '2026-04-25 18:52:07', '2026-04-25 18:53:46', '2026-04-25 19:03:43', NULL);
INSERT INTO OFFER (offer_id, trip_id, driver_id, status, sent_at, responded_at) VALUES (415, 141, 46, 'accepted', '2026-04-25 18:52:12', '2026-04-25 18:53:46');
INSERT INTO OFFER (offer_id, trip_id, driver_id, status, sent_at, responded_at) VALUES (416, 141, 19, 'rejected', '2026-04-25 18:52:12', '2026-04-25 18:52:19');
INSERT INTO OFFER (offer_id, trip_id, driver_id, status, sent_at, responded_at) VALUES (417, 141, 42, 'rejected', '2026-04-25 18:52:09', '2026-04-25 18:52:44');
INSERT INTO TRIP (trip_id, rider_id, driver_id, vehicle_id, origin_lat, origin_lng, origin_address, dest_lat, dest_lng, dest_address, status, distance_km, duration_minutes, price_estimated, price_final, requested_at, accepted_at, started_at, finished_at) VALUES (142, 1, 37, 37, 40.49154883, -3.71520325, 'Via de Socorro Feliu 78, Madrid', 40.43112293, -3.68861856, 'Paseo José Zorrilla 36, Madrid', 'cancelled', 7.33, NULL, 13.0, NULL, '2026-04-25 18:50:27', '2026-04-25 18:55:13', NULL, NULL);
INSERT INTO OFFER (offer_id, trip_id, driver_id, status, sent_at, responded_at) VALUES (418, 142, 37, 'accepted', '2026-04-25 18:50:31', '2026-04-25 18:55:13');
INSERT INTO OFFER (offer_id, trip_id, driver_id, status, sent_at, responded_at) VALUES (419, 142, 20, 'rejected', '2026-04-25 18:50:31', '2026-04-25 18:51:07');
INSERT INTO TRIP (trip_id, rider_id, driver_id, vehicle_id, origin_lat, origin_lng, origin_address, dest_lat, dest_lng, dest_address, status, distance_km, duration_minutes, price_estimated, price_final, requested_at, accepted_at, started_at, finished_at) VALUES (143, 45, 46, 46, 40.41279949, -3.6262593, 'Urbanización de Jeremías Camino 57, Madrid', 40.39765736, -3.66387159, 'Via Modesto Villalobos 12, Madrid', 'completed', 4.5, 14, 8.75, 9.44, '2026-04-25 18:52:15', '2026-04-25 18:55:52', '2026-04-25 19:03:03', '2026-04-25 19:17:03');
INSERT INTO OFFER (offer_id, trip_id, driver_id, status, sent_at, responded_at) VALUES (420, 143, 38, 'rejected', '2026-04-25 18:52:16', '2026-04-25 18:52:29');
INSERT INTO OFFER (offer_id, trip_id, driver_id, status, sent_at, responded_at) VALUES (421, 143, 3, 'expired', '2026-04-25 18:52:16', NULL);
INSERT INTO OFFER (offer_id, trip_id, driver_id, status, sent_at, responded_at) VALUES (422, 143, 40, 'rejected', '2026-04-25 18:52:20', '2026-04-25 18:53:14');
INSERT INTO OFFER (offer_id, trip_id, driver_id, status, sent_at, responded_at) VALUES (423, 143, 46, 'accepted', '2026-04-25 18:52:16', '2026-04-25 18:55:52');
INSERT INTO OFFER (offer_id, trip_id, driver_id, status, sent_at, responded_at) VALUES (424, 143, 9, 'expired', '2026-04-25 18:52:19', NULL);
INSERT INTO PAYMENT (payment_id, trip_id, amount, platform_fee, driver_earnings, method, status, paid_at) VALUES (120, 143, 9.44, 1.89, 7.55, 'card', 'completed', '2026-04-25 19:20:03');
INSERT INTO TRIP (trip_id, rider_id, driver_id, vehicle_id, origin_lat, origin_lng, origin_address, dest_lat, dest_lng, dest_address, status, distance_km, duration_minutes, price_estimated, price_final, requested_at, accepted_at, started_at, finished_at) VALUES (144, 66, 14, 14, 40.37823211, -3.64477277, 'Camino de Rodrigo Mena 6 Apt. 26 , Madrid', 40.39283459, -3.71738094, 'Vial de César Rosales 33 Apt. 42 , Madrid', 'completed', 8.22, 17, 14.33, 13.2, '2026-04-25 18:50:17', '2026-04-25 18:52:39', '2026-04-25 19:00:55', '2026-04-25 19:17:55');
INSERT INTO OFFER (offer_id, trip_id, driver_id, status, sent_at, responded_at) VALUES (425, 144, 14, 'accepted', '2026-04-25 18:50:18', '2026-04-25 18:52:39');
INSERT INTO OFFER (offer_id, trip_id, driver_id, status, sent_at, responded_at) VALUES (426, 144, 36, 'expired', '2026-04-25 18:50:22', NULL);
INSERT INTO OFFER (offer_id, trip_id, driver_id, status, sent_at, responded_at) VALUES (427, 144, 7, 'expired', '2026-04-25 18:50:20', NULL);
INSERT INTO OFFER (offer_id, trip_id, driver_id, status, sent_at, responded_at) VALUES (428, 144, 22, 'rejected', '2026-04-25 18:50:19', '2026-04-25 18:51:16');
INSERT INTO PAYMENT (payment_id, trip_id, amount, platform_fee, driver_earnings, method, status, paid_at) VALUES (121, 144, 13.2, 2.64, 10.56, 'wallet', 'completed', '2026-04-25 19:17:55');
INSERT INTO TRIP (trip_id, rider_id, driver_id, vehicle_id, origin_lat, origin_lng, origin_address, dest_lat, dest_lng, dest_address, status, distance_km, duration_minutes, price_estimated, price_final, requested_at, accepted_at, started_at, finished_at) VALUES (145, 3, NULL, NULL, 40.35350817, -3.65477694, 'Vial de Evita Sanjuan 1 Puerta 3 , Madrid', 40.4910315, -3.68485604, 'Cuesta Dulce Yuste 22 Puerta 5 , Madrid', 'requested', 15.63, NULL, 25.45, NULL, '2026-04-25 18:53:09', NULL, NULL, NULL);
INSERT INTO OFFER (offer_id, trip_id, driver_id, status, sent_at, responded_at) VALUES (429, 145, 9, 'expired', '2026-04-25 18:53:10', NULL);
INSERT INTO TRIP (trip_id, rider_id, driver_id, vehicle_id, origin_lat, origin_lng, origin_address, dest_lat, dest_lng, dest_address, status, distance_km, duration_minutes, price_estimated, price_final, requested_at, accepted_at, started_at, finished_at) VALUES (146, 21, 19, 19, 40.49365759, -3.64473555, 'Pasadizo Nacho Vilar 14 Apt. 67 , Madrid', 40.35014994, -3.7212694, 'Cuesta de Yéssica Losa 67, Madrid', 'completed', 18.05, 38, 29.08, 26.55, '2026-04-25 18:50:40', '2026-04-25 18:54:05', '2026-04-25 18:58:54', '2026-04-25 19:36:54');
INSERT INTO OFFER (offer_id, trip_id, driver_id, status, sent_at, responded_at) VALUES (430, 146, 19, 'accepted', '2026-04-25 18:50:44', '2026-04-25 18:54:05');
INSERT INTO PAYMENT (payment_id, trip_id, amount, platform_fee, driver_earnings, method, status, paid_at) VALUES (122, 146, 26.55, 5.31, 21.24, 'wallet', 'completed', '2026-04-25 19:36:54');
INSERT INTO TRIP (trip_id, rider_id, driver_id, vehicle_id, origin_lat, origin_lng, origin_address, dest_lat, dest_lng, dest_address, status, distance_km, duration_minutes, price_estimated, price_final, requested_at, accepted_at, started_at, finished_at) VALUES (147, 26, 7, 7, 40.4661816, -3.61749145, 'Pasadizo Victoria Ríos 16, Madrid', 40.42704668, -3.6475909, 'C. Sofía Zaragoza 66, Madrid', 'completed', 5.48, 8, 10.22, 10.21, '2026-04-25 18:50:46', '2026-04-25 18:51:56', '2026-04-25 18:56:18', '2026-04-25 19:04:18');
INSERT INTO OFFER (offer_id, trip_id, driver_id, status, sent_at, responded_at) VALUES (431, 147, 7, 'accepted', '2026-04-25 18:50:49', '2026-04-25 18:51:56');
INSERT INTO OFFER (offer_id, trip_id, driver_id, status, sent_at, responded_at) VALUES (432, 147, 14, 'rejected', '2026-04-25 18:50:48', '2026-04-25 18:51:25');
INSERT INTO PAYMENT (payment_id, trip_id, amount, platform_fee, driver_earnings, method, status, paid_at) VALUES (123, 147, 10.21, 2.04, 8.17, 'card', 'completed', '2026-04-25 19:05:18');
INSERT INTO TRIP (trip_id, rider_id, driver_id, vehicle_id, origin_lat, origin_lng, origin_address, dest_lat, dest_lng, dest_address, status, distance_km, duration_minutes, price_estimated, price_final, requested_at, accepted_at, started_at, finished_at) VALUES (148, 86, 25, 25, 40.39132695, -3.67621336, 'C. Xiomara Arjona 81, Madrid', 40.40861641, -3.6936965, 'Glorieta de Rosa Moliner 95 Puerta 8 , Madrid', 'completed', 2.73, 4, 6.09, 5.57, '2026-04-25 18:52:31', '2026-04-25 18:55:46', '2026-04-25 19:04:15', '2026-04-25 19:08:15');
INSERT INTO OFFER (offer_id, trip_id, driver_id, status, sent_at, responded_at) VALUES (433, 148, 25, 'accepted', '2026-04-25 18:52:36', '2026-04-25 18:55:46');
INSERT INTO OFFER (offer_id, trip_id, driver_id, status, sent_at, responded_at) VALUES (434, 148, 43, 'expired', '2026-04-25 18:52:35', NULL);
INSERT INTO OFFER (offer_id, trip_id, driver_id, status, sent_at, responded_at) VALUES (435, 148, 7, 'rejected', '2026-04-25 18:52:36', '2026-04-25 18:53:00');
INSERT INTO OFFER (offer_id, trip_id, driver_id, status, sent_at, responded_at) VALUES (436, 148, 34, 'rejected', '2026-04-25 18:52:35', '2026-04-25 18:53:27');
INSERT INTO OFFER (offer_id, trip_id, driver_id, status, sent_at, responded_at) VALUES (437, 148, 29, 'expired', '2026-04-25 18:52:34', NULL);
INSERT INTO PAYMENT (payment_id, trip_id, amount, platform_fee, driver_earnings, method, status, paid_at) VALUES (124, 148, 5.57, 1.11, 4.46, 'card', 'completed', '2026-04-25 19:13:15');
INSERT INTO TRIP (trip_id, rider_id, driver_id, vehicle_id, origin_lat, origin_lng, origin_address, dest_lat, dest_lng, dest_address, status, distance_km, duration_minutes, price_estimated, price_final, requested_at, accepted_at, started_at, finished_at) VALUES (149, 99, 35, 35, 40.49187776, -3.74006606, 'Camino de Luna Calleja 78 Piso 7 , Madrid', 40.41907565, -3.70506478, 'Glorieta Balduino Briones 63 Piso 3 , Madrid', 'completed', 8.97, 17, 15.46, 15.66, '2026-04-25 18:52:12', '2026-04-25 18:55:43', '2026-04-25 19:02:54', '2026-04-25 19:19:54');
INSERT INTO OFFER (offer_id, trip_id, driver_id, status, sent_at, responded_at) VALUES (438, 149, 35, 'accepted', '2026-04-25 18:52:15', '2026-04-25 18:55:43');
INSERT INTO OFFER (offer_id, trip_id, driver_id, status, sent_at, responded_at) VALUES (439, 149, 22, 'expired', '2026-04-25 18:52:14', NULL);
INSERT INTO OFFER (offer_id, trip_id, driver_id, status, sent_at, responded_at) VALUES (440, 149, 12, 'expired', '2026-04-25 18:52:17', NULL);
INSERT INTO PAYMENT (payment_id, trip_id, amount, platform_fee, driver_earnings, method, status, paid_at) VALUES (125, 149, 15.66, 3.13, 12.53, 'card', 'pending', NULL);
INSERT INTO TRIP (trip_id, rider_id, driver_id, vehicle_id, origin_lat, origin_lng, origin_address, dest_lat, dest_lng, dest_address, status, distance_km, duration_minutes, price_estimated, price_final, requested_at, accepted_at, started_at, finished_at) VALUES (150, 61, 37, 37, 40.36864881, -3.74360856, 'Via de Omar Espada 88 Apt. 67 , Madrid', 40.41182279, -3.61152204, 'Vial Teresa Sainz 94 Piso 1 , Madrid', 'completed', 15.42, 32, 25.13, 22.9, '2026-04-25 18:53:10', '2026-04-25 18:54:20', '2026-04-25 18:59:12', '2026-04-25 19:31:12');
INSERT INTO OFFER (offer_id, trip_id, driver_id, status, sent_at, responded_at) VALUES (441, 150, 37, 'accepted', '2026-04-25 18:53:15', '2026-04-25 18:54:20');
INSERT INTO OFFER (offer_id, trip_id, driver_id, status, sent_at, responded_at) VALUES (442, 150, 40, 'expired', '2026-04-25 18:53:11', NULL);
INSERT INTO OFFER (offer_id, trip_id, driver_id, status, sent_at, responded_at) VALUES (443, 150, 4, 'expired', '2026-04-25 18:53:12', NULL);
INSERT INTO OFFER (offer_id, trip_id, driver_id, status, sent_at, responded_at) VALUES (444, 150, 11, 'expired', '2026-04-25 18:53:14', NULL);
INSERT INTO OFFER (offer_id, trip_id, driver_id, status, sent_at, responded_at) VALUES (445, 150, 10, 'rejected', '2026-04-25 18:53:15', '2026-04-25 18:53:56');
INSERT INTO PAYMENT (payment_id, trip_id, amount, platform_fee, driver_earnings, method, status, paid_at) VALUES (126, 150, 22.9, 4.58, 18.32, 'wallet', 'pending', NULL);

INSERT INTO TRIP (trip_id, rider_id, driver_id, vehicle_id, origin_lat, origin_lng, origin_address, dest_lat, dest_lng, dest_address, status, distance_km, duration_minutes, price_estimated, price_final, requested_at, accepted_at, started_at, finished_at) VALUES (151, 81, 25, 25, 40.37261649, -3.72540602, 'Rambla Mayte Milla 53, Madrid', 40.39799394, -3.62316144, 'Calle de Paco Pineda 1, Madrid', 'completed', 11.69, 24, 19.54, 20.0, '2026-04-25 18:50:27', '2026-04-25 18:55:21', '2026-04-25 19:03:44', '2026-04-25 19:27:44');
INSERT INTO OFFER (offer_id, trip_id, driver_id, status, sent_at, responded_at) VALUES (446, 151, 25, 'accepted', '2026-04-25 18:50:29', '2026-04-25 18:55:21');
INSERT INTO OFFER (offer_id, trip_id, driver_id, status, sent_at, responded_at) VALUES (447, 151, 8, 'rejected', '2026-04-25 18:50:29', '2026-04-25 18:50:59');
INSERT INTO OFFER (offer_id, trip_id, driver_id, status, sent_at, responded_at) VALUES (448, 151, 20, 'expired', '2026-04-25 18:50:31', NULL);
INSERT INTO OFFER (offer_id, trip_id, driver_id, status, sent_at, responded_at) VALUES (449, 151, 46, 'rejected', '2026-04-25 18:50:29', '2026-04-25 18:51:10');
INSERT INTO PAYMENT (payment_id, trip_id, amount, platform_fee, driver_earnings, method, status, paid_at) VALUES (127, 151, 20.0, 4.0, 16.0, 'wallet', 'completed', '2026-04-25 19:30:44');
INSERT INTO TRIP (trip_id, rider_id, driver_id, vehicle_id, origin_lat, origin_lng, origin_address, dest_lat, dest_lng, dest_address, status, distance_km, duration_minutes, price_estimated, price_final, requested_at, accepted_at, started_at, finished_at) VALUES (152, 18, 16, 16, 40.49448344, -3.65970112, 'C. Natalia Valentín 106 Piso 0 , Madrid', 40.39576191, -3.6901371, 'Rambla Natalio Poza 4 Piso 1 , Madrid', 'completed', 11.47, 26, 19.21, 18.11, '2026-04-25 18:52:36', '2026-04-25 18:57:13', '2026-04-25 19:04:58', '2026-04-25 19:30:58');
INSERT INTO OFFER (offer_id, trip_id, driver_id, status, sent_at, responded_at) VALUES (450, 152, 16, 'accepted', '2026-04-25 18:52:41', '2026-04-25 18:57:13');
INSERT INTO OFFER (offer_id, trip_id, driver_id, status, sent_at, responded_at) VALUES (451, 152, 40, 'rejected', '2026-04-25 18:52:41', '2026-04-25 18:53:16');
INSERT INTO OFFER (offer_id, trip_id, driver_id, status, sent_at, responded_at) VALUES (452, 152, 13, 'rejected', '2026-04-25 18:52:39', '2026-04-25 18:53:03');
INSERT INTO OFFER (offer_id, trip_id, driver_id, status, sent_at, responded_at) VALUES (453, 152, 21, 'rejected', '2026-04-25 18:52:39', '2026-04-25 18:53:09');
INSERT INTO OFFER (offer_id, trip_id, driver_id, status, sent_at, responded_at) VALUES (454, 152, 29, 'rejected', '2026-04-25 18:52:39', '2026-04-25 18:53:13');
INSERT INTO PAYMENT (payment_id, trip_id, amount, platform_fee, driver_earnings, method, status, paid_at) VALUES (128, 152, 18.11, 3.62, 14.49, 'wallet', 'completed', '2026-04-25 19:31:58');
INSERT INTO TRIP (trip_id, rider_id, driver_id, vehicle_id, origin_lat, origin_lng, origin_address, dest_lat, dest_lng, dest_address, status, distance_km, duration_minutes, price_estimated, price_final, requested_at, accepted_at, started_at, finished_at) VALUES (153, 82, 25, 25, 40.37063244, -3.66769595, 'Paseo Obdulia Matas 27, Madrid', 40.4292043, -3.68796531, 'Vial de Telmo Palomar 73, Madrid', 'completed', 6.88, 13, 12.32, 11.81, '2026-04-25 18:50:31', '2026-04-25 18:55:31', '2026-04-25 19:01:25', '2026-04-25 19:14:25');
INSERT INTO OFFER (offer_id, trip_id, driver_id, status, sent_at, responded_at) VALUES (455, 153, 25, 'accepted', '2026-04-25 18:50:35', '2026-04-25 18:55:31');
INSERT INTO OFFER (offer_id, trip_id, driver_id, status, sent_at, responded_at) VALUES (456, 153, 50, 'expired', '2026-04-25 18:50:32', NULL);
INSERT INTO PAYMENT (payment_id, trip_id, amount, platform_fee, driver_earnings, method, status, paid_at) VALUES (129, 153, 11.81, 2.36, 9.45, 'wallet', 'pending', NULL);
INSERT INTO TRIP (trip_id, rider_id, driver_id, vehicle_id, origin_lat, origin_lng, origin_address, dest_lat, dest_lng, dest_address, status, distance_km, duration_minutes, price_estimated, price_final, requested_at, accepted_at, started_at, finished_at) VALUES (154, 85, 34, 34, 40.4462081, -3.60901369, 'Vial de Ágata Flor 96 Puerta 6 , Madrid', 40.49953617, -3.60914978, 'Rambla de Elpidio Rivas 484, Madrid', 'completed', 5.92, 10, 10.88, 10.39, '2026-04-25 18:50:48', '2026-04-25 18:54:20', '2026-04-25 19:00:20', '2026-04-25 19:10:20');
INSERT INTO OFFER (offer_id, trip_id, driver_id, status, sent_at, responded_at) VALUES (457, 154, 34, 'accepted', '2026-04-25 18:50:52', '2026-04-25 18:54:20');
INSERT INTO OFFER (offer_id, trip_id, driver_id, status, sent_at, responded_at) VALUES (458, 154, 15, 'expired', '2026-04-25 18:50:50', NULL);
INSERT INTO OFFER (offer_id, trip_id, driver_id, status, sent_at, responded_at) VALUES (459, 154, 25, 'expired', '2026-04-25 18:50:52', NULL);
INSERT INTO PAYMENT (payment_id, trip_id, amount, platform_fee, driver_earnings, method, status, paid_at) VALUES (130, 154, 10.39, 2.08, 8.31, 'card', 'pending', NULL);
INSERT INTO TRIP (trip_id, rider_id, driver_id, vehicle_id, origin_lat, origin_lng, origin_address, dest_lat, dest_lng, dest_address, status, distance_km, duration_minutes, price_estimated, price_final, requested_at, accepted_at, started_at, finished_at) VALUES (155, 80, NULL, NULL, 40.38555767, -3.64968562, 'Camino de Norberto Azcona 54, Madrid', 40.48163521, -3.72228291, 'Camino de María Belén Valenciano 78, Madrid', 'cancelled', 13.37, NULL, 22.05, NULL, '2026-04-25 18:52:47', NULL, NULL, NULL);
INSERT INTO OFFER (offer_id, trip_id, driver_id, status, sent_at, responded_at) VALUES (460, 155, 38, 'expired', '2026-04-25 18:52:51', NULL);
INSERT INTO OFFER (offer_id, trip_id, driver_id, status, sent_at, responded_at) VALUES (461, 155, 46, 'expired', '2026-04-25 18:52:50', NULL);
INSERT INTO TRIP (trip_id, rider_id, driver_id, vehicle_id, origin_lat, origin_lng, origin_address, dest_lat, dest_lng, dest_address, status, distance_km, duration_minutes, price_estimated, price_final, requested_at, accepted_at, started_at, finished_at) VALUES (156, 16, 25, 25, 40.40171648, -3.61219117, 'Via Aurora Huertas 94, Madrid', 40.38351577, -3.6655275, 'Calle de Gerónimo López 10 Apt. 37 , Madrid', 'completed', 6.26, 10, 11.39, 12.06, '2026-04-25 18:52:33', '2026-04-25 18:56:01', '2026-04-25 18:58:49', '2026-04-25 19:08:49');
INSERT INTO OFFER (offer_id, trip_id, driver_id, status, sent_at, responded_at) VALUES (462, 156, 25, 'accepted', '2026-04-25 18:52:34', '2026-04-25 18:56:01');
INSERT INTO OFFER (offer_id, trip_id, driver_id, status, sent_at, responded_at) VALUES (463, 156, 13, 'expired', '2026-04-25 18:52:37', NULL);
INSERT INTO PAYMENT (payment_id, trip_id, amount, platform_fee, driver_earnings, method, status, paid_at) VALUES (131, 156, 12.06, 2.41, 9.65, 'wallet', 'pending', NULL);
INSERT INTO TRIP (trip_id, rider_id, driver_id, vehicle_id, origin_lat, origin_lng, origin_address, dest_lat, dest_lng, dest_address, status, distance_km, duration_minutes, price_estimated, price_final, requested_at, accepted_at, started_at, finished_at) VALUES (157, 69, 44, 44, 40.36301506, -3.66710726, 'Urbanización Saturnino Berenguer 30 Puerta 3 , Madrid', 40.37081477, -3.73084217, 'Alameda de Aurelio Manzanares 32, Madrid', 'completed', 7.13, 17, 12.7, 11.55, '2026-04-25 18:52:12', '2026-04-25 18:54:37', '2026-04-25 19:01:04', '2026-04-25 19:18:04');
INSERT INTO OFFER (offer_id, trip_id, driver_id, status, sent_at, responded_at) VALUES (464, 157, 44, 'accepted', '2026-04-25 18:52:16', '2026-04-25 18:54:37');
INSERT INTO PAYMENT (payment_id, trip_id, amount, platform_fee, driver_earnings, method, status, paid_at) VALUES (132, 157, 11.55, 2.31, 9.24, 'card', 'completed', '2026-04-25 19:19:04');
INSERT INTO TRIP (trip_id, rider_id, driver_id, vehicle_id, origin_lat, origin_lng, origin_address, dest_lat, dest_lng, dest_address, status, distance_km, duration_minutes, price_estimated, price_final, requested_at, accepted_at, started_at, finished_at) VALUES (158, 91, 38, 38, 40.38232951, -3.72573159, 'Urbanización de Berto Carro 32 Apt. 40 , Madrid', 40.49132017, -3.65354621, 'Camino Melchor Folch 89, Madrid', 'completed', 14.51, 32, 23.77, 24.35, '2026-04-25 18:52:41', '2026-04-25 18:54:05', '2026-04-25 19:04:01', '2026-04-25 19:36:01');
INSERT INTO OFFER (offer_id, trip_id, driver_id, status, sent_at, responded_at) VALUES (465, 158, 38, 'accepted', '2026-04-25 18:52:46', '2026-04-25 18:54:05');
INSERT INTO PAYMENT (payment_id, trip_id, amount, platform_fee, driver_earnings, method, status, paid_at) VALUES (133, 158, 24.35, 4.87, 19.48, 'card', 'pending', NULL);
INSERT INTO TRIP (trip_id, rider_id, driver_id, vehicle_id, origin_lat, origin_lng, origin_address, dest_lat, dest_lng, dest_address, status, distance_km, duration_minutes, price_estimated, price_final, requested_at, accepted_at, started_at, finished_at) VALUES (159, 90, 5, 5, 40.37590059, -3.71894302, 'Plaza de Modesto Clemente 68, Madrid', 40.36932052, -3.73110494, 'Calle Donato Conde 48 Piso 6 , Madrid', 'completed', 1.53, 1, 4.29, 4.44, '2026-04-25 18:50:54', '2026-04-25 18:55:21', '2026-04-25 18:58:42', '2026-04-25 18:59:42');
INSERT INTO OFFER (offer_id, trip_id, driver_id, status, sent_at, responded_at) VALUES (466, 159, 5, 'accepted', '2026-04-25 18:50:56', '2026-04-25 18:55:21');
INSERT INTO OFFER (offer_id, trip_id, driver_id, status, sent_at, responded_at) VALUES (467, 159, 39, 'rejected', '2026-04-25 18:50:56', '2026-04-25 18:51:44');
INSERT INTO PAYMENT (payment_id, trip_id, amount, platform_fee, driver_earnings, method, status, paid_at) VALUES (134, 159, 4.44, 0.89, 3.55, 'card', 'completed', '2026-04-25 19:01:42');
INSERT INTO TRIP (trip_id, rider_id, driver_id, vehicle_id, origin_lat, origin_lng, origin_address, dest_lat, dest_lng, dest_address, status, distance_km, duration_minutes, price_estimated, price_final, requested_at, accepted_at, started_at, finished_at) VALUES (160, 4, 46, 46, 40.43325986, -3.72341204, 'Avenida de Javier Company 44, Madrid', 40.44575841, -3.73368106, 'Plaza de Obdulia Taboada 314 Puerta 8 , Madrid', 'completed', 1.8, 7, 4.7, 4.24, '2026-04-25 18:52:27', '2026-04-25 18:54:57', '2026-04-25 19:01:15', '2026-04-25 19:08:15');
INSERT INTO OFFER (offer_id, trip_id, driver_id, status, sent_at, responded_at) VALUES (468, 160, 46, 'accepted', '2026-04-25 18:52:28', '2026-04-25 18:54:57');
INSERT INTO PAYMENT (payment_id, trip_id, amount, platform_fee, driver_earnings, method, status, paid_at) VALUES (135, 160, 4.24, 0.85, 3.39, 'card', 'completed', '2026-04-25 19:08:15');

INSERT INTO TRIP (trip_id, rider_id, driver_id, vehicle_id, origin_lat, origin_lng, origin_address, dest_lat, dest_lng, dest_address, status, distance_km, duration_minutes, price_estimated, price_final, requested_at, accepted_at, started_at, finished_at) VALUES (161, 79, 26, 26, 40.42149683, -3.72197815, 'Camino Aarón Bárcena 83 Apt. 72 , Madrid', 40.36541279, -3.60028389, 'Glorieta Esperanza Barrena 59 Puerta 4 , Madrid', 'completed', 14.87, 27, 24.3, 25.34, '2026-04-25 18:51:56', '2026-04-25 18:53:58', '2026-04-25 18:59:24', '2026-04-25 19:26:24');
INSERT INTO OFFER (offer_id, trip_id, driver_id, status, sent_at, responded_at) VALUES (469, 161, 26, 'accepted', '2026-04-25 18:52:00', '2026-04-25 18:53:58');
INSERT INTO OFFER (offer_id, trip_id, driver_id, status, sent_at, responded_at) VALUES (470, 161, 8, 'expired', '2026-04-25 18:51:58', NULL);
INSERT INTO OFFER (offer_id, trip_id, driver_id, status, sent_at, responded_at) VALUES (471, 161, 39, 'expired', '2026-04-25 18:51:59', NULL);
INSERT INTO OFFER (offer_id, trip_id, driver_id, status, sent_at, responded_at) VALUES (472, 161, 2, 'rejected', '2026-04-25 18:52:01', '2026-04-25 18:52:56');
INSERT INTO PAYMENT (payment_id, trip_id, amount, platform_fee, driver_earnings, method, status, paid_at) VALUES (136, 161, 25.34, 5.07, 20.27, 'card', 'completed', '2026-04-25 19:29:24');
INSERT INTO TRIP (trip_id, rider_id, driver_id, vehicle_id, origin_lat, origin_lng, origin_address, dest_lat, dest_lng, dest_address, status, distance_km, duration_minutes, price_estimated, price_final, requested_at, accepted_at, started_at, finished_at) VALUES (162, 47, 45, 45, 40.43057633, -3.68346557, 'Pasadizo Miguela León 36 Apt. 54 , Madrid', 40.4473594, -3.69203276, 'Rambla de Amelia Capdevila 40, Madrid', 'in_progress', 2.09, NULL, 5.13, NULL, '2026-04-25 18:50:28', '2026-04-25 18:52:16', '2026-04-25 18:59:14', NULL);
INSERT INTO OFFER (offer_id, trip_id, driver_id, status, sent_at, responded_at) VALUES (473, 162, 45, 'accepted', '2026-04-25 18:50:30', '2026-04-25 18:52:16');
INSERT INTO TRIP (trip_id, rider_id, driver_id, vehicle_id, origin_lat, origin_lng, origin_address, dest_lat, dest_lng, dest_address, status, distance_km, duration_minutes, price_estimated, price_final, requested_at, accepted_at, started_at, finished_at) VALUES (163, 10, 21, 21, 40.35045729, -3.68873235, 'Pasaje Conrado Canals 97, Madrid', 40.3628527, -3.65024623, 'Via de Belen Alcántara 926 Puerta 4 , Madrid', 'completed', 4.49, 10, 8.73, 9.36, '2026-04-25 18:50:41', '2026-04-25 18:53:26', '2026-04-25 18:59:13', '2026-04-25 19:09:13');
INSERT INTO OFFER (offer_id, trip_id, driver_id, status, sent_at, responded_at) VALUES (474, 163, 21, 'accepted', '2026-04-25 18:50:46', '2026-04-25 18:53:26');
INSERT INTO OFFER (offer_id, trip_id, driver_id, status, sent_at, responded_at) VALUES (475, 163, 27, 'expired', '2026-04-25 18:50:45', NULL);
INSERT INTO PAYMENT (payment_id, trip_id, amount, platform_fee, driver_earnings, method, status, paid_at) VALUES (137, 163, 9.36, 1.87, 7.49, 'cash', 'completed', '2026-04-25 19:11:13');
INSERT INTO TRIP (trip_id, rider_id, driver_id, vehicle_id, origin_lat, origin_lng, origin_address, dest_lat, dest_lng, dest_address, status, distance_km, duration_minutes, price_estimated, price_final, requested_at, accepted_at, started_at, finished_at) VALUES (164, 50, NULL, NULL, 40.461936, -3.62241769, 'C. Ruperta Losada 77, Madrid', 40.36425024, -3.67741883, 'Urbanización de Rafael Lara 38 Apt. 46 , Madrid', 'cancelled', 12.44, NULL, 20.66, NULL, '2026-04-25 18:52:52', NULL, NULL, NULL);
INSERT INTO OFFER (offer_id, trip_id, driver_id, status, sent_at, responded_at) VALUES (476, 164, 41, 'expired', '2026-04-25 18:52:53', NULL);
INSERT INTO OFFER (offer_id, trip_id, driver_id, status, sent_at, responded_at) VALUES (477, 164, 44, 'rejected', '2026-04-25 18:52:57', '2026-04-25 18:53:26');
INSERT INTO OFFER (offer_id, trip_id, driver_id, status, sent_at, responded_at) VALUES (478, 164, 8, 'rejected', '2026-04-25 18:52:57', '2026-04-25 18:53:29');
INSERT INTO OFFER (offer_id, trip_id, driver_id, status, sent_at, responded_at) VALUES (479, 164, 23, 'rejected', '2026-04-25 18:52:56', '2026-04-25 18:53:13');
INSERT INTO OFFER (offer_id, trip_id, driver_id, status, sent_at, responded_at) VALUES (480, 164, 29, 'rejected', '2026-04-25 18:52:54', '2026-04-25 18:53:34');
INSERT INTO TRIP (trip_id, rider_id, driver_id, vehicle_id, origin_lat, origin_lng, origin_address, dest_lat, dest_lng, dest_address, status, distance_km, duration_minutes, price_estimated, price_final, requested_at, accepted_at, started_at, finished_at) VALUES (165, 87, 8, 8, 40.35039488, -3.62999777, 'C. de Blanca Robledo 94 Apt. 42 , Madrid', 40.47112938, -3.68197919, 'Acceso de Eugenia Arjona 7, Madrid', 'completed', 14.59, 31, 23.88, 22.13, '2026-04-25 18:52:51', '2026-04-25 18:57:17', '2026-04-25 19:00:55', '2026-04-25 19:31:55');
INSERT INTO OFFER (offer_id, trip_id, driver_id, status, sent_at, responded_at) VALUES (481, 165, 8, 'accepted', '2026-04-25 18:52:54', '2026-04-25 18:57:17');
INSERT INTO PAYMENT (payment_id, trip_id, amount, platform_fee, driver_earnings, method, status, paid_at) VALUES (138, 165, 22.13, 4.43, 17.7, 'card', 'completed', '2026-04-25 19:32:55');
INSERT INTO TRIP (trip_id, rider_id, driver_id, vehicle_id, origin_lat, origin_lng, origin_address, dest_lat, dest_lng, dest_address, status, distance_km, duration_minutes, price_estimated, price_final, requested_at, accepted_at, started_at, finished_at) VALUES (166, 45, 19, 19, 40.46098854, -3.65757135, 'Acceso Nélida Roselló 78 Apt. 27 , Madrid', 40.42816461, -3.68787852, 'Calle de Abel Vidal 216 Puerta 4 , Madrid', 'completed', 4.96, 8, 9.44, 9.25, '2026-04-25 18:51:58', '2026-04-25 18:55:13', '2026-04-25 18:59:06', '2026-04-25 19:07:06');
INSERT INTO OFFER (offer_id, trip_id, driver_id, status, sent_at, responded_at) VALUES (482, 166, 19, 'accepted', '2026-04-25 18:52:01', '2026-04-25 18:55:13');
INSERT INTO PAYMENT (payment_id, trip_id, amount, platform_fee, driver_earnings, method, status, paid_at) VALUES (139, 166, 9.25, 1.85, 7.4, 'card', 'completed', '2026-04-25 19:12:06');
INSERT INTO TRIP (trip_id, rider_id, driver_id, vehicle_id, origin_lat, origin_lng, origin_address, dest_lat, dest_lng, dest_address, status, distance_km, duration_minutes, price_estimated, price_final, requested_at, accepted_at, started_at, finished_at) VALUES (167, 17, 47, 47, 40.48113344, -3.65953901, 'Urbanización Primitivo Lara 786 Piso 1 , Madrid', 40.40881872, -3.62795972, 'Alameda de Nazaret Almagro 47, Madrid', 'completed', 8.76, 22, 15.14, 16.1, '2026-04-25 18:50:46', '2026-04-25 18:52:09', '2026-04-25 19:01:50', '2026-04-25 19:23:50');
INSERT INTO OFFER (offer_id, trip_id, driver_id, status, sent_at, responded_at) VALUES (483, 167, 47, 'accepted', '2026-04-25 18:50:48', '2026-04-25 18:52:09');
INSERT INTO PAYMENT (payment_id, trip_id, amount, platform_fee, driver_earnings, method, status, paid_at) VALUES (140, 167, 16.1, 3.22, 12.88, 'card', 'completed', '2026-04-25 19:25:50');
INSERT INTO TRIP (trip_id, rider_id, driver_id, vehicle_id, origin_lat, origin_lng, origin_address, dest_lat, dest_lng, dest_address, status, distance_km, duration_minutes, price_estimated, price_final, requested_at, accepted_at, started_at, finished_at) VALUES (168, 81, 4, 4, 40.46939019, -3.72214757, 'Via Miguel Cañas 962 Piso 5 , Madrid', 40.46678126, -3.70561631, 'Plaza Celso Esparza 366, Madrid', 'completed', 1.86, 7, 4.79, 4.95, '2026-04-25 18:50:43', '2026-04-25 18:53:08', '2026-04-25 18:59:03', '2026-04-25 19:06:03');
INSERT INTO OFFER (offer_id, trip_id, driver_id, status, sent_at, responded_at) VALUES (484, 168, 4, 'accepted', '2026-04-25 18:50:45', '2026-04-25 18:53:08');
INSERT INTO OFFER (offer_id, trip_id, driver_id, status, sent_at, responded_at) VALUES (485, 168, 39, 'expired', '2026-04-25 18:50:45', NULL);
INSERT INTO OFFER (offer_id, trip_id, driver_id, status, sent_at, responded_at) VALUES (486, 168, 19, 'expired', '2026-04-25 18:50:45', NULL);
INSERT INTO OFFER (offer_id, trip_id, driver_id, status, sent_at, responded_at) VALUES (487, 168, 30, 'expired', '2026-04-25 18:50:47', NULL);
INSERT INTO OFFER (offer_id, trip_id, driver_id, status, sent_at, responded_at) VALUES (488, 168, 22, 'expired', '2026-04-25 18:50:47', NULL);
INSERT INTO PAYMENT (payment_id, trip_id, amount, platform_fee, driver_earnings, method, status, paid_at) VALUES (141, 168, 4.95, 0.99, 3.96, 'wallet', 'completed', '2026-04-25 19:10:03');
INSERT INTO TRIP (trip_id, rider_id, driver_id, vehicle_id, origin_lat, origin_lng, origin_address, dest_lat, dest_lng, dest_address, status, distance_km, duration_minutes, price_estimated, price_final, requested_at, accepted_at, started_at, finished_at) VALUES (169, 35, NULL, NULL, 40.41221247, -3.71474236, 'Calle Juana León 70, Madrid', 40.43444089, -3.63714564, 'Avenida de Jonatan Cadenas 82, Madrid', 'requested', 8.96, NULL, 15.44, NULL, '2026-04-25 18:52:37', NULL, NULL, NULL);
INSERT INTO OFFER (offer_id, trip_id, driver_id, status, sent_at, responded_at) VALUES (489, 169, 22, 'rejected', '2026-04-25 18:52:39', '2026-04-25 18:53:31');
INSERT INTO OFFER (offer_id, trip_id, driver_id, status, sent_at, responded_at) VALUES (490, 169, 7, 'rejected', '2026-04-25 18:52:38', '2026-04-25 18:53:34');
INSERT INTO OFFER (offer_id, trip_id, driver_id, status, sent_at, responded_at) VALUES (491, 169, 40, 'expired', '2026-04-25 18:52:40', NULL);
INSERT INTO TRIP (trip_id, rider_id, driver_id, vehicle_id, origin_lat, origin_lng, origin_address, dest_lat, dest_lng, dest_address, status, distance_km, duration_minutes, price_estimated, price_final, requested_at, accepted_at, started_at, finished_at) VALUES (170, 81, 28, 28, 40.41854117, -3.69011619, 'Pasadizo de Guadalupe Azcona 78, Madrid', 40.46579798, -3.69989345, 'Avenida Nadia Infante 47 Puerta 3 , Madrid', 'completed', 5.36, 14, 10.04, 9.45, '2026-04-25 18:52:19', '2026-04-25 18:56:30', '2026-04-25 19:00:58', '2026-04-25 19:14:58');
INSERT INTO OFFER (offer_id, trip_id, driver_id, status, sent_at, responded_at) VALUES (492, 170, 28, 'accepted', '2026-04-25 18:52:21', '2026-04-25 18:56:30');
INSERT INTO PAYMENT (payment_id, trip_id, amount, platform_fee, driver_earnings, method, status, paid_at) VALUES (142, 170, 9.45, 1.89, 7.56, 'wallet', 'completed', '2026-04-25 19:17:58');

INSERT INTO TRIP (trip_id, rider_id, driver_id, vehicle_id, origin_lat, origin_lng, origin_address, dest_lat, dest_lng, dest_address, status, distance_km, duration_minutes, price_estimated, price_final, requested_at, accepted_at, started_at, finished_at) VALUES (171, 56, 33, 33, 40.4229576, -3.71986799, 'Pasaje de Jordi Velázquez 9 Puerta 4 , Madrid', 40.4051858, -3.67273219, 'Paseo Paloma Marqués 5, Madrid', 'in_progress', 5.59, NULL, 10.38, NULL, '2026-04-25 18:51:40', '2026-04-25 18:53:51', '2026-04-25 19:01:27', NULL);
INSERT INTO OFFER (offer_id, trip_id, driver_id, status, sent_at, responded_at) VALUES (493, 171, 33, 'accepted', '2026-04-25 18:51:42', '2026-04-25 18:53:51');
INSERT INTO OFFER (offer_id, trip_id, driver_id, status, sent_at, responded_at) VALUES (494, 171, 34, 'rejected', '2026-04-25 18:51:43', '2026-04-25 18:52:27');
INSERT INTO OFFER (offer_id, trip_id, driver_id, status, sent_at, responded_at) VALUES (495, 171, 31, 'rejected', '2026-04-25 18:51:44', '2026-04-25 18:52:10');
INSERT INTO OFFER (offer_id, trip_id, driver_id, status, sent_at, responded_at) VALUES (496, 171, 28, 'rejected', '2026-04-25 18:51:44', '2026-04-25 18:52:34');
INSERT INTO OFFER (offer_id, trip_id, driver_id, status, sent_at, responded_at) VALUES (497, 171, 32, 'expired', '2026-04-25 18:51:45', NULL);
INSERT INTO TRIP (trip_id, rider_id, driver_id, vehicle_id, origin_lat, origin_lng, origin_address, dest_lat, dest_lng, dest_address, status, distance_km, duration_minutes, price_estimated, price_final, requested_at, accepted_at, started_at, finished_at) VALUES (172, 2, 3, 3, 40.49151425, -3.69743802, 'Acceso de Jesús Buendía 720, Madrid', 40.35786468, -3.64861989, 'Calle de José Olivé 43 Piso 6 , Madrid', 'completed', 15.79, 33, 25.68, 25.05, '2026-04-25 18:51:34', '2026-04-25 18:55:36', '2026-04-25 18:58:01', '2026-04-25 19:31:01');
INSERT INTO OFFER (offer_id, trip_id, driver_id, status, sent_at, responded_at) VALUES (498, 172, 3, 'accepted', '2026-04-25 18:51:37', '2026-04-25 18:55:36');
INSERT INTO OFFER (offer_id, trip_id, driver_id, status, sent_at, responded_at) VALUES (499, 172, 30, 'rejected', '2026-04-25 18:51:39', '2026-04-25 18:52:27');
INSERT INTO PAYMENT (payment_id, trip_id, amount, platform_fee, driver_earnings, method, status, paid_at) VALUES (143, 172, 25.05, 5.01, 20.04, 'card', 'pending', NULL);
INSERT INTO TRIP (trip_id, rider_id, driver_id, vehicle_id, origin_lat, origin_lng, origin_address, dest_lat, dest_lng, dest_address, status, distance_km, duration_minutes, price_estimated, price_final, requested_at, accepted_at, started_at, finished_at) VALUES (173, 59, 24, 24, 40.43430583, -3.73187367, 'Camino de Dan Fuente 849, Madrid', 40.37275652, -3.73792845, 'Pasaje Griselda Fuertes 28, Madrid', 'completed', 6.86, 18, 12.29, 12.39, '2026-04-25 18:51:02', '2026-04-25 18:52:41', '2026-04-25 18:58:19', '2026-04-25 19:16:19');
INSERT INTO OFFER (offer_id, trip_id, driver_id, status, sent_at, responded_at) VALUES (500, 173, 24, 'accepted', '2026-04-25 18:51:07', '2026-04-25 18:52:41');
INSERT INTO PAYMENT (payment_id, trip_id, amount, platform_fee, driver_earnings, method, status, paid_at) VALUES (144, 173, 12.39, 2.48, 9.91, 'cash', 'pending', NULL);
INSERT INTO TRIP (trip_id, rider_id, driver_id, vehicle_id, origin_lat, origin_lng, origin_address, dest_lat, dest_lng, dest_address, status, distance_km, duration_minutes, price_estimated, price_final, requested_at, accepted_at, started_at, finished_at) VALUES (174, 35, 45, 45, 40.4372859, -3.64740355, 'Cuesta de Candelas Cañete 7 Apt. 05 , Madrid', 40.44473781, -3.66873274, 'Calle de Juan Manuel Blasco 30 Apt. 96 , Madrid', 'completed', 2.51, 7, 5.76, 5.72, '2026-04-25 18:50:15', '2026-04-25 18:51:46', '2026-04-25 18:56:57', '2026-04-25 19:03:57');
INSERT INTO OFFER (offer_id, trip_id, driver_id, status, sent_at, responded_at) VALUES (501, 174, 45, 'accepted', '2026-04-25 18:50:16', '2026-04-25 18:51:46');
INSERT INTO OFFER (offer_id, trip_id, driver_id, status, sent_at, responded_at) VALUES (502, 174, 10, 'rejected', '2026-04-25 18:50:19', '2026-04-25 18:50:58');
INSERT INTO PAYMENT (payment_id, trip_id, amount, platform_fee, driver_earnings, method, status, paid_at) VALUES (145, 174, 5.72, 1.14, 4.58, 'cash', 'pending', NULL);
INSERT INTO TRIP (trip_id, rider_id, driver_id, vehicle_id, origin_lat, origin_lng, origin_address, dest_lat, dest_lng, dest_address, status, distance_km, duration_minutes, price_estimated, price_final, requested_at, accepted_at, started_at, finished_at) VALUES (175, 37, 49, 49, 40.39685222, -3.71920236, 'Paseo María Cristina Matas 57, Madrid', 40.45712228, -3.66172602, 'Rambla Juan Pablo Quevedo 32 Apt. 76 , Madrid', 'completed', 9.24, 21, 15.86, 16.57, '2026-04-25 18:52:22', '2026-04-25 18:55:34', '2026-04-25 18:59:33', '2026-04-25 19:20:33');
INSERT INTO OFFER (offer_id, trip_id, driver_id, status, sent_at, responded_at) VALUES (503, 175, 49, 'accepted', '2026-04-25 18:52:26', '2026-04-25 18:55:34');
INSERT INTO OFFER (offer_id, trip_id, driver_id, status, sent_at, responded_at) VALUES (504, 175, 14, 'expired', '2026-04-25 18:52:25', NULL);
INSERT INTO OFFER (offer_id, trip_id, driver_id, status, sent_at, responded_at) VALUES (505, 175, 7, 'rejected', '2026-04-25 18:52:27', '2026-04-25 18:52:37');
INSERT INTO OFFER (offer_id, trip_id, driver_id, status, sent_at, responded_at) VALUES (506, 175, 26, 'rejected', '2026-04-25 18:52:24', '2026-04-25 18:52:36');
INSERT INTO PAYMENT (payment_id, trip_id, amount, platform_fee, driver_earnings, method, status, paid_at) VALUES (146, 175, 16.57, 3.31, 13.26, 'card', 'completed', '2026-04-25 19:21:33');
INSERT INTO TRIP (trip_id, rider_id, driver_id, vehicle_id, origin_lat, origin_lng, origin_address, dest_lat, dest_lng, dest_address, status, distance_km, duration_minutes, price_estimated, price_final, requested_at, accepted_at, started_at, finished_at) VALUES (176, 81, 14, 14, 40.4680386, -3.61488164, 'Calle Coral Vicente 56 Apt. 81 , Madrid', 40.38551385, -3.73587227, 'Glorieta Manu Cornejo 30, Madrid', 'completed', 16.26, 30, 26.39, 28.01, '2026-04-25 18:51:31', '2026-04-25 18:56:03', '2026-04-25 19:04:58', '2026-04-25 19:34:58');
INSERT INTO OFFER (offer_id, trip_id, driver_id, status, sent_at, responded_at) VALUES (507, 176, 14, 'accepted', '2026-04-25 18:51:36', '2026-04-25 18:56:03');
INSERT INTO OFFER (offer_id, trip_id, driver_id, status, sent_at, responded_at) VALUES (508, 176, 19, 'expired', '2026-04-25 18:51:33', NULL);
INSERT INTO OFFER (offer_id, trip_id, driver_id, status, sent_at, responded_at) VALUES (509, 176, 28, 'expired', '2026-04-25 18:51:34', NULL);
INSERT INTO OFFER (offer_id, trip_id, driver_id, status, sent_at, responded_at) VALUES (510, 176, 46, 'rejected', '2026-04-25 18:51:36', '2026-04-25 18:52:31');
INSERT INTO OFFER (offer_id, trip_id, driver_id, status, sent_at, responded_at) VALUES (511, 176, 22, 'rejected', '2026-04-25 18:51:32', '2026-04-25 18:51:58');
INSERT INTO PAYMENT (payment_id, trip_id, amount, platform_fee, driver_earnings, method, status, paid_at) VALUES (147, 176, 28.01, 5.6, 22.41, 'card', 'completed', '2026-04-25 19:39:58');
INSERT INTO TRIP (trip_id, rider_id, driver_id, vehicle_id, origin_lat, origin_lng, origin_address, dest_lat, dest_lng, dest_address, status, distance_km, duration_minutes, price_estimated, price_final, requested_at, accepted_at, started_at, finished_at) VALUES (177, 74, 32, 32, 40.44242677, -3.60179447, 'Avenida de Adelina Carreras 12 Apt. 03 , Madrid', 40.43089893, -3.70593057, 'Pasadizo Jimena Lladó 28, Madrid', 'completed', 11.63, 24, 19.45, 20.15, '2026-04-25 18:51:11', '2026-04-25 18:55:51', '2026-04-25 19:00:41', '2026-04-25 19:24:41');
INSERT INTO OFFER (offer_id, trip_id, driver_id, status, sent_at, responded_at) VALUES (512, 177, 32, 'accepted', '2026-04-25 18:51:15', '2026-04-25 18:55:51');
INSERT INTO OFFER (offer_id, trip_id, driver_id, status, sent_at, responded_at) VALUES (513, 177, 50, 'expired', '2026-04-25 18:51:12', NULL);
INSERT INTO OFFER (offer_id, trip_id, driver_id, status, sent_at, responded_at) VALUES (514, 177, 42, 'expired', '2026-04-25 18:51:12', NULL);
INSERT INTO PAYMENT (payment_id, trip_id, amount, platform_fee, driver_earnings, method, status, paid_at) VALUES (148, 177, 20.15, 4.03, 16.12, 'cash', 'pending', NULL);
INSERT INTO TRIP (trip_id, rider_id, driver_id, vehicle_id, origin_lat, origin_lng, origin_address, dest_lat, dest_lng, dest_address, status, distance_km, duration_minutes, price_estimated, price_final, requested_at, accepted_at, started_at, finished_at) VALUES (178, 36, 37, 37, 40.35769541, -3.71211747, 'Urbanización de Eligia Cuadrado 9 Apt. 68 , Madrid', 40.36739056, -3.68689409, 'Via de Eufemia Pedrosa 76 Piso 8 , Madrid', 'completed', 3.0, 7, 6.5, 6.12, '2026-04-25 18:51:42', '2026-04-25 18:55:58', '2026-04-25 19:01:15', '2026-04-25 19:08:15');
INSERT INTO OFFER (offer_id, trip_id, driver_id, status, sent_at, responded_at) VALUES (515, 178, 11, 'rejected', '2026-04-25 18:51:43', '2026-04-25 18:52:09');
INSERT INTO OFFER (offer_id, trip_id, driver_id, status, sent_at, responded_at) VALUES (516, 178, 37, 'accepted', '2026-04-25 18:51:46', '2026-04-25 18:55:58');
INSERT INTO OFFER (offer_id, trip_id, driver_id, status, sent_at, responded_at) VALUES (517, 178, 21, 'expired', '2026-04-25 18:51:44', NULL);
INSERT INTO PAYMENT (payment_id, trip_id, amount, platform_fee, driver_earnings, method, status, paid_at) VALUES (149, 178, 6.12, 1.22, 4.9, 'cash', 'completed', '2026-04-25 19:10:15');
INSERT INTO TRIP (trip_id, rider_id, driver_id, vehicle_id, origin_lat, origin_lng, origin_address, dest_lat, dest_lng, dest_address, status, distance_km, duration_minutes, price_estimated, price_final, requested_at, accepted_at, started_at, finished_at) VALUES (179, 41, 29, 29, 40.46596559, -3.66024855, 'Cañada de Olalla Bermudez 5 Piso 1 , Madrid', 40.44219393, -3.60124383, 'Pasaje Angélica Escalona 2 Piso 5 , Madrid', 'completed', 7.06, 12, 12.59, 12.76, '2026-04-25 18:51:04', '2026-04-25 18:52:46', '2026-04-25 18:57:20', '2026-04-25 19:09:20');
INSERT INTO OFFER (offer_id, trip_id, driver_id, status, sent_at, responded_at) VALUES (518, 179, 29, 'accepted', '2026-04-25 18:51:09', '2026-04-25 18:52:46');
INSERT INTO OFFER (offer_id, trip_id, driver_id, status, sent_at, responded_at) VALUES (519, 179, 20, 'expired', '2026-04-25 18:51:08', NULL);
INSERT INTO OFFER (offer_id, trip_id, driver_id, status, sent_at, responded_at) VALUES (520, 179, 25, 'expired', '2026-04-25 18:51:08', NULL);
INSERT INTO OFFER (offer_id, trip_id, driver_id, status, sent_at, responded_at) VALUES (521, 179, 26, 'expired', '2026-04-25 18:51:07', NULL);
INSERT INTO OFFER (offer_id, trip_id, driver_id, status, sent_at, responded_at) VALUES (522, 179, 39, 'expired', '2026-04-25 18:51:09', NULL);
INSERT INTO PAYMENT (payment_id, trip_id, amount, platform_fee, driver_earnings, method, status, paid_at) VALUES (150, 179, 12.76, 2.55, 10.21, 'card', 'pending', NULL);
INSERT INTO TRIP (trip_id, rider_id, driver_id, vehicle_id, origin_lat, origin_lng, origin_address, dest_lat, dest_lng, dest_address, status, distance_km, duration_minutes, price_estimated, price_final, requested_at, accepted_at, started_at, finished_at) VALUES (180, 35, 3, 3, 40.35014916, -3.7276135, 'Avenida de Pedro Llamas 8, Madrid', 40.42451738, -3.67985606, 'Alameda Geraldo Guitart 74 Apt. 96 , Madrid', 'completed', 9.81, 22, 16.71, 16.28, '2026-04-25 18:52:39', '2026-04-25 18:53:41', '2026-04-25 18:56:21', '2026-04-25 19:18:21');
INSERT INTO OFFER (offer_id, trip_id, driver_id, status, sent_at, responded_at) VALUES (523, 180, 3, 'accepted', '2026-04-25 18:52:44', '2026-04-25 18:53:41');
INSERT INTO OFFER (offer_id, trip_id, driver_id, status, sent_at, responded_at) VALUES (524, 180, 21, 'expired', '2026-04-25 18:52:41', NULL);
INSERT INTO PAYMENT (payment_id, trip_id, amount, platform_fee, driver_earnings, method, status, paid_at) VALUES (151, 180, 16.28, 3.26, 13.02, 'card', 'completed', '2026-04-25 19:19:21');

INSERT INTO TRIP (trip_id, rider_id, driver_id, vehicle_id, origin_lat, origin_lng, origin_address, dest_lat, dest_lng, dest_address, status, distance_km, duration_minutes, price_estimated, price_final, requested_at, accepted_at, started_at, finished_at) VALUES (181, 72, 30, 30, 40.49286578, -3.61259898, 'C. de Octavia Clemente 20 Puerta 7 , Madrid', 40.44905586, -3.65331609, 'Ronda Melania Alcaraz 21 Apt. 95 , Madrid', 'completed', 6.64, 11, 11.96, 12.72, '2026-04-25 18:51:35', '2026-04-25 18:54:46', '2026-04-25 19:04:36', '2026-04-25 19:15:36');
INSERT INTO OFFER (offer_id, trip_id, driver_id, status, sent_at, responded_at) VALUES (525, 181, 30, 'accepted', '2026-04-25 18:51:38', '2026-04-25 18:54:46');
INSERT INTO OFFER (offer_id, trip_id, driver_id, status, sent_at, responded_at) VALUES (526, 181, 38, 'expired', '2026-04-25 18:51:37', NULL);
INSERT INTO OFFER (offer_id, trip_id, driver_id, status, sent_at, responded_at) VALUES (527, 181, 22, 'rejected', '2026-04-25 18:51:40', '2026-04-25 18:52:10');
INSERT INTO PAYMENT (payment_id, trip_id, amount, platform_fee, driver_earnings, method, status, paid_at) VALUES (152, 181, 12.72, 2.54, 10.18, 'wallet', 'pending', NULL);
INSERT INTO TRIP (trip_id, rider_id, driver_id, vehicle_id, origin_lat, origin_lng, origin_address, dest_lat, dest_lng, dest_address, status, distance_km, duration_minutes, price_estimated, price_final, requested_at, accepted_at, started_at, finished_at) VALUES (182, 64, NULL, NULL, 40.4960249, -3.62986755, 'Via Imelda Verdugo 57, Madrid', 40.44111202, -3.67185355, 'Calle Julio Mayo 86 Apt. 51 , Madrid', 'cancelled', 7.67, NULL, 13.5, NULL, '2026-04-25 18:52:27', NULL, NULL, NULL);
INSERT INTO OFFER (offer_id, trip_id, driver_id, status, sent_at, responded_at) VALUES (528, 182, 12, 'expired', '2026-04-25 18:52:31', NULL);
INSERT INTO TRIP (trip_id, rider_id, driver_id, vehicle_id, origin_lat, origin_lng, origin_address, dest_lat, dest_lng, dest_address, status, distance_km, duration_minutes, price_estimated, price_final, requested_at, accepted_at, started_at, finished_at) VALUES (183, 33, 9, 9, 40.36961937, -3.72194118, 'Paseo Camilo Escudero 58 Apt. 75 , Madrid', 40.42896877, -3.70124097, 'Pasadizo de Odalys Piña 9, Madrid', 'completed', 6.98, 16, 12.47, 12.06, '2026-04-25 18:52:46', '2026-04-25 18:55:34', '2026-04-25 19:02:54', '2026-04-25 19:18:54');
INSERT INTO OFFER (offer_id, trip_id, driver_id, status, sent_at, responded_at) VALUES (529, 183, 9, 'accepted', '2026-04-25 18:52:49', '2026-04-25 18:55:34');
INSERT INTO OFFER (offer_id, trip_id, driver_id, status, sent_at, responded_at) VALUES (530, 183, 22, 'rejected', '2026-04-25 18:52:49', '2026-04-25 18:53:30');
INSERT INTO OFFER (offer_id, trip_id, driver_id, status, sent_at, responded_at) VALUES (531, 183, 11, 'rejected', '2026-04-25 18:52:47', '2026-04-25 18:53:28');
INSERT INTO PAYMENT (payment_id, trip_id, amount, platform_fee, driver_earnings, method, status, paid_at) VALUES (153, 183, 12.06, 2.41, 9.65, 'card', 'pending', NULL);
INSERT INTO TRIP (trip_id, rider_id, driver_id, vehicle_id, origin_lat, origin_lng, origin_address, dest_lat, dest_lng, dest_address, status, distance_km, duration_minutes, price_estimated, price_final, requested_at, accepted_at, started_at, finished_at) VALUES (184, 68, 29, 29, 40.43459369, -3.6816435, 'Avenida Melisa Barranco 14 Apt. 69 , Madrid', 40.46169737, -3.74322008, 'C. María José Abellán 30, Madrid', 'completed', 7.47, 18, 13.21, 13.73, '2026-04-25 18:51:26', '2026-04-25 18:53:19', '2026-04-25 19:01:44', '2026-04-25 19:19:44');
INSERT INTO OFFER (offer_id, trip_id, driver_id, status, sent_at, responded_at) VALUES (532, 184, 29, 'accepted', '2026-04-25 18:51:29', '2026-04-25 18:53:19');
INSERT INTO PAYMENT (payment_id, trip_id, amount, platform_fee, driver_earnings, method, status, paid_at) VALUES (154, 184, 13.73, 2.75, 10.98, 'card', 'pending', NULL);
INSERT INTO TRIP (trip_id, rider_id, driver_id, vehicle_id, origin_lat, origin_lng, origin_address, dest_lat, dest_lng, dest_address, status, distance_km, duration_minutes, price_estimated, price_final, requested_at, accepted_at, started_at, finished_at) VALUES (185, 67, 32, 32, 40.44593222, -3.73229174, 'Calle Dulce Monreal 33 Puerta 4 , Madrid', 40.36096162, -3.60942021, 'Glorieta de Mateo Ropero 590, Madrid', 'completed', 16.58, 35, 26.87, 26.02, '2026-04-25 18:50:21', '2026-04-25 18:52:41', '2026-04-25 18:58:10', '2026-04-25 19:33:10');
INSERT INTO OFFER (offer_id, trip_id, driver_id, status, sent_at, responded_at) VALUES (533, 185, 32, 'accepted', '2026-04-25 18:50:24', '2026-04-25 18:52:41');
INSERT INTO OFFER (offer_id, trip_id, driver_id, status, sent_at, responded_at) VALUES (534, 185, 10, 'expired', '2026-04-25 18:50:22', NULL);
INSERT INTO OFFER (offer_id, trip_id, driver_id, status, sent_at, responded_at) VALUES (535, 185, 24, 'rejected', '2026-04-25 18:50:25', '2026-04-25 18:51:06');
INSERT INTO OFFER (offer_id, trip_id, driver_id, status, sent_at, responded_at) VALUES (536, 185, 27, 'expired', '2026-04-25 18:50:23', NULL);
INSERT INTO PAYMENT (payment_id, trip_id, amount, platform_fee, driver_earnings, method, status, paid_at) VALUES (155, 185, 26.02, 5.2, 20.82, 'card', 'pending', NULL);
INSERT INTO TRIP (trip_id, rider_id, driver_id, vehicle_id, origin_lat, origin_lng, origin_address, dest_lat, dest_lng, dest_address, status, distance_km, duration_minutes, price_estimated, price_final, requested_at, accepted_at, started_at, finished_at) VALUES (186, 26, 30, 30, 40.36694144, -3.74549784, 'Alameda Mamen Calzada 3, Madrid', 40.41574526, -3.69501088, 'C. Antonio Salinas 353, Madrid', 'completed', 7.79, 16, 13.69, 13.88, '2026-04-25 18:51:59', '2026-04-25 18:56:29', '2026-04-25 19:04:26', '2026-04-25 19:20:26');
INSERT INTO OFFER (offer_id, trip_id, driver_id, status, sent_at, responded_at) VALUES (537, 186, 30, 'accepted', '2026-04-25 18:52:00', '2026-04-25 18:56:29');
INSERT INTO OFFER (offer_id, trip_id, driver_id, status, sent_at, responded_at) VALUES (538, 186, 49, 'rejected', '2026-04-25 18:52:04', '2026-04-25 18:52:47');
INSERT INTO OFFER (offer_id, trip_id, driver_id, status, sent_at, responded_at) VALUES (539, 186, 39, 'expired', '2026-04-25 18:52:04', NULL);
INSERT INTO PAYMENT (payment_id, trip_id, amount, platform_fee, driver_earnings, method, status, paid_at) VALUES (156, 186, 13.88, 2.78, 11.1, 'card', 'pending', NULL);
INSERT INTO TRIP (trip_id, rider_id, driver_id, vehicle_id, origin_lat, origin_lng, origin_address, dest_lat, dest_lng, dest_address, status, distance_km, duration_minutes, price_estimated, price_final, requested_at, accepted_at, started_at, finished_at) VALUES (187, 46, 40, 40, 40.38354539, -3.70206634, 'Camino de Domingo Prada 17 Apt. 74 , Madrid', 40.44717716, -3.73166577, 'Urbanización de Reynaldo Escamilla 94, Madrid', 'completed', 7.79, 20, 13.69, 12.8, '2026-04-25 18:51:27', '2026-04-25 18:53:02', '2026-04-25 19:02:45', '2026-04-25 19:22:45');
INSERT INTO OFFER (offer_id, trip_id, driver_id, status, sent_at, responded_at) VALUES (540, 187, 40, 'accepted', '2026-04-25 18:51:32', '2026-04-25 18:53:02');
INSERT INTO OFFER (offer_id, trip_id, driver_id, status, sent_at, responded_at) VALUES (541, 187, 38, 'expired', '2026-04-25 18:51:29', NULL);
INSERT INTO PAYMENT (payment_id, trip_id, amount, platform_fee, driver_earnings, method, status, paid_at) VALUES (157, 187, 12.8, 2.56, 10.24, 'card', 'pending', NULL);
INSERT INTO TRIP (trip_id, rider_id, driver_id, vehicle_id, origin_lat, origin_lng, origin_address, dest_lat, dest_lng, dest_address, status, distance_km, duration_minutes, price_estimated, price_final, requested_at, accepted_at, started_at, finished_at) VALUES (188, 91, 39, 39, 40.4781409, -3.66304383, 'C. de Berta Macias 6 Apt. 63 , Madrid', 40.44662822, -3.66155686, 'C. Juana Sanz 1, Madrid', 'completed', 3.5, 9, 7.25, 7.49, '2026-04-25 18:50:13', '2026-04-25 18:53:33', '2026-04-25 19:02:23', '2026-04-25 19:11:23');
INSERT INTO OFFER (offer_id, trip_id, driver_id, status, sent_at, responded_at) VALUES (542, 188, 39, 'accepted', '2026-04-25 18:50:14', '2026-04-25 18:53:33');
INSERT INTO OFFER (offer_id, trip_id, driver_id, status, sent_at, responded_at) VALUES (543, 188, 50, 'rejected', '2026-04-25 18:50:18', '2026-04-25 18:50:24');
INSERT INTO OFFER (offer_id, trip_id, driver_id, status, sent_at, responded_at) VALUES (544, 188, 24, 'rejected', '2026-04-25 18:50:14', '2026-04-25 18:51:11');
INSERT INTO PAYMENT (payment_id, trip_id, amount, platform_fee, driver_earnings, method, status, paid_at) VALUES (158, 188, 7.49, 1.5, 5.99, 'cash', 'completed', '2026-04-25 19:16:23');
INSERT INTO TRIP (trip_id, rider_id, driver_id, vehicle_id, origin_lat, origin_lng, origin_address, dest_lat, dest_lng, dest_address, status, distance_km, duration_minutes, price_estimated, price_final, requested_at, accepted_at, started_at, finished_at) VALUES (189, 36, 47, 47, 40.3797534, -3.73798638, 'Urbanización de Juanita Valero 78 Piso 8 , Madrid', 40.39792505, -3.63984403, 'Pasadizo Rosario Gual 4 Piso 6 , Madrid', 'completed', 11.08, 24, 18.62, 17.49, '2026-04-25 18:50:50', '2026-04-25 18:53:31', '2026-04-25 19:02:06', '2026-04-25 19:26:06');
INSERT INTO OFFER (offer_id, trip_id, driver_id, status, sent_at, responded_at) VALUES (545, 189, 47, 'accepted', '2026-04-25 18:50:54', '2026-04-25 18:53:31');
INSERT INTO OFFER (offer_id, trip_id, driver_id, status, sent_at, responded_at) VALUES (546, 189, 19, 'rejected', '2026-04-25 18:50:54', '2026-04-25 18:51:19');
INSERT INTO OFFER (offer_id, trip_id, driver_id, status, sent_at, responded_at) VALUES (547, 189, 41, 'expired', '2026-04-25 18:50:54', NULL);
INSERT INTO PAYMENT (payment_id, trip_id, amount, platform_fee, driver_earnings, method, status, paid_at) VALUES (159, 189, 17.49, 3.5, 13.99, 'cash', 'completed', '2026-04-25 19:29:06');
INSERT INTO TRIP (trip_id, rider_id, driver_id, vehicle_id, origin_lat, origin_lng, origin_address, dest_lat, dest_lng, dest_address, status, distance_km, duration_minutes, price_estimated, price_final, requested_at, accepted_at, started_at, finished_at) VALUES (190, 26, 25, 25, 40.39920835, -3.6587149, 'Pasaje Iker Pazos 387 Piso 9 , Madrid', 40.46637771, -3.65692523, 'Via de Noemí Andreu 10, Madrid', 'completed', 7.46, 13, 13.19, 13.23, '2026-04-25 18:52:22', '2026-04-25 18:54:14', '2026-04-25 18:58:17', '2026-04-25 19:11:17');
INSERT INTO OFFER (offer_id, trip_id, driver_id, status, sent_at, responded_at) VALUES (548, 190, 25, 'accepted', '2026-04-25 18:52:25', '2026-04-25 18:54:14');
INSERT INTO OFFER (offer_id, trip_id, driver_id, status, sent_at, responded_at) VALUES (549, 190, 50, 'rejected', '2026-04-25 18:52:26', '2026-04-25 18:53:07');
INSERT INTO PAYMENT (payment_id, trip_id, amount, platform_fee, driver_earnings, method, status, paid_at) VALUES (160, 190, 13.23, 2.65, 10.58, 'cash', 'pending', NULL);

INSERT INTO TRIP (trip_id, rider_id, driver_id, vehicle_id, origin_lat, origin_lng, origin_address, dest_lat, dest_lng, dest_address, status, distance_km, duration_minutes, price_estimated, price_final, requested_at, accepted_at, started_at, finished_at) VALUES (191, 82, NULL, NULL, 40.36214621, -3.64201846, 'C. Bernardita Alcalá 43 Apt. 35 , Madrid', 40.43320586, -3.74730831, 'Ronda de Armando Sebastián 12 Apt. 93 , Madrid', 'cancelled', 14.1, NULL, 23.15, NULL, '2026-04-25 18:50:49', NULL, NULL, NULL);
INSERT INTO OFFER (offer_id, trip_id, driver_id, status, sent_at, responded_at) VALUES (550, 191, 9, 'rejected', '2026-04-25 18:50:54', '2026-04-25 18:51:19');
INSERT INTO TRIP (trip_id, rider_id, driver_id, vehicle_id, origin_lat, origin_lng, origin_address, dest_lat, dest_lng, dest_address, status, distance_km, duration_minutes, price_estimated, price_final, requested_at, accepted_at, started_at, finished_at) VALUES (192, 6, 36, 36, 40.47993167, -3.62125914, 'Glorieta de Ruth Torrent 30, Madrid', 40.45520084, -3.62138663, 'Alameda de Apolinar Sáenz 50, Madrid', 'completed', 2.75, 3, 6.12, 6.05, '2026-04-25 18:50:38', '2026-04-25 18:54:45', '2026-04-25 18:59:01', '2026-04-25 19:02:01');
INSERT INTO OFFER (offer_id, trip_id, driver_id, status, sent_at, responded_at) VALUES (551, 192, 36, 'accepted', '2026-04-25 18:50:39', '2026-04-25 18:54:45');
INSERT INTO OFFER (offer_id, trip_id, driver_id, status, sent_at, responded_at) VALUES (552, 192, 4, 'rejected', '2026-04-25 18:50:42', '2026-04-25 18:51:22');
INSERT INTO OFFER (offer_id, trip_id, driver_id, status, sent_at, responded_at) VALUES (553, 192, 25, 'rejected', '2026-04-25 18:50:41', '2026-04-25 18:51:32');
INSERT INTO OFFER (offer_id, trip_id, driver_id, status, sent_at, responded_at) VALUES (554, 192, 33, 'expired', '2026-04-25 18:50:43', NULL);
INSERT INTO OFFER (offer_id, trip_id, driver_id, status, sent_at, responded_at) VALUES (555, 192, 12, 'rejected', '2026-04-25 18:50:42', '2026-04-25 18:51:31');
INSERT INTO PAYMENT (payment_id, trip_id, amount, platform_fee, driver_earnings, method, status, paid_at) VALUES (161, 192, 6.05, 1.21, 4.84, 'cash', 'completed', '2026-04-25 19:07:01');
INSERT INTO TRIP (trip_id, rider_id, driver_id, vehicle_id, origin_lat, origin_lng, origin_address, dest_lat, dest_lng, dest_address, status, distance_km, duration_minutes, price_estimated, price_final, requested_at, accepted_at, started_at, finished_at) VALUES (193, 10, 10, 10, 40.44718808, -3.66999427, 'Alameda Wálter Gallego 431, Madrid', 40.43969652, -3.74918933, 'C. de Luz Pacheco 48 Piso 3 , Madrid', 'completed', 8.83, 19, 15.25, 16.03, '2026-04-25 18:50:34', '2026-04-25 18:53:01', '2026-04-25 18:58:33', '2026-04-25 19:17:33');
INSERT INTO OFFER (offer_id, trip_id, driver_id, status, sent_at, responded_at) VALUES (556, 193, 10, 'accepted', '2026-04-25 18:50:38', '2026-04-25 18:53:01');
INSERT INTO OFFER (offer_id, trip_id, driver_id, status, sent_at, responded_at) VALUES (557, 193, 37, 'expired', '2026-04-25 18:50:38', NULL);
INSERT INTO OFFER (offer_id, trip_id, driver_id, status, sent_at, responded_at) VALUES (558, 193, 19, 'expired', '2026-04-25 18:50:35', NULL);
INSERT INTO OFFER (offer_id, trip_id, driver_id, status, sent_at, responded_at) VALUES (559, 193, 29, 'rejected', '2026-04-25 18:50:36', '2026-04-25 18:51:17');
INSERT INTO PAYMENT (payment_id, trip_id, amount, platform_fee, driver_earnings, method, status, paid_at) VALUES (162, 193, 16.03, 3.21, 12.82, 'cash', 'pending', NULL);
INSERT INTO TRIP (trip_id, rider_id, driver_id, vehicle_id, origin_lat, origin_lng, origin_address, dest_lat, dest_lng, dest_address, status, distance_km, duration_minutes, price_estimated, price_final, requested_at, accepted_at, started_at, finished_at) VALUES (194, 97, 36, 36, 40.42979817, -3.70239762, 'Glorieta Ciro Becerra 420 Piso 8 , Madrid', 40.41405506, -3.74880128, 'Pasadizo Encarnacion Patiño 93 Puerta 4 , Madrid', 'completed', 5.44, 12, 10.16, 10.11, '2026-04-25 18:50:52', '2026-04-25 18:52:06', '2026-04-25 18:56:53', '2026-04-25 19:08:53');
INSERT INTO OFFER (offer_id, trip_id, driver_id, status, sent_at, responded_at) VALUES (560, 194, 36, 'accepted', '2026-04-25 18:50:56', '2026-04-25 18:52:06');
INSERT INTO PAYMENT (payment_id, trip_id, amount, platform_fee, driver_earnings, method, status, paid_at) VALUES (163, 194, 10.11, 2.02, 8.09, 'wallet', 'completed', '2026-04-25 19:08:53');
INSERT INTO TRIP (trip_id, rider_id, driver_id, vehicle_id, origin_lat, origin_lng, origin_address, dest_lat, dest_lng, dest_address, status, distance_km, duration_minutes, price_estimated, price_final, requested_at, accepted_at, started_at, finished_at) VALUES (195, 71, 46, 46, 40.49681387, -3.7091662, 'Rambla Celestina Mur 29, Madrid', 40.36887253, -3.73464907, 'Vial Román Doménech 10 Puerta 2 , Madrid', 'completed', 14.48, 30, 23.72, 22.08, '2026-04-25 18:51:12', '2026-04-25 18:53:05', '2026-04-25 19:00:41', '2026-04-25 19:30:41');
INSERT INTO OFFER (offer_id, trip_id, driver_id, status, sent_at, responded_at) VALUES (561, 195, 46, 'accepted', '2026-04-25 18:51:14', '2026-04-25 18:53:05');
INSERT INTO PAYMENT (payment_id, trip_id, amount, platform_fee, driver_earnings, method, status, paid_at) VALUES (164, 195, 22.08, 4.42, 17.66, 'cash', 'completed', '2026-04-25 19:35:41');
INSERT INTO TRIP (trip_id, rider_id, driver_id, vehicle_id, origin_lat, origin_lng, origin_address, dest_lat, dest_lng, dest_address, status, distance_km, duration_minutes, price_estimated, price_final, requested_at, accepted_at, started_at, finished_at) VALUES (196, 64, NULL, NULL, 40.47044717, -3.62689714, 'Pasaje Edu Guitart 12, Madrid', 40.36349966, -3.72876715, 'Paseo Bernardo Delgado 27, Madrid', 'requested', 16.39, NULL, 26.59, NULL, '2026-04-25 18:51:27', NULL, NULL, NULL);
INSERT INTO OFFER (offer_id, trip_id, driver_id, status, sent_at, responded_at) VALUES (562, 196, 16, 'rejected', '2026-04-25 18:51:29', '2026-04-25 18:51:44');
INSERT INTO OFFER (offer_id, trip_id, driver_id, status, sent_at, responded_at) VALUES (563, 196, 11, 'expired', '2026-04-25 18:51:31', NULL);
INSERT INTO TRIP (trip_id, rider_id, driver_id, vehicle_id, origin_lat, origin_lng, origin_address, dest_lat, dest_lng, dest_address, status, distance_km, duration_minutes, price_estimated, price_final, requested_at, accepted_at, started_at, finished_at) VALUES (197, 93, 30, 30, 40.42393301, -3.66240903, 'Calle de Albano Hernandez 62 Puerta 9 , Madrid', 40.47911659, -3.74009043, 'Vial Eloísa Garriga 76 Piso 3 , Madrid', 'completed', 10.58, 21, 17.87, 17.33, '2026-04-25 18:53:02', '2026-04-25 18:55:57', '2026-04-25 19:02:22', '2026-04-25 19:23:22');
INSERT INTO OFFER (offer_id, trip_id, driver_id, status, sent_at, responded_at) VALUES (564, 197, 15, 'expired', '2026-04-25 18:53:05', NULL);
INSERT INTO OFFER (offer_id, trip_id, driver_id, status, sent_at, responded_at) VALUES (565, 197, 27, 'rejected', '2026-04-25 18:53:06', '2026-04-25 18:53:42');
INSERT INTO OFFER (offer_id, trip_id, driver_id, status, sent_at, responded_at) VALUES (566, 197, 30, 'accepted', '2026-04-25 18:53:05', '2026-04-25 18:55:57');
INSERT INTO PAYMENT (payment_id, trip_id, amount, platform_fee, driver_earnings, method, status, paid_at) VALUES (165, 197, 17.33, 3.47, 13.86, 'wallet', 'completed', '2026-04-25 19:23:22');
INSERT INTO TRIP (trip_id, rider_id, driver_id, vehicle_id, origin_lat, origin_lng, origin_address, dest_lat, dest_lng, dest_address, status, distance_km, duration_minutes, price_estimated, price_final, requested_at, accepted_at, started_at, finished_at) VALUES (198, 27, 29, 29, 40.42117735, -3.65745538, 'Avenida de Borja Meléndez 784 Puerta 3 , Madrid', 40.4858899, -3.7120242, 'Urbanización de María Carmen Mas 21 Apt. 73 , Madrid', 'completed', 9.4, 21, 16.1, 15.82, '2026-04-25 18:51:53', '2026-04-25 18:53:03', '2026-04-25 18:56:24', '2026-04-25 19:17:24');
INSERT INTO OFFER (offer_id, trip_id, driver_id, status, sent_at, responded_at) VALUES (567, 198, 29, 'accepted', '2026-04-25 18:51:55', '2026-04-25 18:53:03');
INSERT INTO OFFER (offer_id, trip_id, driver_id, status, sent_at, responded_at) VALUES (568, 198, 45, 'expired', '2026-04-25 18:51:58', NULL);
INSERT INTO OFFER (offer_id, trip_id, driver_id, status, sent_at, responded_at) VALUES (569, 198, 18, 'rejected', '2026-04-25 18:51:56', '2026-04-25 18:52:15');
INSERT INTO PAYMENT (payment_id, trip_id, amount, platform_fee, driver_earnings, method, status, paid_at) VALUES (166, 198, 15.82, 3.16, 12.66, 'card', 'pending', NULL);
INSERT INTO TRIP (trip_id, rider_id, driver_id, vehicle_id, origin_lat, origin_lng, origin_address, dest_lat, dest_lng, dest_address, status, distance_km, duration_minutes, price_estimated, price_final, requested_at, accepted_at, started_at, finished_at) VALUES (199, 55, 30, 30, 40.36278869, -3.68578075, 'Avenida María Dolores Portero 89, Madrid', 40.49583973, -3.65530309, 'Callejón de Regina Salamanca 7 Piso 0 , Madrid', 'completed', 15.15, 29, 24.73, 23.79, '2026-04-25 18:50:30', '2026-04-25 18:51:54', '2026-04-25 18:59:02', '2026-04-25 19:28:02');
INSERT INTO OFFER (offer_id, trip_id, driver_id, status, sent_at, responded_at) VALUES (570, 199, 30, 'accepted', '2026-04-25 18:50:32', '2026-04-25 18:51:54');
INSERT INTO PAYMENT (payment_id, trip_id, amount, platform_fee, driver_earnings, method, status, paid_at) VALUES (167, 199, 23.79, 4.76, 19.03, 'cash', 'completed', '2026-04-25 19:32:02');
INSERT INTO TRIP (trip_id, rider_id, driver_id, vehicle_id, origin_lat, origin_lng, origin_address, dest_lat, dest_lng, dest_address, status, distance_km, duration_minutes, price_estimated, price_final, requested_at, accepted_at, started_at, finished_at) VALUES (200, 93, 33, 33, 40.47780001, -3.67249686, 'Avenida Cruz Polo 83 Apt. 16 , Madrid', 40.39381847, -3.66322011, 'Acceso de Trinidad Uribe 6, Madrid', 'completed', 9.38, 18, 16.07, 17.22, '2026-04-25 18:52:22', '2026-04-25 18:57:20', '2026-04-25 19:01:29', '2026-04-25 19:19:29');
INSERT INTO OFFER (offer_id, trip_id, driver_id, status, sent_at, responded_at) VALUES (571, 200, 33, 'accepted', '2026-04-25 18:52:25', '2026-04-25 18:57:20');
INSERT INTO OFFER (offer_id, trip_id, driver_id, status, sent_at, responded_at) VALUES (572, 200, 16, 'expired', '2026-04-25 18:52:24', NULL);
INSERT INTO OFFER (offer_id, trip_id, driver_id, status, sent_at, responded_at) VALUES (573, 200, 17, 'rejected', '2026-04-25 18:52:27', '2026-04-25 18:53:20');
INSERT INTO OFFER (offer_id, trip_id, driver_id, status, sent_at, responded_at) VALUES (574, 200, 41, 'expired', '2026-04-25 18:52:24', NULL);
INSERT INTO PAYMENT (payment_id, trip_id, amount, platform_fee, driver_earnings, method, status, paid_at) VALUES (168, 200, 17.22, 3.44, 13.78, 'wallet', 'pending', NULL);

INSERT INTO TRIP (trip_id, rider_id, driver_id, vehicle_id, origin_lat, origin_lng, origin_address, dest_lat, dest_lng, dest_address, status, distance_km, duration_minutes, price_estimated, price_final, requested_at, accepted_at, started_at, finished_at) VALUES (201, 28, 29, 29, 40.47734461, -3.60498597, 'Pasadizo de Reinaldo Tejada 82 Piso 3 , Madrid', 40.42220718, -3.68457709, 'Rambla Nuria Sierra 10 Puerta 1 , Madrid', 'completed', 10.75, 21, 18.12, 17.56, '2026-04-25 18:51:05', '2026-04-25 18:55:55', '2026-04-25 19:05:26', '2026-04-25 19:26:26');
INSERT INTO OFFER (offer_id, trip_id, driver_id, status, sent_at, responded_at) VALUES (575, 201, 29, 'accepted', '2026-04-25 18:51:06', '2026-04-25 18:55:55');
INSERT INTO OFFER (offer_id, trip_id, driver_id, status, sent_at, responded_at) VALUES (576, 201, 17, 'expired', '2026-04-25 18:51:06', NULL);
INSERT INTO OFFER (offer_id, trip_id, driver_id, status, sent_at, responded_at) VALUES (577, 201, 47, 'rejected', '2026-04-25 18:51:06', '2026-04-25 18:51:50');
INSERT INTO OFFER (offer_id, trip_id, driver_id, status, sent_at, responded_at) VALUES (578, 201, 12, 'expired', '2026-04-25 18:51:09', NULL);
INSERT INTO OFFER (offer_id, trip_id, driver_id, status, sent_at, responded_at) VALUES (579, 201, 42, 'rejected', '2026-04-25 18:51:09', '2026-04-25 18:51:58');
INSERT INTO PAYMENT (payment_id, trip_id, amount, platform_fee, driver_earnings, method, status, paid_at) VALUES (169, 201, 17.56, 3.51, 14.05, 'cash', 'completed', '2026-04-25 19:28:26');
INSERT INTO TRIP (trip_id, rider_id, driver_id, vehicle_id, origin_lat, origin_lng, origin_address, dest_lat, dest_lng, dest_address, status, distance_km, duration_minutes, price_estimated, price_final, requested_at, accepted_at, started_at, finished_at) VALUES (202, 26, 24, 24, 40.42658393, -3.70287135, 'Rambla de Germán Arias 5 Apt. 70 , Madrid', 40.4686746, -3.70143629, 'Cuesta de Ciriaco Novoa 230, Madrid', 'completed', 4.67, 14, 9.0, 9.61, '2026-04-25 18:51:04', '2026-04-25 18:53:33', '2026-04-25 18:58:41', '2026-04-25 19:12:41');
INSERT INTO OFFER (offer_id, trip_id, driver_id, status, sent_at, responded_at) VALUES (580, 202, 24, 'accepted', '2026-04-25 18:51:05', '2026-04-25 18:53:33');
INSERT INTO PAYMENT (payment_id, trip_id, amount, platform_fee, driver_earnings, method, status, paid_at) VALUES (170, 202, 9.61, 1.92, 7.69, 'cash', 'completed', '2026-04-25 19:15:41');
INSERT INTO TRIP (trip_id, rider_id, driver_id, vehicle_id, origin_lat, origin_lng, origin_address, dest_lat, dest_lng, dest_address, status, distance_km, duration_minutes, price_estimated, price_final, requested_at, accepted_at, started_at, finished_at) VALUES (203, 43, 4, 4, 40.35827623, -3.68576146, 'Vial Amílcar Núñez 497, Madrid', 40.43076549, -3.68174867, 'Pasadizo de Jerónimo Aroca 9, Madrid', 'completed', 8.06, 18, 14.09, 14.34, '2026-04-25 18:50:22', '2026-04-25 18:52:35', '2026-04-25 18:58:09', '2026-04-25 19:16:09');
INSERT INTO OFFER (offer_id, trip_id, driver_id, status, sent_at, responded_at) VALUES (581, 203, 32, 'rejected', '2026-04-25 18:50:27', '2026-04-25 18:50:42');
INSERT INTO OFFER (offer_id, trip_id, driver_id, status, sent_at, responded_at) VALUES (582, 203, 4, 'accepted', '2026-04-25 18:50:27', '2026-04-25 18:52:35');
INSERT INTO OFFER (offer_id, trip_id, driver_id, status, sent_at, responded_at) VALUES (583, 203, 37, 'expired', '2026-04-25 18:50:23', NULL);
INSERT INTO OFFER (offer_id, trip_id, driver_id, status, sent_at, responded_at) VALUES (584, 203, 41, 'rejected', '2026-04-25 18:50:24', '2026-04-25 18:51:00');
INSERT INTO OFFER (offer_id, trip_id, driver_id, status, sent_at, responded_at) VALUES (585, 203, 1, 'rejected', '2026-04-25 18:50:25', '2026-04-25 18:50:57');
INSERT INTO PAYMENT (payment_id, trip_id, amount, platform_fee, driver_earnings, method, status, paid_at) VALUES (171, 203, 14.34, 2.87, 11.47, 'wallet', 'completed', '2026-04-25 19:18:09');
INSERT INTO TRIP (trip_id, rider_id, driver_id, vehicle_id, origin_lat, origin_lng, origin_address, dest_lat, dest_lng, dest_address, status, distance_km, duration_minutes, price_estimated, price_final, requested_at, accepted_at, started_at, finished_at) VALUES (204, 63, 27, 27, 40.42089411, -3.71793137, 'Plaza Hugo Paredes 42 Piso 3 , Madrid', 40.45532421, -3.64411629, 'Ronda Adelia Dominguez 1 Apt. 76 , Madrid', 'completed', 9.04, 17, 15.56, 16.31, '2026-04-25 18:52:49', '2026-04-25 18:53:52', '2026-04-25 18:57:00', '2026-04-25 19:14:00');
INSERT INTO OFFER (offer_id, trip_id, driver_id, status, sent_at, responded_at) VALUES (586, 204, 27, 'accepted', '2026-04-25 18:52:54', '2026-04-25 18:53:52');
INSERT INTO OFFER (offer_id, trip_id, driver_id, status, sent_at, responded_at) VALUES (587, 204, 20, 'rejected', '2026-04-25 18:52:54', '2026-04-25 18:53:16');
INSERT INTO OFFER (offer_id, trip_id, driver_id, status, sent_at, responded_at) VALUES (588, 204, 13, 'expired', '2026-04-25 18:52:53', NULL);
INSERT INTO PAYMENT (payment_id, trip_id, amount, platform_fee, driver_earnings, method, status, paid_at) VALUES (172, 204, 16.31, 3.26, 13.05, 'card', 'completed', '2026-04-25 19:18:00');
INSERT INTO TRIP (trip_id, rider_id, driver_id, vehicle_id, origin_lat, origin_lng, origin_address, dest_lat, dest_lng, dest_address, status, distance_km, duration_minutes, price_estimated, price_final, requested_at, accepted_at, started_at, finished_at) VALUES (205, 97, 1, 1, 40.36121235, -3.68644295, 'Pasadizo Julieta Torrijos 26 Apt. 85 , Madrid', 40.36426102, -3.67047245, 'Pasadizo Enrique Gascón 1 Puerta 4 , Madrid', 'completed', 1.8, 1, 4.7, 4.57, '2026-04-25 18:50:20', '2026-04-25 18:54:34', '2026-04-25 18:57:01', '2026-04-25 18:58:01');
INSERT INTO OFFER (offer_id, trip_id, driver_id, status, sent_at, responded_at) VALUES (589, 205, 1, 'accepted', '2026-04-25 18:50:23', '2026-04-25 18:54:34');
INSERT INTO OFFER (offer_id, trip_id, driver_id, status, sent_at, responded_at) VALUES (590, 205, 37, 'rejected', '2026-04-25 18:50:23', '2026-04-25 18:51:19');
INSERT INTO PAYMENT (payment_id, trip_id, amount, platform_fee, driver_earnings, method, status, paid_at) VALUES (173, 205, 4.57, 0.91, 3.66, 'wallet', 'pending', NULL);
INSERT INTO TRIP (trip_id, rider_id, driver_id, vehicle_id, origin_lat, origin_lng, origin_address, dest_lat, dest_lng, dest_address, status, distance_km, duration_minutes, price_estimated, price_final, requested_at, accepted_at, started_at, finished_at) VALUES (206, 6, 20, 20, 40.43898508, -3.60428535, 'Callejón Florina Palomar 18 Puerta 2 , Madrid', 40.39881862, -3.69131005, 'Alameda de Abraham Casas 82, Madrid', 'completed', 10.64, 19, 17.96, 18.17, '2026-04-25 18:52:21', '2026-04-25 18:55:06', '2026-04-25 19:01:44', '2026-04-25 19:20:44');
INSERT INTO OFFER (offer_id, trip_id, driver_id, status, sent_at, responded_at) VALUES (591, 206, 20, 'accepted', '2026-04-25 18:52:25', '2026-04-25 18:55:06');
INSERT INTO OFFER (offer_id, trip_id, driver_id, status, sent_at, responded_at) VALUES (592, 206, 24, 'rejected', '2026-04-25 18:52:24', '2026-04-25 18:53:17');
INSERT INTO PAYMENT (payment_id, trip_id, amount, platform_fee, driver_earnings, method, status, paid_at) VALUES (174, 206, 18.17, 3.63, 14.54, 'cash', 'completed', '2026-04-25 19:20:44');
INSERT INTO TRIP (trip_id, rider_id, driver_id, vehicle_id, origin_lat, origin_lng, origin_address, dest_lat, dest_lng, dest_address, status, distance_km, duration_minutes, price_estimated, price_final, requested_at, accepted_at, started_at, finished_at) VALUES (207, 38, 24, 24, 40.38458226, -3.69305613, 'Vial de Noemí Cortina 48, Madrid', 40.41047344, -3.74165635, 'Urbanización Joaquina Robles 85, Madrid', 'completed', 6.11, 16, 11.17, 12.26, '2026-04-25 18:50:59', '2026-04-25 18:53:20', '2026-04-25 18:59:19', '2026-04-25 19:15:19');
INSERT INTO OFFER (offer_id, trip_id, driver_id, status, sent_at, responded_at) VALUES (593, 207, 24, 'accepted', '2026-04-25 18:51:04', '2026-04-25 18:53:20');
INSERT INTO OFFER (offer_id, trip_id, driver_id, status, sent_at, responded_at) VALUES (594, 207, 49, 'rejected', '2026-04-25 18:51:03', '2026-04-25 18:51:30');
INSERT INTO OFFER (offer_id, trip_id, driver_id, status, sent_at, responded_at) VALUES (595, 207, 3, 'expired', '2026-04-25 18:51:04', NULL);
INSERT INTO OFFER (offer_id, trip_id, driver_id, status, sent_at, responded_at) VALUES (596, 207, 13, 'rejected', '2026-04-25 18:51:03', '2026-04-25 18:51:45');
INSERT INTO OFFER (offer_id, trip_id, driver_id, status, sent_at, responded_at) VALUES (597, 207, 15, 'rejected', '2026-04-25 18:51:03', '2026-04-25 18:51:17');
INSERT INTO PAYMENT (payment_id, trip_id, amount, platform_fee, driver_earnings, method, status, paid_at) VALUES (175, 207, 12.26, 2.45, 9.81, 'wallet', 'pending', NULL);
INSERT INTO TRIP (trip_id, rider_id, driver_id, vehicle_id, origin_lat, origin_lng, origin_address, dest_lat, dest_lng, dest_address, status, distance_km, duration_minutes, price_estimated, price_final, requested_at, accepted_at, started_at, finished_at) VALUES (208, 44, 9, 9, 40.40667155, -3.69282964, 'Paseo Malena Mendoza 74, Madrid', 40.49643133, -3.62657966, 'Glorieta Isidora Bonilla 218, Madrid', 'completed', 12.38, 23, 20.57, 22.2, '2026-04-25 18:50:56', '2026-04-25 18:53:09', '2026-04-25 18:58:43', '2026-04-25 19:21:43');
INSERT INTO OFFER (offer_id, trip_id, driver_id, status, sent_at, responded_at) VALUES (598, 208, 9, 'accepted', '2026-04-25 18:51:00', '2026-04-25 18:53:09');
INSERT INTO OFFER (offer_id, trip_id, driver_id, status, sent_at, responded_at) VALUES (599, 208, 21, 'expired', '2026-04-25 18:50:57', NULL);
INSERT INTO OFFER (offer_id, trip_id, driver_id, status, sent_at, responded_at) VALUES (600, 208, 19, 'rejected', '2026-04-25 18:50:57', '2026-04-25 18:51:29');
INSERT INTO OFFER (offer_id, trip_id, driver_id, status, sent_at, responded_at) VALUES (601, 208, 25, 'rejected', '2026-04-25 18:50:57', '2026-04-25 18:51:45');
INSERT INTO PAYMENT (payment_id, trip_id, amount, platform_fee, driver_earnings, method, status, paid_at) VALUES (176, 208, 22.2, 4.44, 17.76, 'wallet', 'completed', '2026-04-25 19:24:43');
INSERT INTO TRIP (trip_id, rider_id, driver_id, vehicle_id, origin_lat, origin_lng, origin_address, dest_lat, dest_lng, dest_address, status, distance_km, duration_minutes, price_estimated, price_final, requested_at, accepted_at, started_at, finished_at) VALUES (209, 9, 6, 6, 40.46871694, -3.60784931, 'Vial de Odalys Pareja 51, Madrid', 40.3936191, -3.63258393, 'Pasaje Manu Criado 2, Madrid', 'cancelled', 8.78, NULL, 15.17, NULL, '2026-04-25 18:52:06', '2026-04-25 18:53:44', NULL, NULL);
INSERT INTO OFFER (offer_id, trip_id, driver_id, status, sent_at, responded_at) VALUES (602, 209, 6, 'accepted', '2026-04-25 18:52:09', '2026-04-25 18:53:44');
INSERT INTO OFFER (offer_id, trip_id, driver_id, status, sent_at, responded_at) VALUES (603, 209, 15, 'expired', '2026-04-25 18:52:07', NULL);
INSERT INTO OFFER (offer_id, trip_id, driver_id, status, sent_at, responded_at) VALUES (604, 209, 11, 'rejected', '2026-04-25 18:52:09', '2026-04-25 18:52:55');
INSERT INTO OFFER (offer_id, trip_id, driver_id, status, sent_at, responded_at) VALUES (605, 209, 4, 'rejected', '2026-04-25 18:52:09', '2026-04-25 18:52:24');
INSERT INTO TRIP (trip_id, rider_id, driver_id, vehicle_id, origin_lat, origin_lng, origin_address, dest_lat, dest_lng, dest_address, status, distance_km, duration_minutes, price_estimated, price_final, requested_at, accepted_at, started_at, finished_at) VALUES (210, 57, 14, 14, 40.39178616, -3.74741055, 'Cañada de Noa Manjón 61, Madrid', 40.38893429, -3.66591032, 'Via Vanesa Sevillano 413 Apt. 62 , Madrid', 'in_progress', 9.05, NULL, 15.58, NULL, '2026-04-25 18:52:26', '2026-04-25 18:54:39', '2026-04-25 19:04:21', NULL);
INSERT INTO OFFER (offer_id, trip_id, driver_id, status, sent_at, responded_at) VALUES (606, 210, 14, 'accepted', '2026-04-25 18:52:31', '2026-04-25 18:54:39');

INSERT INTO TRIP (trip_id, rider_id, driver_id, vehicle_id, origin_lat, origin_lng, origin_address, dest_lat, dest_lng, dest_address, status, distance_km, duration_minutes, price_estimated, price_final, requested_at, accepted_at, started_at, finished_at) VALUES (211, 39, 24, 24, 40.43109142, -3.64412532, 'Plaza de Josué Pintor 682 Piso 3 , Madrid', 40.4151984, -3.62266802, 'Cuesta Rubén Ferrándiz 271 Piso 1 , Madrid', 'completed', 2.96, 10, 6.44, 6.97, '2026-04-25 18:52:36', '2026-04-25 18:56:32', '2026-04-25 18:59:03', '2026-04-25 19:09:03');
INSERT INTO OFFER (offer_id, trip_id, driver_id, status, sent_at, responded_at) VALUES (607, 211, 24, 'accepted', '2026-04-25 18:52:41', '2026-04-25 18:56:32');
INSERT INTO OFFER (offer_id, trip_id, driver_id, status, sent_at, responded_at) VALUES (608, 211, 14, 'expired', '2026-04-25 18:52:37', NULL);
INSERT INTO OFFER (offer_id, trip_id, driver_id, status, sent_at, responded_at) VALUES (609, 211, 45, 'rejected', '2026-04-25 18:52:40', '2026-04-25 18:53:10');
INSERT INTO OFFER (offer_id, trip_id, driver_id, status, sent_at, responded_at) VALUES (610, 211, 9, 'expired', '2026-04-25 18:52:40', NULL);
INSERT INTO OFFER (offer_id, trip_id, driver_id, status, sent_at, responded_at) VALUES (611, 211, 5, 'rejected', '2026-04-25 18:52:37', '2026-04-25 18:53:11');
INSERT INTO PAYMENT (payment_id, trip_id, amount, platform_fee, driver_earnings, method, status, paid_at) VALUES (177, 211, 6.97, 1.39, 5.58, 'cash', 'pending', NULL);
INSERT INTO TRIP (trip_id, rider_id, driver_id, vehicle_id, origin_lat, origin_lng, origin_address, dest_lat, dest_lng, dest_address, status, distance_km, duration_minutes, price_estimated, price_final, requested_at, accepted_at, started_at, finished_at) VALUES (212, 62, 46, 46, 40.4455046, -3.71983107, 'Camino Celestina Casanova 72 Puerta 4 , Madrid', 40.37801684, -3.65031059, 'Callejón Toni Sanchez 23, Madrid', 'completed', 10.75, 21, 18.12, 17.96, '2026-04-25 18:51:54', '2026-04-25 18:53:06', '2026-04-25 19:01:29', '2026-04-25 19:22:29');
INSERT INTO OFFER (offer_id, trip_id, driver_id, status, sent_at, responded_at) VALUES (612, 212, 46, 'accepted', '2026-04-25 18:51:57', '2026-04-25 18:53:06');
INSERT INTO OFFER (offer_id, trip_id, driver_id, status, sent_at, responded_at) VALUES (613, 212, 15, 'expired', '2026-04-25 18:51:55', NULL);
INSERT INTO OFFER (offer_id, trip_id, driver_id, status, sent_at, responded_at) VALUES (614, 212, 20, 'rejected', '2026-04-25 18:51:57', '2026-04-25 18:52:23');
INSERT INTO OFFER (offer_id, trip_id, driver_id, status, sent_at, responded_at) VALUES (615, 212, 26, 'rejected', '2026-04-25 18:51:59', '2026-04-25 18:52:26');
INSERT INTO PAYMENT (payment_id, trip_id, amount, platform_fee, driver_earnings, method, status, paid_at) VALUES (178, 212, 17.96, 3.59, 14.37, 'wallet', 'pending', NULL);
INSERT INTO TRIP (trip_id, rider_id, driver_id, vehicle_id, origin_lat, origin_lng, origin_address, dest_lat, dest_lng, dest_address, status, distance_km, duration_minutes, price_estimated, price_final, requested_at, accepted_at, started_at, finished_at) VALUES (213, 32, 37, 37, 40.35376709, -3.73221202, 'Rambla de Marcos Abellán 99, Madrid', 40.36115329, -3.73580381, 'C. Octavia Alberdi 58 Piso 2 , Madrid', 'completed', 0.91, 1, 3.37, 3.53, '2026-04-25 18:50:18', '2026-04-25 18:53:06', '2026-04-25 18:59:09', '2026-04-25 19:00:09');
INSERT INTO OFFER (offer_id, trip_id, driver_id, status, sent_at, responded_at) VALUES (616, 213, 37, 'accepted', '2026-04-25 18:50:22', '2026-04-25 18:53:06');
INSERT INTO OFFER (offer_id, trip_id, driver_id, status, sent_at, responded_at) VALUES (617, 213, 47, 'rejected', '2026-04-25 18:50:20', '2026-04-25 18:51:07');
INSERT INTO OFFER (offer_id, trip_id, driver_id, status, sent_at, responded_at) VALUES (618, 213, 49, 'rejected', '2026-04-25 18:50:19', '2026-04-25 18:50:44');
INSERT INTO PAYMENT (payment_id, trip_id, amount, platform_fee, driver_earnings, method, status, paid_at) VALUES (179, 213, 3.53, 0.71, 2.82, 'card', 'pending', NULL);
INSERT INTO TRIP (trip_id, rider_id, driver_id, vehicle_id, origin_lat, origin_lng, origin_address, dest_lat, dest_lng, dest_address, status, distance_km, duration_minutes, price_estimated, price_final, requested_at, accepted_at, started_at, finished_at) VALUES (214, 26, 25, 25, 40.37271394, -3.62046495, 'Avenida Roberto Cuéllar 24 Puerta 1 , Madrid', 40.41411184, -3.66637671, 'Urbanización Azucena Arnau 68 Puerta 7 , Madrid', 'completed', 6.86, 14, 12.29, 11.48, '2026-04-25 18:51:41', '2026-04-25 18:55:40', '2026-04-25 19:00:27', '2026-04-25 19:14:27');
INSERT INTO OFFER (offer_id, trip_id, driver_id, status, sent_at, responded_at) VALUES (619, 214, 25, 'accepted', '2026-04-25 18:51:43', '2026-04-25 18:55:40');
INSERT INTO OFFER (offer_id, trip_id, driver_id, status, sent_at, responded_at) VALUES (620, 214, 16, 'expired', '2026-04-25 18:51:45', NULL);
INSERT INTO OFFER (offer_id, trip_id, driver_id, status, sent_at, responded_at) VALUES (621, 214, 3, 'expired', '2026-04-25 18:51:42', NULL);
INSERT INTO PAYMENT (payment_id, trip_id, amount, platform_fee, driver_earnings, method, status, paid_at) VALUES (180, 214, 11.48, 2.3, 9.18, 'cash', 'completed', '2026-04-25 19:14:27');
INSERT INTO TRIP (trip_id, rider_id, driver_id, vehicle_id, origin_lat, origin_lng, origin_address, dest_lat, dest_lng, dest_address, status, distance_km, duration_minutes, price_estimated, price_final, requested_at, accepted_at, started_at, finished_at) VALUES (215, 94, 24, 24, 40.4136926, -3.73264822, 'Callejón Fabiola Gaya 65 Puerta 7 , Madrid', 40.383934, -3.71102495, 'Cañada Fátima Morán 198 Piso 3 , Madrid', 'completed', 4.08, 10, 8.12, 8.63, '2026-04-25 18:52:15', '2026-04-25 18:53:57', '2026-04-25 19:02:21', '2026-04-25 19:12:21');
INSERT INTO OFFER (offer_id, trip_id, driver_id, status, sent_at, responded_at) VALUES (622, 215, 24, 'accepted', '2026-04-25 18:52:18', '2026-04-25 18:53:57');
INSERT INTO PAYMENT (payment_id, trip_id, amount, platform_fee, driver_earnings, method, status, paid_at) VALUES (181, 215, 8.63, 1.73, 6.9, 'card', 'completed', '2026-04-25 19:15:21');
INSERT INTO TRIP (trip_id, rider_id, driver_id, vehicle_id, origin_lat, origin_lng, origin_address, dest_lat, dest_lng, dest_address, status, distance_km, duration_minutes, price_estimated, price_final, requested_at, accepted_at, started_at, finished_at) VALUES (216, 66, 30, 30, 40.35377891, -3.64531269, 'Via de Fulgencio Lumbreras 45, Madrid', 40.46385591, -3.68007624, 'Glorieta de Nereida Larrea 85, Madrid', 'completed', 12.81, 25, 21.21, 20.37, '2026-04-25 18:51:57', '2026-04-25 18:53:43', '2026-04-25 19:00:47', '2026-04-25 19:25:47');
INSERT INTO OFFER (offer_id, trip_id, driver_id, status, sent_at, responded_at) VALUES (623, 216, 30, 'accepted', '2026-04-25 18:51:58', '2026-04-25 18:53:43');
INSERT INTO OFFER (offer_id, trip_id, driver_id, status, sent_at, responded_at) VALUES (624, 216, 13, 'rejected', '2026-04-25 18:52:01', '2026-04-25 18:52:14');
INSERT INTO OFFER (offer_id, trip_id, driver_id, status, sent_at, responded_at) VALUES (625, 216, 20, 'rejected', '2026-04-25 18:51:59', '2026-04-25 18:52:12');
INSERT INTO OFFER (offer_id, trip_id, driver_id, status, sent_at, responded_at) VALUES (626, 216, 48, 'rejected', '2026-04-25 18:52:02', '2026-04-25 18:52:33');
INSERT INTO OFFER (offer_id, trip_id, driver_id, status, sent_at, responded_at) VALUES (627, 216, 39, 'rejected', '2026-04-25 18:51:58', '2026-04-25 18:52:39');
INSERT INTO PAYMENT (payment_id, trip_id, amount, platform_fee, driver_earnings, method, status, paid_at) VALUES (182, 216, 20.37, 4.07, 16.3, 'card', 'completed', '2026-04-25 19:25:47');
INSERT INTO TRIP (trip_id, rider_id, driver_id, vehicle_id, origin_lat, origin_lng, origin_address, dest_lat, dest_lng, dest_address, status, distance_km, duration_minutes, price_estimated, price_final, requested_at, accepted_at, started_at, finished_at) VALUES (217, 74, NULL, NULL, 40.44101191, -3.64944139, 'Vial Ale Taboada 88 Piso 9 , Madrid', 40.494755, -3.65891877, 'Avenida Mercedes Bermúdez 19, Madrid', 'cancelled', 6.06, NULL, 11.09, NULL, '2026-04-25 18:51:51', NULL, NULL, NULL);
INSERT INTO OFFER (offer_id, trip_id, driver_id, status, sent_at, responded_at) VALUES (628, 217, 25, 'expired', '2026-04-25 18:51:55', NULL);
INSERT INTO OFFER (offer_id, trip_id, driver_id, status, sent_at, responded_at) VALUES (629, 217, 1, 'rejected', '2026-04-25 18:51:54', '2026-04-25 18:52:03');
INSERT INTO OFFER (offer_id, trip_id, driver_id, status, sent_at, responded_at) VALUES (630, 217, 16, 'rejected', '2026-04-25 18:51:53', '2026-04-25 18:52:09');
INSERT INTO TRIP (trip_id, rider_id, driver_id, vehicle_id, origin_lat, origin_lng, origin_address, dest_lat, dest_lng, dest_address, status, distance_km, duration_minutes, price_estimated, price_final, requested_at, accepted_at, started_at, finished_at) VALUES (218, 83, 25, 25, 40.48274547, -3.63793705, 'Urbanización de Óscar Oller 49, Madrid', 40.48169485, -3.64255064, 'Vial de Silvio Palomino 14 Piso 8 , Madrid', 'completed', 0.53, 1, 2.79, 2.73, '2026-04-25 18:51:38', '2026-04-25 18:55:34', '2026-04-25 19:02:56', '2026-04-25 19:03:56');
INSERT INTO OFFER (offer_id, trip_id, driver_id, status, sent_at, responded_at) VALUES (631, 218, 25, 'accepted', '2026-04-25 18:51:40', '2026-04-25 18:55:34');
INSERT INTO OFFER (offer_id, trip_id, driver_id, status, sent_at, responded_at) VALUES (632, 218, 44, 'expired', '2026-04-25 18:51:39', NULL);
INSERT INTO OFFER (offer_id, trip_id, driver_id, status, sent_at, responded_at) VALUES (633, 218, 4, 'expired', '2026-04-25 18:51:42', NULL);
INSERT INTO OFFER (offer_id, trip_id, driver_id, status, sent_at, responded_at) VALUES (634, 218, 34, 'rejected', '2026-04-25 18:51:42', '2026-04-25 18:52:18');
INSERT INTO OFFER (offer_id, trip_id, driver_id, status, sent_at, responded_at) VALUES (635, 218, 45, 'rejected', '2026-04-25 18:51:42', '2026-04-25 18:52:19');
INSERT INTO PAYMENT (payment_id, trip_id, amount, platform_fee, driver_earnings, method, status, paid_at) VALUES (183, 218, 2.73, 0.55, 2.18, 'wallet', 'completed', '2026-04-25 19:04:56');
INSERT INTO TRIP (trip_id, rider_id, driver_id, vehicle_id, origin_lat, origin_lng, origin_address, dest_lat, dest_lng, dest_address, status, distance_km, duration_minutes, price_estimated, price_final, requested_at, accepted_at, started_at, finished_at) VALUES (219, 75, 44, 44, 40.42778026, -3.72887806, 'Callejón de Faustino Cadenas 71, Madrid', 40.47825367, -3.68018243, 'Camino de Celestino Mendez 42 Puerta 2 , Madrid', 'cancelled', 7.78, NULL, 13.67, NULL, '2026-04-25 18:51:31', '2026-04-25 18:55:50', NULL, NULL);
INSERT INTO OFFER (offer_id, trip_id, driver_id, status, sent_at, responded_at) VALUES (636, 219, 44, 'accepted', '2026-04-25 18:51:34', '2026-04-25 18:55:50');
INSERT INTO TRIP (trip_id, rider_id, driver_id, vehicle_id, origin_lat, origin_lng, origin_address, dest_lat, dest_lng, dest_address, status, distance_km, duration_minutes, price_estimated, price_final, requested_at, accepted_at, started_at, finished_at) VALUES (220, 48, 46, 46, 40.41622473, -3.67223225, 'Rambla Felicia Macías 73, Madrid', 40.43690768, -3.73680905, 'Pasadizo de Maximiliano Puig 698, Madrid', 'completed', 7.53, 16, 13.29, 14.02, '2026-04-25 18:50:51', '2026-04-25 18:55:02', '2026-04-25 19:00:00', '2026-04-25 19:16:00');
INSERT INTO OFFER (offer_id, trip_id, driver_id, status, sent_at, responded_at) VALUES (637, 220, 3, 'expired', '2026-04-25 18:50:54', NULL);
INSERT INTO OFFER (offer_id, trip_id, driver_id, status, sent_at, responded_at) VALUES (638, 220, 7, 'rejected', '2026-04-25 18:50:56', '2026-04-25 18:51:10');
INSERT INTO OFFER (offer_id, trip_id, driver_id, status, sent_at, responded_at) VALUES (639, 220, 39, 'rejected', '2026-04-25 18:50:52', '2026-04-25 18:51:39');
INSERT INTO OFFER (offer_id, trip_id, driver_id, status, sent_at, responded_at) VALUES (640, 220, 46, 'accepted', '2026-04-25 18:50:53', '2026-04-25 18:55:02');
INSERT INTO PAYMENT (payment_id, trip_id, amount, platform_fee, driver_earnings, method, status, paid_at) VALUES (184, 220, 14.02, 2.8, 11.22, 'card', 'completed', '2026-04-25 19:18:00');

INSERT INTO TRIP (trip_id, rider_id, driver_id, vehicle_id, origin_lat, origin_lng, origin_address, dest_lat, dest_lng, dest_address, status, distance_km, duration_minutes, price_estimated, price_final, requested_at, accepted_at, started_at, finished_at) VALUES (221, 96, 7, 7, 40.42378824, -3.71590713, 'Via de Paola Giner 25 Piso 9 , Madrid', 40.4496806, -3.67057668, 'Plaza de Encarna Cárdenas 54 Puerta 9 , Madrid', 'completed', 5.79, 16, 10.69, 10.99, '2026-04-25 18:50:31', '2026-04-25 18:53:51', '2026-04-25 19:01:59', '2026-04-25 19:17:59');
INSERT INTO OFFER (offer_id, trip_id, driver_id, status, sent_at, responded_at) VALUES (641, 221, 7, 'accepted', '2026-04-25 18:50:36', '2026-04-25 18:53:51');
INSERT INTO OFFER (offer_id, trip_id, driver_id, status, sent_at, responded_at) VALUES (642, 221, 39, 'expired', '2026-04-25 18:50:33', NULL);
INSERT INTO OFFER (offer_id, trip_id, driver_id, status, sent_at, responded_at) VALUES (643, 221, 17, 'rejected', '2026-04-25 18:50:34', '2026-04-25 18:51:22');
INSERT INTO OFFER (offer_id, trip_id, driver_id, status, sent_at, responded_at) VALUES (644, 221, 50, 'expired', '2026-04-25 18:50:35', NULL);
INSERT INTO OFFER (offer_id, trip_id, driver_id, status, sent_at, responded_at) VALUES (645, 221, 37, 'rejected', '2026-04-25 18:50:33', '2026-04-25 18:50:52');
INSERT INTO PAYMENT (payment_id, trip_id, amount, platform_fee, driver_earnings, method, status, paid_at) VALUES (185, 221, 10.99, 2.2, 8.79, 'card', 'completed', '2026-04-25 19:22:59');
INSERT INTO TRIP (trip_id, rider_id, driver_id, vehicle_id, origin_lat, origin_lng, origin_address, dest_lat, dest_lng, dest_address, status, distance_km, duration_minutes, price_estimated, price_final, requested_at, accepted_at, started_at, finished_at) VALUES (222, 60, 37, 37, 40.4512795, -3.62981074, 'Paseo Matilde Gámez 5, Madrid', 40.4242565, -3.74601133, 'Glorieta Dominga Piquer 38 Puerta 7 , Madrid', 'cancelled', 13.24, NULL, 21.86, NULL, '2026-04-25 18:51:25', '2026-04-25 18:54:20', NULL, NULL);
INSERT INTO OFFER (offer_id, trip_id, driver_id, status, sent_at, responded_at) VALUES (646, 222, 37, 'accepted', '2026-04-25 18:51:27', '2026-04-25 18:54:20');
INSERT INTO OFFER (offer_id, trip_id, driver_id, status, sent_at, responded_at) VALUES (647, 222, 41, 'rejected', '2026-04-25 18:51:27', '2026-04-25 18:52:07');
INSERT INTO TRIP (trip_id, rider_id, driver_id, vehicle_id, origin_lat, origin_lng, origin_address, dest_lat, dest_lng, dest_address, status, distance_km, duration_minutes, price_estimated, price_final, requested_at, accepted_at, started_at, finished_at) VALUES (223, 57, 14, 14, 40.45766434, -3.74253017, 'Alameda Lupe Bravo 33, Madrid', 40.38955745, -3.64271723, 'Pasadizo Damián Bejarano 608, Madrid', 'completed', 13.41, 29, 22.12, 22.14, '2026-04-25 18:52:00', '2026-04-25 18:54:10', '2026-04-25 18:57:47', '2026-04-25 19:26:47');
INSERT INTO OFFER (offer_id, trip_id, driver_id, status, sent_at, responded_at) VALUES (648, 223, 14, 'accepted', '2026-04-25 18:52:05', '2026-04-25 18:54:10');
INSERT INTO OFFER (offer_id, trip_id, driver_id, status, sent_at, responded_at) VALUES (649, 223, 18, 'expired', '2026-04-25 18:52:03', NULL);
INSERT INTO OFFER (offer_id, trip_id, driver_id, status, sent_at, responded_at) VALUES (650, 223, 34, 'expired', '2026-04-25 18:52:03', NULL);
INSERT INTO OFFER (offer_id, trip_id, driver_id, status, sent_at, responded_at) VALUES (651, 223, 39, 'rejected', '2026-04-25 18:52:04', '2026-04-25 18:52:52');
INSERT INTO OFFER (offer_id, trip_id, driver_id, status, sent_at, responded_at) VALUES (652, 223, 3, 'rejected', '2026-04-25 18:52:03', '2026-04-25 18:52:34');
INSERT INTO PAYMENT (payment_id, trip_id, amount, platform_fee, driver_earnings, method, status, paid_at) VALUES (186, 223, 22.14, 4.43, 17.71, 'cash', 'completed', '2026-04-25 19:26:47');
INSERT INTO TRIP (trip_id, rider_id, driver_id, vehicle_id, origin_lat, origin_lng, origin_address, dest_lat, dest_lng, dest_address, status, distance_km, duration_minutes, price_estimated, price_final, requested_at, accepted_at, started_at, finished_at) VALUES (224, 21, 48, 48, 40.43436807, -3.73532299, 'Plaza de Domingo Toro 27 Apt. 94 , Madrid', 40.46122912, -3.6367917, 'C. de Jacinto Vaquero 9 Piso 0 , Madrid', 'completed', 11.34, 26, 19.01, 18.6, '2026-04-25 18:52:31', '2026-04-25 18:56:28', '2026-04-25 19:01:21', '2026-04-25 19:27:21');
INSERT INTO OFFER (offer_id, trip_id, driver_id, status, sent_at, responded_at) VALUES (653, 224, 48, 'accepted', '2026-04-25 18:52:33', '2026-04-25 18:56:28');
INSERT INTO OFFER (offer_id, trip_id, driver_id, status, sent_at, responded_at) VALUES (654, 224, 17, 'expired', '2026-04-25 18:52:34', NULL);
INSERT INTO OFFER (offer_id, trip_id, driver_id, status, sent_at, responded_at) VALUES (655, 224, 46, 'expired', '2026-04-25 18:52:34', NULL);
INSERT INTO OFFER (offer_id, trip_id, driver_id, status, sent_at, responded_at) VALUES (656, 224, 35, 'expired', '2026-04-25 18:52:34', NULL);
INSERT INTO OFFER (offer_id, trip_id, driver_id, status, sent_at, responded_at) VALUES (657, 224, 16, 'rejected', '2026-04-25 18:52:35', '2026-04-25 18:53:30');
INSERT INTO PAYMENT (payment_id, trip_id, amount, platform_fee, driver_earnings, method, status, paid_at) VALUES (187, 224, 18.6, 3.72, 14.88, 'cash', 'completed', '2026-04-25 19:31:21');
INSERT INTO TRIP (trip_id, rider_id, driver_id, vehicle_id, origin_lat, origin_lng, origin_address, dest_lat, dest_lng, dest_address, status, distance_km, duration_minutes, price_estimated, price_final, requested_at, accepted_at, started_at, finished_at) VALUES (225, 84, NULL, NULL, 40.49924619, -3.63888334, 'C. Irma Ochoa 43 Apt. 12 , Madrid', 40.36679975, -3.69171812, 'Acceso Francisco Vázquez 86, Madrid', 'cancelled', 15.83, NULL, 25.75, NULL, '2026-04-25 18:52:26', NULL, NULL, NULL);
INSERT INTO OFFER (offer_id, trip_id, driver_id, status, sent_at, responded_at) VALUES (658, 225, 30, 'rejected', '2026-04-25 18:52:29', '2026-04-25 18:53:24');
INSERT INTO OFFER (offer_id, trip_id, driver_id, status, sent_at, responded_at) VALUES (659, 225, 7, 'expired', '2026-04-25 18:52:27', NULL);
INSERT INTO OFFER (offer_id, trip_id, driver_id, status, sent_at, responded_at) VALUES (660, 225, 9, 'rejected', '2026-04-25 18:52:27', '2026-04-25 18:53:11');
INSERT INTO TRIP (trip_id, rider_id, driver_id, vehicle_id, origin_lat, origin_lng, origin_address, dest_lat, dest_lng, dest_address, status, distance_km, duration_minutes, price_estimated, price_final, requested_at, accepted_at, started_at, finished_at) VALUES (226, 20, 6, 6, 40.41409557, -3.70867748, 'Ronda de Nilo Carranza 58 Apt. 30 , Madrid', 40.41129052, -3.67726973, 'Pasaje de Araceli Sales 56, Madrid', 'completed', 3.5, 6, 7.25, 7.57, '2026-04-25 18:50:16', '2026-04-25 18:53:52', '2026-04-25 19:02:13', '2026-04-25 19:08:13');
INSERT INTO OFFER (offer_id, trip_id, driver_id, status, sent_at, responded_at) VALUES (661, 226, 6, 'accepted', '2026-04-25 18:50:20', '2026-04-25 18:53:52');
INSERT INTO OFFER (offer_id, trip_id, driver_id, status, sent_at, responded_at) VALUES (662, 226, 20, 'expired', '2026-04-25 18:50:18', NULL);
INSERT INTO OFFER (offer_id, trip_id, driver_id, status, sent_at, responded_at) VALUES (663, 226, 29, 'expired', '2026-04-25 18:50:21', NULL);
INSERT INTO OFFER (offer_id, trip_id, driver_id, status, sent_at, responded_at) VALUES (664, 226, 46, 'expired', '2026-04-25 18:50:21', NULL);
INSERT INTO OFFER (offer_id, trip_id, driver_id, status, sent_at, responded_at) VALUES (665, 226, 33, 'expired', '2026-04-25 18:50:18', NULL);
INSERT INTO PAYMENT (payment_id, trip_id, amount, platform_fee, driver_earnings, method, status, paid_at) VALUES (188, 226, 7.57, 1.51, 6.06, 'card', 'pending', NULL);
INSERT INTO TRIP (trip_id, rider_id, driver_id, vehicle_id, origin_lat, origin_lng, origin_address, dest_lat, dest_lng, dest_address, status, distance_km, duration_minutes, price_estimated, price_final, requested_at, accepted_at, started_at, finished_at) VALUES (227, 53, 11, 11, 40.46283121, -3.70729605, 'Cañada de Marciano Montserrat 53, Madrid', 40.43959982, -3.65810396, 'Camino Emelina Lledó 317 Puerta 6 , Madrid', 'completed', 6.04, 14, 11.06, 11.38, '2026-04-25 18:52:27', '2026-04-25 18:55:23', '2026-04-25 18:57:32', '2026-04-25 19:11:32');
INSERT INTO OFFER (offer_id, trip_id, driver_id, status, sent_at, responded_at) VALUES (666, 227, 11, 'accepted', '2026-04-25 18:52:30', '2026-04-25 18:55:23');
INSERT INTO PAYMENT (payment_id, trip_id, amount, platform_fee, driver_earnings, method, status, paid_at) VALUES (189, 227, 11.38, 2.28, 9.1, 'card', 'completed', '2026-04-25 19:15:32');
INSERT INTO TRIP (trip_id, rider_id, driver_id, vehicle_id, origin_lat, origin_lng, origin_address, dest_lat, dest_lng, dest_address, status, distance_km, duration_minutes, price_estimated, price_final, requested_at, accepted_at, started_at, finished_at) VALUES (228, 44, 33, 33, 40.44043206, -3.73196342, 'Via de Fausto Arroyo 4 Apt. 20 , Madrid', 40.45596133, -3.66740852, 'Cuesta Eloísa Rovira 81 Apt. 25 , Madrid', 'completed', 7.37, 17, 13.05, 13.85, '2026-04-25 18:51:35', '2026-04-25 18:53:05', '2026-04-25 18:55:12', '2026-04-25 19:12:12');
INSERT INTO OFFER (offer_id, trip_id, driver_id, status, sent_at, responded_at) VALUES (667, 228, 33, 'accepted', '2026-04-25 18:51:40', '2026-04-25 18:53:05');
INSERT INTO PAYMENT (payment_id, trip_id, amount, platform_fee, driver_earnings, method, status, paid_at) VALUES (190, 228, 13.85, 2.77, 11.08, 'card', 'completed', '2026-04-25 19:14:12');
INSERT INTO TRIP (trip_id, rider_id, driver_id, vehicle_id, origin_lat, origin_lng, origin_address, dest_lat, dest_lng, dest_address, status, distance_km, duration_minutes, price_estimated, price_final, requested_at, accepted_at, started_at, finished_at) VALUES (229, 84, 4, 4, 40.38797262, -3.69164734, 'Vial de Zaida Pineda 988 Piso 5 , Madrid', 40.36423017, -3.71924451, 'C. Rosenda Peinado 819 Puerta 3 , Madrid', 'completed', 4.04, 8, 8.06, 7.82, '2026-04-25 18:52:16', '2026-04-25 18:54:28', '2026-04-25 18:59:59', '2026-04-25 19:07:59');
INSERT INTO OFFER (offer_id, trip_id, driver_id, status, sent_at, responded_at) VALUES (668, 229, 4, 'accepted', '2026-04-25 18:52:18', '2026-04-25 18:54:28');
INSERT INTO OFFER (offer_id, trip_id, driver_id, status, sent_at, responded_at) VALUES (669, 229, 34, 'expired', '2026-04-25 18:52:20', NULL);
INSERT INTO OFFER (offer_id, trip_id, driver_id, status, sent_at, responded_at) VALUES (670, 229, 50, 'rejected', '2026-04-25 18:52:20', '2026-04-25 18:52:26');
INSERT INTO OFFER (offer_id, trip_id, driver_id, status, sent_at, responded_at) VALUES (671, 229, 37, 'rejected', '2026-04-25 18:52:19', '2026-04-25 18:53:09');
INSERT INTO OFFER (offer_id, trip_id, driver_id, status, sent_at, responded_at) VALUES (672, 229, 46, 'expired', '2026-04-25 18:52:17', NULL);
INSERT INTO PAYMENT (payment_id, trip_id, amount, platform_fee, driver_earnings, method, status, paid_at) VALUES (191, 229, 7.82, 1.56, 6.26, 'card', 'completed', '2026-04-25 19:12:59');
INSERT INTO TRIP (trip_id, rider_id, driver_id, vehicle_id, origin_lat, origin_lng, origin_address, dest_lat, dest_lng, dest_address, status, distance_km, duration_minutes, price_estimated, price_final, requested_at, accepted_at, started_at, finished_at) VALUES (230, 80, 16, 16, 40.44535404, -3.74164596, 'Pasadizo de Micaela Agustí 63, Madrid', 40.41403372, -3.71024187, 'Callejón de Faustino Meléndez 61 Puerta 7 , Madrid', 'completed', 4.92, 9, 9.38, 9.73, '2026-04-25 18:53:10', '2026-04-25 18:56:18', '2026-04-25 19:02:34', '2026-04-25 19:11:34');
INSERT INTO OFFER (offer_id, trip_id, driver_id, status, sent_at, responded_at) VALUES (673, 230, 16, 'accepted', '2026-04-25 18:53:11', '2026-04-25 18:56:18');
INSERT INTO OFFER (offer_id, trip_id, driver_id, status, sent_at, responded_at) VALUES (674, 230, 32, 'rejected', '2026-04-25 18:53:15', '2026-04-25 18:53:40');
INSERT INTO OFFER (offer_id, trip_id, driver_id, status, sent_at, responded_at) VALUES (675, 230, 9, 'expired', '2026-04-25 18:53:11', NULL);
INSERT INTO OFFER (offer_id, trip_id, driver_id, status, sent_at, responded_at) VALUES (676, 230, 2, 'expired', '2026-04-25 18:53:14', NULL);
INSERT INTO OFFER (offer_id, trip_id, driver_id, status, sent_at, responded_at) VALUES (677, 230, 19, 'rejected', '2026-04-25 18:53:12', '2026-04-25 18:53:54');
INSERT INTO PAYMENT (payment_id, trip_id, amount, platform_fee, driver_earnings, method, status, paid_at) VALUES (192, 230, 9.73, 1.95, 7.78, 'card', 'completed', '2026-04-25 19:13:34');

INSERT INTO TRIP (trip_id, rider_id, driver_id, vehicle_id, origin_lat, origin_lng, origin_address, dest_lat, dest_lng, dest_address, status, distance_km, duration_minutes, price_estimated, price_final, requested_at, accepted_at, started_at, finished_at) VALUES (231, 1, 18, 18, 40.44862858, -3.64206523, 'Alameda Américo Briones 84, Madrid', 40.44608308, -3.66946032, 'Glorieta Marita Naranjo 847 Apt. 41 , Madrid', 'completed', 3.05, 11, 6.57, 6.14, '2026-04-25 18:51:16', '2026-04-25 18:55:32', '2026-04-25 18:58:46', '2026-04-25 19:09:46');
INSERT INTO OFFER (offer_id, trip_id, driver_id, status, sent_at, responded_at) VALUES (678, 231, 18, 'accepted', '2026-04-25 18:51:17', '2026-04-25 18:55:32');
INSERT INTO OFFER (offer_id, trip_id, driver_id, status, sent_at, responded_at) VALUES (679, 231, 32, 'expired', '2026-04-25 18:51:21', NULL);
INSERT INTO OFFER (offer_id, trip_id, driver_id, status, sent_at, responded_at) VALUES (680, 231, 42, 'expired', '2026-04-25 18:51:17', NULL);
INSERT INTO OFFER (offer_id, trip_id, driver_id, status, sent_at, responded_at) VALUES (681, 231, 5, 'expired', '2026-04-25 18:51:20', NULL);
INSERT INTO PAYMENT (payment_id, trip_id, amount, platform_fee, driver_earnings, method, status, paid_at) VALUES (193, 231, 6.14, 1.23, 4.91, 'card', 'pending', NULL);
INSERT INTO TRIP (trip_id, rider_id, driver_id, vehicle_id, origin_lat, origin_lng, origin_address, dest_lat, dest_lng, dest_address, status, distance_km, duration_minutes, price_estimated, price_final, requested_at, accepted_at, started_at, finished_at) VALUES (232, 40, 20, 20, 40.39968699, -3.67959387, 'Acceso de Felix Canales 454, Madrid', 40.44451157, -3.74326833, 'Cañada Pío Cabanillas 21, Madrid', 'completed', 8.64, 18, 14.96, 16.12, '2026-04-25 18:52:29', '2026-04-25 18:57:11', '2026-04-25 19:02:14', '2026-04-25 19:20:14');
INSERT INTO OFFER (offer_id, trip_id, driver_id, status, sent_at, responded_at) VALUES (682, 232, 20, 'accepted', '2026-04-25 18:52:32', '2026-04-25 18:57:11');
INSERT INTO OFFER (offer_id, trip_id, driver_id, status, sent_at, responded_at) VALUES (683, 232, 4, 'rejected', '2026-04-25 18:52:33', '2026-04-25 18:53:22');
INSERT INTO PAYMENT (payment_id, trip_id, amount, platform_fee, driver_earnings, method, status, paid_at) VALUES (194, 232, 16.12, 3.22, 12.9, 'cash', 'pending', NULL);
INSERT INTO TRIP (trip_id, rider_id, driver_id, vehicle_id, origin_lat, origin_lng, origin_address, dest_lat, dest_lng, dest_address, status, distance_km, duration_minutes, price_estimated, price_final, requested_at, accepted_at, started_at, finished_at) VALUES (233, 1, 23, 23, 40.48758518, -3.73301274, 'Camino de Emiliana Miralles 78 Piso 0 , Madrid', 40.46726543, -3.62643078, 'Pasadizo Reyna Roselló 76 Piso 3 , Madrid', 'completed', 12.04, 24, 20.06, 18.99, '2026-04-25 18:52:12', '2026-04-25 18:56:52', '2026-04-25 19:06:03', '2026-04-25 19:30:03');
INSERT INTO OFFER (offer_id, trip_id, driver_id, status, sent_at, responded_at) VALUES (684, 233, 23, 'accepted', '2026-04-25 18:52:17', '2026-04-25 18:56:52');
INSERT INTO OFFER (offer_id, trip_id, driver_id, status, sent_at, responded_at) VALUES (685, 233, 28, 'rejected', '2026-04-25 18:52:17', '2026-04-25 18:53:11');
INSERT INTO OFFER (offer_id, trip_id, driver_id, status, sent_at, responded_at) VALUES (686, 233, 25, 'expired', '2026-04-25 18:52:16', NULL);
INSERT INTO PAYMENT (payment_id, trip_id, amount, platform_fee, driver_earnings, method, status, paid_at) VALUES (195, 233, 18.99, 3.8, 15.19, 'card', 'completed', '2026-04-25 19:34:03');
INSERT INTO TRIP (trip_id, rider_id, driver_id, vehicle_id, origin_lat, origin_lng, origin_address, dest_lat, dest_lng, dest_address, status, distance_km, duration_minutes, price_estimated, price_final, requested_at, accepted_at, started_at, finished_at) VALUES (234, 2, NULL, NULL, 40.35010202, -3.62121421, 'Plaza Benito Galán 32, Madrid', 40.35485613, -3.74625355, 'Pasadizo Eladio Echevarría 95, Madrid', 'cancelled', 13.89, NULL, 22.84, NULL, '2026-04-25 18:51:00', NULL, NULL, NULL);
INSERT INTO OFFER (offer_id, trip_id, driver_id, status, sent_at, responded_at) VALUES (687, 234, 48, 'expired', '2026-04-25 18:51:03', NULL);
INSERT INTO TRIP (trip_id, rider_id, driver_id, vehicle_id, origin_lat, origin_lng, origin_address, dest_lat, dest_lng, dest_address, status, distance_km, duration_minutes, price_estimated, price_final, requested_at, accepted_at, started_at, finished_at) VALUES (235, 93, NULL, NULL, 40.41595517, -3.6722798, 'Alameda de Juan Manuel Ojeda 21, Madrid', 40.35422227, -3.74222349, 'Acceso de Laura Gras 35, Madrid', 'requested', 10.36, NULL, 17.54, NULL, '2026-04-25 18:51:09', NULL, NULL, NULL);
INSERT INTO OFFER (offer_id, trip_id, driver_id, status, sent_at, responded_at) VALUES (688, 235, 36, 'expired', '2026-04-25 18:51:14', NULL);
INSERT INTO OFFER (offer_id, trip_id, driver_id, status, sent_at, responded_at) VALUES (689, 235, 33, 'rejected', '2026-04-25 18:51:13', '2026-04-25 18:51:35');
INSERT INTO OFFER (offer_id, trip_id, driver_id, status, sent_at, responded_at) VALUES (690, 235, 35, 'rejected', '2026-04-25 18:51:11', '2026-04-25 18:52:00');
INSERT INTO OFFER (offer_id, trip_id, driver_id, status, sent_at, responded_at) VALUES (691, 235, 9, 'rejected', '2026-04-25 18:51:14', '2026-04-25 18:51:47');
INSERT INTO TRIP (trip_id, rider_id, driver_id, vehicle_id, origin_lat, origin_lng, origin_address, dest_lat, dest_lng, dest_address, status, distance_km, duration_minutes, price_estimated, price_final, requested_at, accepted_at, started_at, finished_at) VALUES (236, 67, 34, 34, 40.35396511, -3.63532011, 'Plaza María Dolores Uribe 37 Puerta 6 , Madrid', 40.43757947, -3.70060373, 'Callejón de Aura Pons 57, Madrid', 'completed', 11.78, 26, 19.67, 20.4, '2026-04-25 18:50:47', '2026-04-25 18:54:14', '2026-04-25 19:03:45', '2026-04-25 19:29:45');
INSERT INTO OFFER (offer_id, trip_id, driver_id, status, sent_at, responded_at) VALUES (692, 236, 34, 'accepted', '2026-04-25 18:50:50', '2026-04-25 18:54:14');
INSERT INTO OFFER (offer_id, trip_id, driver_id, status, sent_at, responded_at) VALUES (693, 236, 20, 'expired', '2026-04-25 18:50:50', NULL);
INSERT INTO PAYMENT (payment_id, trip_id, amount, platform_fee, driver_earnings, method, status, paid_at) VALUES (196, 236, 20.4, 4.08, 16.32, 'card', 'completed', '2026-04-25 19:32:45');
INSERT INTO TRIP (trip_id, rider_id, driver_id, vehicle_id, origin_lat, origin_lng, origin_address, dest_lat, dest_lng, dest_address, status, distance_km, duration_minutes, price_estimated, price_final, requested_at, accepted_at, started_at, finished_at) VALUES (237, 27, 9, 9, 40.49757127, -3.62757858, 'Cuesta Fortunato Monreal 88 Apt. 66 , Madrid', 40.37619311, -3.71885534, 'Rambla Sebastián Manso 95 Piso 5 , Madrid', 'completed', 16.86, 34, 27.29, 26.69, '2026-04-25 18:50:19', '2026-04-25 18:51:30', '2026-04-25 18:55:19', '2026-04-25 19:29:19');
INSERT INTO OFFER (offer_id, trip_id, driver_id, status, sent_at, responded_at) VALUES (694, 237, 9, 'accepted', '2026-04-25 18:50:22', '2026-04-25 18:51:30');
INSERT INTO PAYMENT (payment_id, trip_id, amount, platform_fee, driver_earnings, method, status, paid_at) VALUES (197, 237, 26.69, 5.34, 21.35, 'cash', 'completed', '2026-04-25 19:29:19');
INSERT INTO TRIP (trip_id, rider_id, driver_id, vehicle_id, origin_lat, origin_lng, origin_address, dest_lat, dest_lng, dest_address, status, distance_km, duration_minutes, price_estimated, price_final, requested_at, accepted_at, started_at, finished_at) VALUES (238, 81, 42, 42, 40.39617632, -3.61992645, 'Paseo Natividad Esteban 9, Madrid', 40.43263962, -3.67013774, 'Camino de Albino Menendez 19 Piso 2 , Madrid', 'completed', 6.89, 16, 12.33, 11.46, '2026-04-25 18:51:25', '2026-04-25 18:53:34', '2026-04-25 19:02:56', '2026-04-25 19:18:56');
INSERT INTO OFFER (offer_id, trip_id, driver_id, status, sent_at, responded_at) VALUES (695, 238, 42, 'accepted', '2026-04-25 18:51:28', '2026-04-25 18:53:34');
INSERT INTO OFFER (offer_id, trip_id, driver_id, status, sent_at, responded_at) VALUES (696, 238, 47, 'rejected', '2026-04-25 18:51:29', '2026-04-25 18:52:08');
INSERT INTO OFFER (offer_id, trip_id, driver_id, status, sent_at, responded_at) VALUES (697, 238, 37, 'expired', '2026-04-25 18:51:26', NULL);
INSERT INTO PAYMENT (payment_id, trip_id, amount, platform_fee, driver_earnings, method, status, paid_at) VALUES (198, 238, 11.46, 2.29, 9.17, 'wallet', 'pending', NULL);
INSERT INTO TRIP (trip_id, rider_id, driver_id, vehicle_id, origin_lat, origin_lng, origin_address, dest_lat, dest_lng, dest_address, status, distance_km, duration_minutes, price_estimated, price_final, requested_at, accepted_at, started_at, finished_at) VALUES (239, 31, 26, 26, 40.40494889, -3.71152931, 'Camino Eleuterio Arrieta 7 Piso 1 , Madrid', 40.48916484, -3.72896169, 'Cañada de Luna Canet 87, Madrid', 'completed', 9.55, 20, 16.33, 16.51, '2026-04-25 18:51:38', '2026-04-25 18:54:22', '2026-04-25 19:00:51', '2026-04-25 19:20:51');
INSERT INTO OFFER (offer_id, trip_id, driver_id, status, sent_at, responded_at) VALUES (698, 239, 26, 'accepted', '2026-04-25 18:51:43', '2026-04-25 18:54:22');
INSERT INTO OFFER (offer_id, trip_id, driver_id, status, sent_at, responded_at) VALUES (699, 239, 36, 'expired', '2026-04-25 18:51:41', NULL);
INSERT INTO PAYMENT (payment_id, trip_id, amount, platform_fee, driver_earnings, method, status, paid_at) VALUES (199, 239, 16.51, 3.3, 13.21, 'wallet', 'pending', NULL);
INSERT INTO TRIP (trip_id, rider_id, driver_id, vehicle_id, origin_lat, origin_lng, origin_address, dest_lat, dest_lng, dest_address, status, distance_km, duration_minutes, price_estimated, price_final, requested_at, accepted_at, started_at, finished_at) VALUES (240, 74, 30, 30, 40.45287753, -3.68052104, 'Pasadizo Narciso Cerro 7 Piso 7 , Madrid', 40.49805706, -3.63174678, 'Urbanización Felix Mata 21 Puerta 9 , Madrid', 'completed', 7.38, 14, 13.07, 14.37, '2026-04-25 18:51:42', '2026-04-25 18:53:14', '2026-04-25 18:59:53', '2026-04-25 19:13:53');
INSERT INTO OFFER (offer_id, trip_id, driver_id, status, sent_at, responded_at) VALUES (700, 240, 30, 'accepted', '2026-04-25 18:51:47', '2026-04-25 18:53:14');
INSERT INTO PAYMENT (payment_id, trip_id, amount, platform_fee, driver_earnings, method, status, paid_at) VALUES (200, 240, 14.37, 2.87, 11.5, 'cash', 'pending', NULL);

INSERT INTO TRIP (trip_id, rider_id, driver_id, vehicle_id, origin_lat, origin_lng, origin_address, dest_lat, dest_lng, dest_address, status, distance_km, duration_minutes, price_estimated, price_final, requested_at, accepted_at, started_at, finished_at) VALUES (241, 13, 36, 36, 40.45908706, -3.70392774, 'Cañada de Cándida Borrell 30 Piso 7 , Madrid', 40.39393333, -3.6058281, 'Callejón de Jacinta Sotelo 144, Madrid', 'completed', 13.07, 26, 21.61, 19.54, '2026-04-25 18:51:03', '2026-04-25 18:54:25', '2026-04-25 19:00:57', '2026-04-25 19:26:57');
INSERT INTO OFFER (offer_id, trip_id, driver_id, status, sent_at, responded_at) VALUES (701, 241, 36, 'accepted', '2026-04-25 18:51:04', '2026-04-25 18:54:25');
INSERT INTO OFFER (offer_id, trip_id, driver_id, status, sent_at, responded_at) VALUES (702, 241, 21, 'expired', '2026-04-25 18:51:05', NULL);
INSERT INTO OFFER (offer_id, trip_id, driver_id, status, sent_at, responded_at) VALUES (703, 241, 3, 'rejected', '2026-04-25 18:51:06', '2026-04-25 18:51:43');
INSERT INTO OFFER (offer_id, trip_id, driver_id, status, sent_at, responded_at) VALUES (704, 241, 32, 'rejected', '2026-04-25 18:51:08', '2026-04-25 18:51:49');
INSERT INTO OFFER (offer_id, trip_id, driver_id, status, sent_at, responded_at) VALUES (705, 241, 24, 'expired', '2026-04-25 18:51:06', NULL);
INSERT INTO PAYMENT (payment_id, trip_id, amount, platform_fee, driver_earnings, method, status, paid_at) VALUES (201, 241, 19.54, 3.91, 15.63, 'wallet', 'completed', '2026-04-25 19:30:57');
INSERT INTO TRIP (trip_id, rider_id, driver_id, vehicle_id, origin_lat, origin_lng, origin_address, dest_lat, dest_lng, dest_address, status, distance_km, duration_minutes, price_estimated, price_final, requested_at, accepted_at, started_at, finished_at) VALUES (242, 60, 2, 2, 40.47991357, -3.60319619, 'Cañada de Teodora Casares 6 Puerta 4 , Madrid', 40.40156304, -3.63252288, 'Cañada Tristán Lasa 64 Puerta 5 , Madrid', 'completed', 9.29, 22, 15.93, 14.99, '2026-04-25 18:52:37', '2026-04-25 18:54:52', '2026-04-25 18:57:55', '2026-04-25 19:19:55');
INSERT INTO OFFER (offer_id, trip_id, driver_id, status, sent_at, responded_at) VALUES (706, 242, 2, 'accepted', '2026-04-25 18:52:38', '2026-04-25 18:54:52');
INSERT INTO PAYMENT (payment_id, trip_id, amount, platform_fee, driver_earnings, method, status, paid_at) VALUES (202, 242, 14.99, 3.0, 11.99, 'wallet', 'completed', '2026-04-25 19:20:55');
INSERT INTO TRIP (trip_id, rider_id, driver_id, vehicle_id, origin_lat, origin_lng, origin_address, dest_lat, dest_lng, dest_address, status, distance_km, duration_minutes, price_estimated, price_final, requested_at, accepted_at, started_at, finished_at) VALUES (243, 51, 12, 12, 40.42592711, -3.69093021, 'Urbanización Amancio Alba 59, Madrid', 40.3500601, -3.66480878, 'Avenida Manuel Asensio 67 Apt. 52 , Madrid', 'completed', 8.91, 22, 15.37, 14.14, '2026-04-25 18:51:41', '2026-04-25 18:55:17', '2026-04-25 18:58:14', '2026-04-25 19:20:14');
INSERT INTO OFFER (offer_id, trip_id, driver_id, status, sent_at, responded_at) VALUES (707, 243, 12, 'accepted', '2026-04-25 18:51:46', '2026-04-25 18:55:17');
INSERT INTO OFFER (offer_id, trip_id, driver_id, status, sent_at, responded_at) VALUES (708, 243, 10, 'expired', '2026-04-25 18:51:44', NULL);
INSERT INTO OFFER (offer_id, trip_id, driver_id, status, sent_at, responded_at) VALUES (709, 243, 13, 'expired', '2026-04-25 18:51:44', NULL);
INSERT INTO OFFER (offer_id, trip_id, driver_id, status, sent_at, responded_at) VALUES (710, 243, 31, 'rejected', '2026-04-25 18:51:43', '2026-04-25 18:52:38');
INSERT INTO PAYMENT (payment_id, trip_id, amount, platform_fee, driver_earnings, method, status, paid_at) VALUES (203, 243, 14.14, 2.83, 11.31, 'card', 'completed', '2026-04-25 19:23:14');
INSERT INTO TRIP (trip_id, rider_id, driver_id, vehicle_id, origin_lat, origin_lng, origin_address, dest_lat, dest_lng, dest_address, status, distance_km, duration_minutes, price_estimated, price_final, requested_at, accepted_at, started_at, finished_at) VALUES (244, 73, 16, 16, 40.37941797, -3.67161983, 'Cuesta Yago Abascal 4 Piso 0 , Madrid', 40.49659726, -3.67977238, 'Callejón de Reinaldo Ochoa 46 Puerta 4 , Madrid', 'completed', 13.04, 31, 21.56, 22.72, '2026-04-25 18:53:12', '2026-04-25 18:54:27', '2026-04-25 18:57:49', '2026-04-25 19:28:49');
INSERT INTO OFFER (offer_id, trip_id, driver_id, status, sent_at, responded_at) VALUES (711, 244, 16, 'accepted', '2026-04-25 18:53:13', '2026-04-25 18:54:27');
INSERT INTO PAYMENT (payment_id, trip_id, amount, platform_fee, driver_earnings, method, status, paid_at) VALUES (204, 244, 22.72, 4.54, 18.18, 'card', 'completed', '2026-04-25 19:33:49');
INSERT INTO TRIP (trip_id, rider_id, driver_id, vehicle_id, origin_lat, origin_lng, origin_address, dest_lat, dest_lng, dest_address, status, distance_km, duration_minutes, price_estimated, price_final, requested_at, accepted_at, started_at, finished_at) VALUES (245, 43, 2, 2, 40.38206695, -3.68847529, 'Callejón de Iris Barco 31 Puerta 0 , Madrid', 40.42190641, -3.68017911, 'Pasadizo de Gala Acevedo 99 Apt. 30 , Madrid', 'in_progress', 4.52, NULL, 8.78, NULL, '2026-04-25 18:50:21', '2026-04-25 18:54:13', '2026-04-25 18:57:37', NULL);
INSERT INTO OFFER (offer_id, trip_id, driver_id, status, sent_at, responded_at) VALUES (712, 245, 2, 'accepted', '2026-04-25 18:50:26', '2026-04-25 18:54:13');
INSERT INTO TRIP (trip_id, rider_id, driver_id, vehicle_id, origin_lat, origin_lng, origin_address, dest_lat, dest_lng, dest_address, status, distance_km, duration_minutes, price_estimated, price_final, requested_at, accepted_at, started_at, finished_at) VALUES (246, 81, 30, 30, 40.42790108, -3.63243847, 'Alameda Fernanda Carrasco 33 Apt. 11 , Madrid', 40.40971668, -3.61729115, 'Cuesta de Ruperta Duque 59, Madrid', 'completed', 2.63, 5, 5.95, 5.81, '2026-04-25 18:51:45', '2026-04-25 18:55:14', '2026-04-25 19:00:37', '2026-04-25 19:05:37');
INSERT INTO OFFER (offer_id, trip_id, driver_id, status, sent_at, responded_at) VALUES (713, 246, 30, 'accepted', '2026-04-25 18:51:47', '2026-04-25 18:55:14');
INSERT INTO PAYMENT (payment_id, trip_id, amount, platform_fee, driver_earnings, method, status, paid_at) VALUES (205, 246, 5.81, 1.16, 4.65, 'cash', 'completed', '2026-04-25 19:08:37');
INSERT INTO TRIP (trip_id, rider_id, driver_id, vehicle_id, origin_lat, origin_lng, origin_address, dest_lat, dest_lng, dest_address, status, distance_km, duration_minutes, price_estimated, price_final, requested_at, accepted_at, started_at, finished_at) VALUES (247, 17, 42, 42, 40.43250104, -3.69819186, 'Pasaje Fulgencio Gras 18 Piso 3 , Madrid', 40.43850686, -3.68214955, 'Rambla de Marcela Otero 18 Piso 5 , Madrid', 'completed', 1.9, 2, 4.85, 4.79, '2026-04-25 18:52:21', '2026-04-25 18:54:51', '2026-04-25 19:04:47', '2026-04-25 19:06:47');
INSERT INTO OFFER (offer_id, trip_id, driver_id, status, sent_at, responded_at) VALUES (714, 247, 42, 'accepted', '2026-04-25 18:52:24', '2026-04-25 18:54:51');
INSERT INTO OFFER (offer_id, trip_id, driver_id, status, sent_at, responded_at) VALUES (715, 247, 50, 'expired', '2026-04-25 18:52:26', NULL);
INSERT INTO PAYMENT (payment_id, trip_id, amount, platform_fee, driver_earnings, method, status, paid_at) VALUES (206, 247, 4.79, 0.96, 3.83, 'card', 'completed', '2026-04-25 19:06:47');
INSERT INTO TRIP (trip_id, rider_id, driver_id, vehicle_id, origin_lat, origin_lng, origin_address, dest_lat, dest_lng, dest_address, status, distance_km, duration_minutes, price_estimated, price_final, requested_at, accepted_at, started_at, finished_at) VALUES (248, 79, 5, 5, 40.41984735, -3.67658395, 'Cañada de Celestina Aragón 28, Madrid', 40.45865046, -3.61315506, 'Ronda de Maite Borrell 57, Madrid', 'completed', 8.25, 15, 14.38, 14.2, '2026-04-25 18:51:50', '2026-04-25 18:54:52', '2026-04-25 18:59:58', '2026-04-25 19:14:58');
INSERT INTO OFFER (offer_id, trip_id, driver_id, status, sent_at, responded_at) VALUES (716, 248, 5, 'accepted', '2026-04-25 18:51:51', '2026-04-25 18:54:52');
INSERT INTO PAYMENT (payment_id, trip_id, amount, platform_fee, driver_earnings, method, status, paid_at) VALUES (207, 248, 14.2, 2.84, 11.36, 'card', 'pending', NULL);
INSERT INTO TRIP (trip_id, rider_id, driver_id, vehicle_id, origin_lat, origin_lng, origin_address, dest_lat, dest_lng, dest_address, status, distance_km, duration_minutes, price_estimated, price_final, requested_at, accepted_at, started_at, finished_at) VALUES (249, 90, 1, 1, 40.39056016, -3.66633229, 'Pasaje de Diana Goicoechea 19 Puerta 2 , Madrid', 40.37771363, -3.7095651, 'Urbanización de América Bustamante 17, Madrid', 'completed', 5.01, 12, 9.52, 9.14, '2026-04-25 18:50:19', '2026-04-25 18:53:39', '2026-04-25 18:57:30', '2026-04-25 19:09:30');
INSERT INTO OFFER (offer_id, trip_id, driver_id, status, sent_at, responded_at) VALUES (717, 249, 1, 'accepted', '2026-04-25 18:50:23', '2026-04-25 18:53:39');
INSERT INTO OFFER (offer_id, trip_id, driver_id, status, sent_at, responded_at) VALUES (718, 249, 40, 'rejected', '2026-04-25 18:50:22', '2026-04-25 18:50:53');
INSERT INTO PAYMENT (payment_id, trip_id, amount, platform_fee, driver_earnings, method, status, paid_at) VALUES (208, 249, 9.14, 1.83, 7.31, 'wallet', 'completed', '2026-04-25 19:10:30');
INSERT INTO TRIP (trip_id, rider_id, driver_id, vehicle_id, origin_lat, origin_lng, origin_address, dest_lat, dest_lng, dest_address, status, distance_km, duration_minutes, price_estimated, price_final, requested_at, accepted_at, started_at, finished_at) VALUES (250, 96, 30, 30, 40.46170349, -3.70081924, 'Glorieta de Soraya Roma 71, Madrid', 40.48715205, -3.6523459, 'Cuesta de Ángeles Salvador 18, Madrid', 'completed', 6.08, 16, 11.12, 11.24, '2026-04-25 18:50:50', '2026-04-25 18:54:34', '2026-04-25 19:04:16', '2026-04-25 19:20:16');
INSERT INTO OFFER (offer_id, trip_id, driver_id, status, sent_at, responded_at) VALUES (719, 250, 30, 'accepted', '2026-04-25 18:50:54', '2026-04-25 18:54:34');
INSERT INTO OFFER (offer_id, trip_id, driver_id, status, sent_at, responded_at) VALUES (720, 250, 20, 'rejected', '2026-04-25 18:50:52', '2026-04-25 18:51:37');
INSERT INTO OFFER (offer_id, trip_id, driver_id, status, sent_at, responded_at) VALUES (721, 250, 31, 'rejected', '2026-04-25 18:50:53', '2026-04-25 18:51:37');
INSERT INTO OFFER (offer_id, trip_id, driver_id, status, sent_at, responded_at) VALUES (722, 250, 16, 'expired', '2026-04-25 18:50:54', NULL);
INSERT INTO OFFER (offer_id, trip_id, driver_id, status, sent_at, responded_at) VALUES (723, 250, 44, 'rejected', '2026-04-25 18:50:52', '2026-04-25 18:51:14');
INSERT INTO PAYMENT (payment_id, trip_id, amount, platform_fee, driver_earnings, method, status, paid_at) VALUES (209, 250, 11.24, 2.25, 8.99, 'card', 'completed', '2026-04-25 19:25:16');

INSERT INTO TRIP (trip_id, rider_id, driver_id, vehicle_id, origin_lat, origin_lng, origin_address, dest_lat, dest_lng, dest_address, status, distance_km, duration_minutes, price_estimated, price_final, requested_at, accepted_at, started_at, finished_at) VALUES (251, 94, 16, 16, 40.49249717, -3.73218372, 'Glorieta de Jesús Espada 4, Madrid', 40.48985245, -3.72032861, 'Ronda Azahara Grau 30 Apt. 53 , Madrid', 'in_progress', 1.35, NULL, 4.03, NULL, '2026-04-25 18:52:33', '2026-04-25 18:55:24', '2026-04-25 19:03:48', NULL);
INSERT INTO OFFER (offer_id, trip_id, driver_id, status, sent_at, responded_at) VALUES (724, 251, 16, 'accepted', '2026-04-25 18:52:36', '2026-04-25 18:55:24');
INSERT INTO TRIP (trip_id, rider_id, driver_id, vehicle_id, origin_lat, origin_lng, origin_address, dest_lat, dest_lng, dest_address, status, distance_km, duration_minutes, price_estimated, price_final, requested_at, accepted_at, started_at, finished_at) VALUES (252, 96, 5, 5, 40.45985995, -3.6770673, 'Via de Ester Rodríguez 1 Apt. 51 , Madrid', 40.4683877, -3.65139383, 'Acceso de Inés Balaguer 8, Madrid', 'completed', 3.0, 11, 6.5, 5.9, '2026-04-25 18:50:55', '2026-04-25 18:55:48', '2026-04-25 19:02:52', '2026-04-25 19:13:52');
INSERT INTO OFFER (offer_id, trip_id, driver_id, status, sent_at, responded_at) VALUES (725, 252, 5, 'accepted', '2026-04-25 18:50:58', '2026-04-25 18:55:48');
INSERT INTO PAYMENT (payment_id, trip_id, amount, platform_fee, driver_earnings, method, status, paid_at) VALUES (210, 252, 5.9, 1.18, 4.72, 'card', 'completed', '2026-04-25 19:16:52');
INSERT INTO TRIP (trip_id, rider_id, driver_id, vehicle_id, origin_lat, origin_lng, origin_address, dest_lat, dest_lng, dest_address, status, distance_km, duration_minutes, price_estimated, price_final, requested_at, accepted_at, started_at, finished_at) VALUES (253, 33, 7, 7, 40.35855354, -3.61344187, 'Cañada de Isidora Mendez 30 Apt. 77 , Madrid', 40.48809342, -3.61629155, 'C. de Antonio Barros 7 Piso 7 , Madrid', 'completed', 14.38, 28, 23.57, 25.06, '2026-04-25 18:50:24', '2026-04-25 18:52:29', '2026-04-25 19:01:33', '2026-04-25 19:29:33');
INSERT INTO OFFER (offer_id, trip_id, driver_id, status, sent_at, responded_at) VALUES (726, 253, 7, 'accepted', '2026-04-25 18:50:28', '2026-04-25 18:52:29');
INSERT INTO OFFER (offer_id, trip_id, driver_id, status, sent_at, responded_at) VALUES (727, 253, 39, 'expired', '2026-04-25 18:50:25', NULL);
INSERT INTO OFFER (offer_id, trip_id, driver_id, status, sent_at, responded_at) VALUES (728, 253, 16, 'expired', '2026-04-25 18:50:29', NULL);
INSERT INTO PAYMENT (payment_id, trip_id, amount, platform_fee, driver_earnings, method, status, paid_at) VALUES (211, 253, 25.06, 5.01, 20.05, 'card', 'completed', '2026-04-25 19:33:33');
INSERT INTO TRIP (trip_id, rider_id, driver_id, vehicle_id, origin_lat, origin_lng, origin_address, dest_lat, dest_lng, dest_address, status, distance_km, duration_minutes, price_estimated, price_final, requested_at, accepted_at, started_at, finished_at) VALUES (254, 98, 9, 9, 40.46237092, -3.69120688, 'Rambla de Susana Bejarano 746 Puerta 8 , Madrid', 40.44064811, -3.73114655, 'Vial de Urbano Pastor 21 Piso 3 , Madrid', 'completed', 5.05, 9, 9.57, 9.33, '2026-04-25 18:50:21', '2026-04-25 18:51:23', '2026-04-25 18:55:43', '2026-04-25 19:04:43');
INSERT INTO OFFER (offer_id, trip_id, driver_id, status, sent_at, responded_at) VALUES (729, 254, 9, 'accepted', '2026-04-25 18:50:26', '2026-04-25 18:51:23');
INSERT INTO OFFER (offer_id, trip_id, driver_id, status, sent_at, responded_at) VALUES (730, 254, 35, 'expired', '2026-04-25 18:50:24', NULL);
INSERT INTO OFFER (offer_id, trip_id, driver_id, status, sent_at, responded_at) VALUES (731, 254, 12, 'expired', '2026-04-25 18:50:23', NULL);
INSERT INTO OFFER (offer_id, trip_id, driver_id, status, sent_at, responded_at) VALUES (732, 254, 5, 'expired', '2026-04-25 18:50:24', NULL);
INSERT INTO OFFER (offer_id, trip_id, driver_id, status, sent_at, responded_at) VALUES (733, 254, 16, 'rejected', '2026-04-25 18:50:22', '2026-04-25 18:50:57');
INSERT INTO PAYMENT (payment_id, trip_id, amount, platform_fee, driver_earnings, method, status, paid_at) VALUES (212, 254, 9.33, 1.87, 7.46, 'cash', 'completed', '2026-04-25 19:05:43');
INSERT INTO TRIP (trip_id, rider_id, driver_id, vehicle_id, origin_lat, origin_lng, origin_address, dest_lat, dest_lng, dest_address, status, distance_km, duration_minutes, price_estimated, price_final, requested_at, accepted_at, started_at, finished_at) VALUES (255, 77, NULL, NULL, 40.40298598, -3.64434777, 'C. de Fabio Cerezo 82, Madrid', 40.38367527, -3.65356295, 'Calle María Teresa Moraleda 8, Madrid', 'requested', 2.38, NULL, 5.57, NULL, '2026-04-25 18:51:03', NULL, NULL, NULL);
INSERT INTO OFFER (offer_id, trip_id, driver_id, status, sent_at, responded_at) VALUES (734, 255, 27, 'rejected', '2026-04-25 18:51:05', '2026-04-25 18:51:25');
INSERT INTO TRIP (trip_id, rider_id, driver_id, vehicle_id, origin_lat, origin_lng, origin_address, dest_lat, dest_lng, dest_address, status, distance_km, duration_minutes, price_estimated, price_final, requested_at, accepted_at, started_at, finished_at) VALUES (256, 42, 7, 7, 40.36775033, -3.71471499, 'Callejón de Mauricio Juárez 579, Madrid', 40.46879065, -3.7210915, 'Callejón de Griselda Ariño 15 Puerta 4 , Madrid', 'completed', 11.24, 21, 18.86, 18.36, '2026-04-25 18:51:22', '2026-04-25 18:55:00', '2026-04-25 18:58:01', '2026-04-25 19:19:01');
INSERT INTO OFFER (offer_id, trip_id, driver_id, status, sent_at, responded_at) VALUES (735, 256, 7, 'accepted', '2026-04-25 18:51:24', '2026-04-25 18:55:00');
INSERT INTO OFFER (offer_id, trip_id, driver_id, status, sent_at, responded_at) VALUES (736, 256, 5, 'expired', '2026-04-25 18:51:23', NULL);
INSERT INTO OFFER (offer_id, trip_id, driver_id, status, sent_at, responded_at) VALUES (737, 256, 27, 'expired', '2026-04-25 18:51:25', NULL);
INSERT INTO OFFER (offer_id, trip_id, driver_id, status, sent_at, responded_at) VALUES (738, 256, 45, 'expired', '2026-04-25 18:51:24', NULL);
INSERT INTO OFFER (offer_id, trip_id, driver_id, status, sent_at, responded_at) VALUES (739, 256, 8, 'rejected', '2026-04-25 18:51:26', '2026-04-25 18:51:46');
INSERT INTO PAYMENT (payment_id, trip_id, amount, platform_fee, driver_earnings, method, status, paid_at) VALUES (213, 256, 18.36, 3.67, 14.69, 'card', 'completed', '2026-04-25 19:24:01');
INSERT INTO TRIP (trip_id, rider_id, driver_id, vehicle_id, origin_lat, origin_lng, origin_address, dest_lat, dest_lng, dest_address, status, distance_km, duration_minutes, price_estimated, price_final, requested_at, accepted_at, started_at, finished_at) VALUES (257, 2, 8, 8, 40.43792217, -3.70759698, 'C. de Martín Teruel 64 Puerta 4 , Madrid', 40.43224561, -3.73084493, 'Alameda de Albina Ortega 63, Madrid', 'cancelled', 2.66, NULL, 5.99, NULL, '2026-04-25 18:50:50', '2026-04-25 18:53:54', NULL, NULL);
INSERT INTO OFFER (offer_id, trip_id, driver_id, status, sent_at, responded_at) VALUES (740, 257, 8, 'accepted', '2026-04-25 18:50:55', '2026-04-25 18:53:54');
INSERT INTO OFFER (offer_id, trip_id, driver_id, status, sent_at, responded_at) VALUES (741, 257, 45, 'expired', '2026-04-25 18:50:53', NULL);
INSERT INTO OFFER (offer_id, trip_id, driver_id, status, sent_at, responded_at) VALUES (742, 257, 28, 'expired', '2026-04-25 18:50:52', NULL);
INSERT INTO TRIP (trip_id, rider_id, driver_id, vehicle_id, origin_lat, origin_lng, origin_address, dest_lat, dest_lng, dest_address, status, distance_km, duration_minutes, price_estimated, price_final, requested_at, accepted_at, started_at, finished_at) VALUES (258, 88, 47, 47, 40.48735818, -3.73582194, 'Vial de Isabela Barroso 1, Madrid', 40.45714028, -3.67287276, 'Pasaje de Pacífica Zorrilla 35, Madrid', 'completed', 7.75, 14, 13.62, 12.39, '2026-04-25 18:50:42', '2026-04-25 18:52:05', '2026-04-25 18:54:48', '2026-04-25 19:08:48');
INSERT INTO OFFER (offer_id, trip_id, driver_id, status, sent_at, responded_at) VALUES (743, 258, 47, 'accepted', '2026-04-25 18:50:46', '2026-04-25 18:52:05');
INSERT INTO OFFER (offer_id, trip_id, driver_id, status, sent_at, responded_at) VALUES (744, 258, 50, 'rejected', '2026-04-25 18:50:47', '2026-04-25 18:51:26');
INSERT INTO OFFER (offer_id, trip_id, driver_id, status, sent_at, responded_at) VALUES (745, 258, 9, 'rejected', '2026-04-25 18:50:45', '2026-04-25 18:50:57');
INSERT INTO OFFER (offer_id, trip_id, driver_id, status, sent_at, responded_at) VALUES (746, 258, 43, 'rejected', '2026-04-25 18:50:47', '2026-04-25 18:51:10');
INSERT INTO OFFER (offer_id, trip_id, driver_id, status, sent_at, responded_at) VALUES (747, 258, 25, 'expired', '2026-04-25 18:50:46', NULL);
INSERT INTO PAYMENT (payment_id, trip_id, amount, platform_fee, driver_earnings, method, status, paid_at) VALUES (214, 258, 12.39, 2.48, 9.91, 'card', 'pending', NULL);
INSERT INTO TRIP (trip_id, rider_id, driver_id, vehicle_id, origin_lat, origin_lng, origin_address, dest_lat, dest_lng, dest_address, status, distance_km, duration_minutes, price_estimated, price_final, requested_at, accepted_at, started_at, finished_at) VALUES (259, 78, NULL, NULL, 40.43307929, -3.61671012, 'Urbanización Ulises Arranz 8 Apt. 76 , Madrid', 40.39476042, -3.63722401, 'Acceso de Modesta Domingo 38, Madrid', 'cancelled', 4.82, NULL, 9.23, NULL, '2026-04-25 18:52:22', NULL, NULL, NULL);
INSERT INTO OFFER (offer_id, trip_id, driver_id, status, sent_at, responded_at) VALUES (748, 259, 14, 'rejected', '2026-04-25 18:52:24', '2026-04-25 18:52:32');
INSERT INTO OFFER (offer_id, trip_id, driver_id, status, sent_at, responded_at) VALUES (749, 259, 32, 'expired', '2026-04-25 18:52:27', NULL);
INSERT INTO TRIP (trip_id, rider_id, driver_id, vehicle_id, origin_lat, origin_lng, origin_address, dest_lat, dest_lng, dest_address, status, distance_km, duration_minutes, price_estimated, price_final, requested_at, accepted_at, started_at, finished_at) VALUES (260, 39, 28, 28, 40.45920303, -3.73683157, 'Pasadizo de Felicia Lastra 7 Apt. 56 , Madrid', 40.38149087, -3.69332994, 'Pasaje Mohamed Diez 83, Madrid', 'completed', 9.89, 17, 16.84, 18.18, '2026-04-25 18:51:09', '2026-04-25 18:53:37', '2026-04-25 19:03:09', '2026-04-25 19:20:09');
INSERT INTO OFFER (offer_id, trip_id, driver_id, status, sent_at, responded_at) VALUES (750, 260, 28, 'accepted', '2026-04-25 18:51:10', '2026-04-25 18:53:37');
INSERT INTO OFFER (offer_id, trip_id, driver_id, status, sent_at, responded_at) VALUES (751, 260, 32, 'rejected', '2026-04-25 18:51:12', '2026-04-25 18:51:34');
INSERT INTO OFFER (offer_id, trip_id, driver_id, status, sent_at, responded_at) VALUES (752, 260, 18, 'expired', '2026-04-25 18:51:11', NULL);
INSERT INTO OFFER (offer_id, trip_id, driver_id, status, sent_at, responded_at) VALUES (753, 260, 48, 'expired', '2026-04-25 18:51:12', NULL);
INSERT INTO OFFER (offer_id, trip_id, driver_id, status, sent_at, responded_at) VALUES (754, 260, 38, 'expired', '2026-04-25 18:51:12', NULL);
INSERT INTO PAYMENT (payment_id, trip_id, amount, platform_fee, driver_earnings, method, status, paid_at) VALUES (215, 260, 18.18, 3.64, 14.54, 'cash', 'completed', '2026-04-25 19:20:09');

INSERT INTO TRIP (trip_id, rider_id, driver_id, vehicle_id, origin_lat, origin_lng, origin_address, dest_lat, dest_lng, dest_address, status, distance_km, duration_minutes, price_estimated, price_final, requested_at, accepted_at, started_at, finished_at) VALUES (261, 25, 24, 24, 40.48819677, -3.65977571, 'Alameda Mohamed Niño 11, Madrid', 40.4469759, -3.60038587, 'Urbanización de Desiderio Seco 6 Piso 3 , Madrid', 'in_progress', 8.02, NULL, 14.03, NULL, '2026-04-25 18:52:29', '2026-04-25 18:56:54', '2026-04-25 19:04:55', NULL);
INSERT INTO OFFER (offer_id, trip_id, driver_id, status, sent_at, responded_at) VALUES (755, 261, 24, 'accepted', '2026-04-25 18:52:30', '2026-04-25 18:56:54');
INSERT INTO OFFER (offer_id, trip_id, driver_id, status, sent_at, responded_at) VALUES (756, 261, 49, 'rejected', '2026-04-25 18:52:33', '2026-04-25 18:53:16');
INSERT INTO OFFER (offer_id, trip_id, driver_id, status, sent_at, responded_at) VALUES (757, 261, 45, 'rejected', '2026-04-25 18:52:30', '2026-04-25 18:53:22');
INSERT INTO TRIP (trip_id, rider_id, driver_id, vehicle_id, origin_lat, origin_lng, origin_address, dest_lat, dest_lng, dest_address, status, distance_km, duration_minutes, price_estimated, price_final, requested_at, accepted_at, started_at, finished_at) VALUES (262, 18, 45, 45, 40.3787213, -3.63873038, 'Callejón de Manola Villar 57 Piso 3 , Madrid', 40.44848377, -3.71325171, 'Cuesta de Timoteo Feliu 72, Madrid', 'completed', 11.33, 27, 19.0, 19.57, '2026-04-25 18:50:23', '2026-04-25 18:53:03', '2026-04-25 18:59:52', '2026-04-25 19:26:52');
INSERT INTO OFFER (offer_id, trip_id, driver_id, status, sent_at, responded_at) VALUES (758, 262, 45, 'accepted', '2026-04-25 18:50:26', '2026-04-25 18:53:03');
INSERT INTO PAYMENT (payment_id, trip_id, amount, platform_fee, driver_earnings, method, status, paid_at) VALUES (216, 262, 19.57, 3.91, 15.66, 'wallet', 'completed', '2026-04-25 19:26:52');
INSERT INTO TRIP (trip_id, rider_id, driver_id, vehicle_id, origin_lat, origin_lng, origin_address, dest_lat, dest_lng, dest_address, status, distance_km, duration_minutes, price_estimated, price_final, requested_at, accepted_at, started_at, finished_at) VALUES (263, 71, 32, 32, 40.46303464, -3.68165277, 'Glorieta de Galo Torrent 2, Madrid', 40.36543713, -3.60921838, 'Glorieta de Teresita Blanes 96 Apt. 46 , Madrid', 'completed', 13.49, 28, 22.23, 20.62, '2026-04-25 18:51:23', '2026-04-25 18:55:49', '2026-04-25 19:04:48', '2026-04-25 19:32:48');
INSERT INTO OFFER (offer_id, trip_id, driver_id, status, sent_at, responded_at) VALUES (759, 263, 32, 'accepted', '2026-04-25 18:51:26', '2026-04-25 18:55:49');
INSERT INTO OFFER (offer_id, trip_id, driver_id, status, sent_at, responded_at) VALUES (760, 263, 35, 'rejected', '2026-04-25 18:51:28', '2026-04-25 18:51:38');
INSERT INTO OFFER (offer_id, trip_id, driver_id, status, sent_at, responded_at) VALUES (761, 263, 40, 'expired', '2026-04-25 18:51:25', NULL);
INSERT INTO OFFER (offer_id, trip_id, driver_id, status, sent_at, responded_at) VALUES (762, 263, 19, 'rejected', '2026-04-25 18:51:28', '2026-04-25 18:52:18');
INSERT INTO OFFER (offer_id, trip_id, driver_id, status, sent_at, responded_at) VALUES (763, 263, 27, 'rejected', '2026-04-25 18:51:26', '2026-04-25 18:52:05');
INSERT INTO PAYMENT (payment_id, trip_id, amount, platform_fee, driver_earnings, method, status, paid_at) VALUES (217, 263, 20.62, 4.12, 16.5, 'card', 'completed', '2026-04-25 19:37:48');
INSERT INTO TRIP (trip_id, rider_id, driver_id, vehicle_id, origin_lat, origin_lng, origin_address, dest_lat, dest_lng, dest_address, status, distance_km, duration_minutes, price_estimated, price_final, requested_at, accepted_at, started_at, finished_at) VALUES (264, 14, 22, 22, 40.41254653, -3.7070228, 'Cuesta de Valero Mena 46, Madrid', 40.39196866, -3.68363026, 'Alameda de Marisela Tejedor 408, Madrid', 'completed', 3.46, 6, 7.19, 7.39, '2026-04-25 18:50:32', '2026-04-25 18:54:10', '2026-04-25 18:58:28', '2026-04-25 19:04:28');
INSERT INTO OFFER (offer_id, trip_id, driver_id, status, sent_at, responded_at) VALUES (764, 264, 22, 'accepted', '2026-04-25 18:50:37', '2026-04-25 18:54:10');
INSERT INTO OFFER (offer_id, trip_id, driver_id, status, sent_at, responded_at) VALUES (765, 264, 29, 'expired', '2026-04-25 18:50:34', NULL);
INSERT INTO OFFER (offer_id, trip_id, driver_id, status, sent_at, responded_at) VALUES (766, 264, 24, 'rejected', '2026-04-25 18:50:34', '2026-04-25 18:50:58');
INSERT INTO PAYMENT (payment_id, trip_id, amount, platform_fee, driver_earnings, method, status, paid_at) VALUES (218, 264, 7.39, 1.48, 5.91, 'cash', 'completed', '2026-04-25 19:09:28');
INSERT INTO TRIP (trip_id, rider_id, driver_id, vehicle_id, origin_lat, origin_lng, origin_address, dest_lat, dest_lng, dest_address, status, distance_km, duration_minutes, price_estimated, price_final, requested_at, accepted_at, started_at, finished_at) VALUES (265, 56, 14, 14, 40.35380697, -3.67802958, 'Rambla de Elena Terrón 64, Madrid', 40.35853686, -3.68689554, 'Callejón de Borja Patiño 93, Madrid', 'in_progress', 1.12, NULL, 3.68, NULL, '2026-04-25 18:51:49', '2026-04-25 18:56:01', '2026-04-25 19:02:41', NULL);
INSERT INTO OFFER (offer_id, trip_id, driver_id, status, sent_at, responded_at) VALUES (767, 265, 16, 'rejected', '2026-04-25 18:51:51', '2026-04-25 18:52:44');
INSERT INTO OFFER (offer_id, trip_id, driver_id, status, sent_at, responded_at) VALUES (768, 265, 5, 'rejected', '2026-04-25 18:51:53', '2026-04-25 18:52:46');
INSERT INTO OFFER (offer_id, trip_id, driver_id, status, sent_at, responded_at) VALUES (769, 265, 44, 'rejected', '2026-04-25 18:51:51', '2026-04-25 18:52:28');
INSERT INTO OFFER (offer_id, trip_id, driver_id, status, sent_at, responded_at) VALUES (770, 265, 14, 'accepted', '2026-04-25 18:51:51', '2026-04-25 18:56:01');
INSERT INTO TRIP (trip_id, rider_id, driver_id, vehicle_id, origin_lat, origin_lng, origin_address, dest_lat, dest_lng, dest_address, status, distance_km, duration_minutes, price_estimated, price_final, requested_at, accepted_at, started_at, finished_at) VALUES (266, 44, 35, 35, 40.41454804, -3.74025073, 'Glorieta Elena Botella 921, Madrid', 40.37736345, -3.67516068, 'Urbanización de Paulina Seco 1, Madrid', 'completed', 8.32, 18, 14.48, 14.37, '2026-04-25 18:50:50', '2026-04-25 18:54:43', '2026-04-25 18:57:54', '2026-04-25 19:15:54');
INSERT INTO OFFER (offer_id, trip_id, driver_id, status, sent_at, responded_at) VALUES (771, 266, 35, 'accepted', '2026-04-25 18:50:55', '2026-04-25 18:54:43');
INSERT INTO OFFER (offer_id, trip_id, driver_id, status, sent_at, responded_at) VALUES (772, 266, 41, 'expired', '2026-04-25 18:50:52', NULL);
INSERT INTO OFFER (offer_id, trip_id, driver_id, status, sent_at, responded_at) VALUES (773, 266, 27, 'rejected', '2026-04-25 18:50:52', '2026-04-25 18:51:29');
INSERT INTO OFFER (offer_id, trip_id, driver_id, status, sent_at, responded_at) VALUES (774, 266, 11, 'expired', '2026-04-25 18:50:52', NULL);
INSERT INTO OFFER (offer_id, trip_id, driver_id, status, sent_at, responded_at) VALUES (775, 266, 15, 'rejected', '2026-04-25 18:50:53', '2026-04-25 18:51:42');
INSERT INTO PAYMENT (payment_id, trip_id, amount, platform_fee, driver_earnings, method, status, paid_at) VALUES (219, 266, 14.37, 2.87, 11.5, 'cash', 'completed', '2026-04-25 19:19:54');
INSERT INTO TRIP (trip_id, rider_id, driver_id, vehicle_id, origin_lat, origin_lng, origin_address, dest_lat, dest_lng, dest_address, status, distance_km, duration_minutes, price_estimated, price_final, requested_at, accepted_at, started_at, finished_at) VALUES (267, 76, 16, 16, 40.46713589, -3.74766142, 'C. Alex Manrique 38 Apt. 84 , Madrid', 40.46624345, -3.62726989, 'Urbanización de Cebrián Carpio 27, Madrid', 'completed', 13.36, 24, 22.04, 20.97, '2026-04-25 18:52:40', '2026-04-25 18:53:48', '2026-04-25 19:00:06', '2026-04-25 19:24:06');
INSERT INTO OFFER (offer_id, trip_id, driver_id, status, sent_at, responded_at) VALUES (776, 267, 16, 'accepted', '2026-04-25 18:52:43', '2026-04-25 18:53:48');
INSERT INTO OFFER (offer_id, trip_id, driver_id, status, sent_at, responded_at) VALUES (777, 267, 17, 'rejected', '2026-04-25 18:52:45', '2026-04-25 18:52:55');
INSERT INTO OFFER (offer_id, trip_id, driver_id, status, sent_at, responded_at) VALUES (778, 267, 37, 'expired', '2026-04-25 18:52:41', NULL);
INSERT INTO OFFER (offer_id, trip_id, driver_id, status, sent_at, responded_at) VALUES (779, 267, 23, 'rejected', '2026-04-25 18:52:42', '2026-04-25 18:53:27');
INSERT INTO OFFER (offer_id, trip_id, driver_id, status, sent_at, responded_at) VALUES (780, 267, 27, 'rejected', '2026-04-25 18:52:41', '2026-04-25 18:52:54');
INSERT INTO PAYMENT (payment_id, trip_id, amount, platform_fee, driver_earnings, method, status, paid_at) VALUES (220, 267, 20.97, 4.19, 16.78, 'card', 'completed', '2026-04-25 19:29:06');
INSERT INTO TRIP (trip_id, rider_id, driver_id, vehicle_id, origin_lat, origin_lng, origin_address, dest_lat, dest_lng, dest_address, status, distance_km, duration_minutes, price_estimated, price_final, requested_at, accepted_at, started_at, finished_at) VALUES (268, 20, 44, 44, 40.43559705, -3.69352993, 'Vial Bonifacio Saez 24, Madrid', 40.38022843, -3.74449623, 'Avenida Reyna Gallo 6 Piso 8 , Madrid', 'cancelled', 8.35, NULL, 14.52, NULL, '2026-04-25 18:52:57', '2026-04-25 18:56:51', NULL, NULL);
INSERT INTO OFFER (offer_id, trip_id, driver_id, status, sent_at, responded_at) VALUES (781, 268, 44, 'accepted', '2026-04-25 18:53:00', '2026-04-25 18:56:51');
INSERT INTO OFFER (offer_id, trip_id, driver_id, status, sent_at, responded_at) VALUES (782, 268, 9, 'rejected', '2026-04-25 18:52:58', '2026-04-25 18:53:55');
INSERT INTO OFFER (offer_id, trip_id, driver_id, status, sent_at, responded_at) VALUES (783, 268, 20, 'rejected', '2026-04-25 18:52:59', '2026-04-25 18:53:35');
INSERT INTO OFFER (offer_id, trip_id, driver_id, status, sent_at, responded_at) VALUES (784, 268, 26, 'rejected', '2026-04-25 18:52:58', '2026-04-25 18:53:32');
INSERT INTO TRIP (trip_id, rider_id, driver_id, vehicle_id, origin_lat, origin_lng, origin_address, dest_lat, dest_lng, dest_address, status, distance_km, duration_minutes, price_estimated, price_final, requested_at, accepted_at, started_at, finished_at) VALUES (269, 50, NULL, NULL, 40.40307136, -3.64024001, 'Via Trinidad Roldán 547, Madrid', 40.42140149, -3.62691975, 'Ronda Gabriel Egea 512, Madrid', 'requested', 2.52, NULL, 5.78, NULL, '2026-04-25 18:50:22', NULL, NULL, NULL);
INSERT INTO OFFER (offer_id, trip_id, driver_id, status, sent_at, responded_at) VALUES (785, 269, 14, 'expired', '2026-04-25 18:50:25', NULL);
INSERT INTO OFFER (offer_id, trip_id, driver_id, status, sent_at, responded_at) VALUES (786, 269, 25, 'expired', '2026-04-25 18:50:25', NULL);
INSERT INTO OFFER (offer_id, trip_id, driver_id, status, sent_at, responded_at) VALUES (787, 269, 31, 'expired', '2026-04-25 18:50:24', NULL);
INSERT INTO OFFER (offer_id, trip_id, driver_id, status, sent_at, responded_at) VALUES (788, 269, 42, 'expired', '2026-04-25 18:50:24', NULL);
INSERT INTO OFFER (offer_id, trip_id, driver_id, status, sent_at, responded_at) VALUES (789, 269, 44, 'expired', '2026-04-25 18:50:26', NULL);
INSERT INTO TRIP (trip_id, rider_id, driver_id, vehicle_id, origin_lat, origin_lng, origin_address, dest_lat, dest_lng, dest_address, status, distance_km, duration_minutes, price_estimated, price_final, requested_at, accepted_at, started_at, finished_at) VALUES (270, 7, 39, 39, 40.37574369, -3.73911092, 'Pasadizo de Inés Gras 667, Madrid', 40.4258102, -3.70933016, 'C. Concha Bermúdez 61, Madrid', 'completed', 6.47, 13, 11.71, 12.74, '2026-04-25 18:50:24', '2026-04-25 18:51:58', '2026-04-25 18:57:20', '2026-04-25 19:10:20');
INSERT INTO OFFER (offer_id, trip_id, driver_id, status, sent_at, responded_at) VALUES (790, 270, 39, 'accepted', '2026-04-25 18:50:25', '2026-04-25 18:51:58');
INSERT INTO OFFER (offer_id, trip_id, driver_id, status, sent_at, responded_at) VALUES (791, 270, 23, 'expired', '2026-04-25 18:50:25', NULL);
INSERT INTO OFFER (offer_id, trip_id, driver_id, status, sent_at, responded_at) VALUES (792, 270, 32, 'expired', '2026-04-25 18:50:27', NULL);
INSERT INTO OFFER (offer_id, trip_id, driver_id, status, sent_at, responded_at) VALUES (793, 270, 22, 'expired', '2026-04-25 18:50:29', NULL);
INSERT INTO PAYMENT (payment_id, trip_id, amount, platform_fee, driver_earnings, method, status, paid_at) VALUES (221, 270, 12.74, 2.55, 10.19, 'wallet', 'pending', NULL);

INSERT INTO TRIP (trip_id, rider_id, driver_id, vehicle_id, origin_lat, origin_lng, origin_address, dest_lat, dest_lng, dest_address, status, distance_km, duration_minutes, price_estimated, price_final, requested_at, accepted_at, started_at, finished_at) VALUES (271, 70, 47, 47, 40.38630475, -3.68832795, 'Acceso Isidro Ángel 4, Madrid', 40.42157145, -3.69671013, 'Rambla Aránzazu Murcia 41, Madrid', 'completed', 4.02, 7, 8.03, 8.11, '2026-04-25 18:52:58', '2026-04-25 18:56:36', '2026-04-25 19:00:45', '2026-04-25 19:07:45');
INSERT INTO OFFER (offer_id, trip_id, driver_id, status, sent_at, responded_at) VALUES (794, 271, 47, 'accepted', '2026-04-25 18:52:59', '2026-04-25 18:56:36');
INSERT INTO PAYMENT (payment_id, trip_id, amount, platform_fee, driver_earnings, method, status, paid_at) VALUES (222, 271, 8.11, 1.62, 6.49, 'wallet', 'pending', NULL);
INSERT INTO TRIP (trip_id, rider_id, driver_id, vehicle_id, origin_lat, origin_lng, origin_address, dest_lat, dest_lng, dest_address, status, distance_km, duration_minutes, price_estimated, price_final, requested_at, accepted_at, started_at, finished_at) VALUES (272, 18, 21, 21, 40.48865028, -3.66193234, 'Cuesta Adoración Ibáñez 43 Apt. 59 , Madrid', 40.47266865, -3.678016, 'Cuesta Jessica Lasa 192 Piso 9 , Madrid', 'cancelled', 2.52, NULL, 5.78, NULL, '2026-04-25 18:52:47', '2026-04-25 18:57:01', NULL, NULL);
INSERT INTO OFFER (offer_id, trip_id, driver_id, status, sent_at, responded_at) VALUES (795, 272, 21, 'accepted', '2026-04-25 18:52:50', '2026-04-25 18:57:01');
INSERT INTO OFFER (offer_id, trip_id, driver_id, status, sent_at, responded_at) VALUES (796, 272, 43, 'expired', '2026-04-25 18:52:52', NULL);
INSERT INTO OFFER (offer_id, trip_id, driver_id, status, sent_at, responded_at) VALUES (797, 272, 11, 'expired', '2026-04-25 18:52:48', NULL);
INSERT INTO OFFER (offer_id, trip_id, driver_id, status, sent_at, responded_at) VALUES (798, 272, 39, 'expired', '2026-04-25 18:52:48', NULL);
INSERT INTO OFFER (offer_id, trip_id, driver_id, status, sent_at, responded_at) VALUES (799, 272, 34, 'expired', '2026-04-25 18:52:52', NULL);
INSERT INTO TRIP (trip_id, rider_id, driver_id, vehicle_id, origin_lat, origin_lng, origin_address, dest_lat, dest_lng, dest_address, status, distance_km, duration_minutes, price_estimated, price_final, requested_at, accepted_at, started_at, finished_at) VALUES (273, 68, NULL, NULL, 40.42624145, -3.74529877, 'Cañada Graciana Checa 53 Piso 0 , Madrid', 40.3953194, -3.66999607, 'Paseo de Vito Calleja 60 Piso 8 , Madrid', 'cancelled', 9.04, NULL, 15.56, NULL, '2026-04-25 18:51:10', NULL, NULL, NULL);
INSERT INTO OFFER (offer_id, trip_id, driver_id, status, sent_at, responded_at) VALUES (800, 273, 35, 'expired', '2026-04-25 18:51:14', NULL);
INSERT INTO OFFER (offer_id, trip_id, driver_id, status, sent_at, responded_at) VALUES (801, 273, 10, 'rejected', '2026-04-25 18:51:12', '2026-04-25 18:51:32');
INSERT INTO TRIP (trip_id, rider_id, driver_id, vehicle_id, origin_lat, origin_lng, origin_address, dest_lat, dest_lng, dest_address, status, distance_km, duration_minutes, price_estimated, price_final, requested_at, accepted_at, started_at, finished_at) VALUES (274, 71, 34, 34, 40.44656601, -3.65422742, 'Callejón de Timoteo Carranza 78, Madrid', 40.42766874, -3.61835854, 'Pasadizo de Evelia Talavera 36 Puerta 4 , Madrid', 'completed', 4.5, 13, 8.75, 9.16, '2026-04-25 18:50:14', '2026-04-25 18:52:13', '2026-04-25 18:57:47', '2026-04-25 19:10:47');
INSERT INTO OFFER (offer_id, trip_id, driver_id, status, sent_at, responded_at) VALUES (802, 274, 34, 'accepted', '2026-04-25 18:50:19', '2026-04-25 18:52:13');
INSERT INTO OFFER (offer_id, trip_id, driver_id, status, sent_at, responded_at) VALUES (803, 274, 22, 'expired', '2026-04-25 18:50:17', NULL);
INSERT INTO PAYMENT (payment_id, trip_id, amount, platform_fee, driver_earnings, method, status, paid_at) VALUES (223, 274, 9.16, 1.83, 7.33, 'cash', 'completed', '2026-04-25 19:12:47');
INSERT INTO TRIP (trip_id, rider_id, driver_id, vehicle_id, origin_lat, origin_lng, origin_address, dest_lat, dest_lng, dest_address, status, distance_km, duration_minutes, price_estimated, price_final, requested_at, accepted_at, started_at, finished_at) VALUES (275, 71, 34, 34, 40.43689061, -3.72429282, 'Calle Teobaldo Carballo 73, Madrid', 40.46400145, -3.61439503, 'Cuesta de Carla Canet 94 Piso 7 , Madrid', 'completed', 12.56, 25, 20.84, 21.16, '2026-04-25 18:50:31', '2026-04-25 18:52:21', '2026-04-25 19:00:00', '2026-04-25 19:25:00');
INSERT INTO OFFER (offer_id, trip_id, driver_id, status, sent_at, responded_at) VALUES (804, 275, 34, 'accepted', '2026-04-25 18:50:36', '2026-04-25 18:52:21');
INSERT INTO OFFER (offer_id, trip_id, driver_id, status, sent_at, responded_at) VALUES (805, 275, 23, 'expired', '2026-04-25 18:50:35', NULL);
INSERT INTO PAYMENT (payment_id, trip_id, amount, platform_fee, driver_earnings, method, status, paid_at) VALUES (224, 275, 21.16, 4.23, 16.93, 'card', 'pending', NULL);
INSERT INTO TRIP (trip_id, rider_id, driver_id, vehicle_id, origin_lat, origin_lng, origin_address, dest_lat, dest_lng, dest_address, status, distance_km, duration_minutes, price_estimated, price_final, requested_at, accepted_at, started_at, finished_at) VALUES (276, 17, 4, 4, 40.40269372, -3.65862944, 'C. de Azahara Otero 758 Apt. 23 , Madrid', 40.41531536, -3.70869833, 'Ronda de Odalis Carballo 135 Puerta 4 , Madrid', 'completed', 5.73, 10, 10.6, 11.19, '2026-04-25 18:50:37', '2026-04-25 18:51:44', '2026-04-25 18:54:16', '2026-04-25 19:04:16');
INSERT INTO OFFER (offer_id, trip_id, driver_id, status, sent_at, responded_at) VALUES (806, 276, 4, 'accepted', '2026-04-25 18:50:41', '2026-04-25 18:51:44');
INSERT INTO OFFER (offer_id, trip_id, driver_id, status, sent_at, responded_at) VALUES (807, 276, 16, 'expired', '2026-04-25 18:50:38', NULL);
INSERT INTO PAYMENT (payment_id, trip_id, amount, platform_fee, driver_earnings, method, status, paid_at) VALUES (225, 276, 11.19, 2.24, 8.95, 'cash', 'completed', '2026-04-25 19:07:16');
INSERT INTO TRIP (trip_id, rider_id, driver_id, vehicle_id, origin_lat, origin_lng, origin_address, dest_lat, dest_lng, dest_address, status, distance_km, duration_minutes, price_estimated, price_final, requested_at, accepted_at, started_at, finished_at) VALUES (277, 19, NULL, NULL, 40.43006423, -3.67959548, 'C. Sol Girona 81 Piso 6 , Madrid', 40.48972074, -3.71651211, 'Cañada de Vinicio Peña 48 Puerta 0 , Madrid', 'cancelled', 7.79, NULL, 13.69, NULL, '2026-04-25 18:51:14', NULL, NULL, NULL);
INSERT INTO OFFER (offer_id, trip_id, driver_id, status, sent_at, responded_at) VALUES (808, 277, 29, 'rejected', '2026-04-25 18:51:16', '2026-04-25 18:51:47');
INSERT INTO OFFER (offer_id, trip_id, driver_id, status, sent_at, responded_at) VALUES (809, 277, 40, 'rejected', '2026-04-25 18:51:19', '2026-04-25 18:52:13');
INSERT INTO OFFER (offer_id, trip_id, driver_id, status, sent_at, responded_at) VALUES (810, 277, 2, 'expired', '2026-04-25 18:51:17', NULL);
INSERT INTO OFFER (offer_id, trip_id, driver_id, status, sent_at, responded_at) VALUES (811, 277, 38, 'rejected', '2026-04-25 18:51:17', '2026-04-25 18:51:24');
INSERT INTO OFFER (offer_id, trip_id, driver_id, status, sent_at, responded_at) VALUES (812, 277, 15, 'rejected', '2026-04-25 18:51:17', '2026-04-25 18:51:55');
INSERT INTO TRIP (trip_id, rider_id, driver_id, vehicle_id, origin_lat, origin_lng, origin_address, dest_lat, dest_lng, dest_address, status, distance_km, duration_minutes, price_estimated, price_final, requested_at, accepted_at, started_at, finished_at) VALUES (278, 75, 8, 8, 40.41437651, -3.63412737, 'Urbanización Azeneth Cifuentes 86 Piso 7 , Madrid', 40.41389958, -3.70004138, 'Ronda de Poncio Salgado 45, Madrid', 'completed', 7.32, 19, 12.98, 12.44, '2026-04-25 18:51:43', '2026-04-25 18:54:37', '2026-04-25 19:04:35', '2026-04-25 19:23:35');
INSERT INTO OFFER (offer_id, trip_id, driver_id, status, sent_at, responded_at) VALUES (813, 278, 8, 'accepted', '2026-04-25 18:51:48', '2026-04-25 18:54:37');
INSERT INTO PAYMENT (payment_id, trip_id, amount, platform_fee, driver_earnings, method, status, paid_at) VALUES (226, 278, 12.44, 2.49, 9.95, 'wallet', 'completed', '2026-04-25 19:27:35');
INSERT INTO TRIP (trip_id, rider_id, driver_id, vehicle_id, origin_lat, origin_lng, origin_address, dest_lat, dest_lng, dest_address, status, distance_km, duration_minutes, price_estimated, price_final, requested_at, accepted_at, started_at, finished_at) VALUES (279, 51, 48, 48, 40.42254055, -3.65101916, 'Pasaje Ambrosio Agustín 6 Apt. 00 , Madrid', 40.41755595, -3.68359159, 'Via Dafne Borrego 62 Piso 2 , Madrid', 'completed', 3.66, 10, 7.49, 7.06, '2026-04-25 18:53:02', '2026-04-25 18:57:21', '2026-04-25 19:03:08', '2026-04-25 19:13:08');
INSERT INTO OFFER (offer_id, trip_id, driver_id, status, sent_at, responded_at) VALUES (814, 279, 48, 'accepted', '2026-04-25 18:53:06', '2026-04-25 18:57:21');
INSERT INTO OFFER (offer_id, trip_id, driver_id, status, sent_at, responded_at) VALUES (815, 279, 40, 'rejected', '2026-04-25 18:53:06', '2026-04-25 18:53:52');
INSERT INTO PAYMENT (payment_id, trip_id, amount, platform_fee, driver_earnings, method, status, paid_at) VALUES (227, 279, 7.06, 1.41, 5.65, 'card', 'completed', '2026-04-25 19:15:08');
INSERT INTO TRIP (trip_id, rider_id, driver_id, vehicle_id, origin_lat, origin_lng, origin_address, dest_lat, dest_lng, dest_address, status, distance_km, duration_minutes, price_estimated, price_final, requested_at, accepted_at, started_at, finished_at) VALUES (280, 21, 48, 48, 40.46202525, -3.73841652, 'Rambla de Amancio Otero 20, Madrid', 40.4302925, -3.6653056, 'Via Renato Esparza 8 Apt. 86 , Madrid', 'cancelled', 8.85, NULL, 15.27, NULL, '2026-04-25 18:51:04', '2026-04-25 18:54:14', NULL, NULL);
INSERT INTO OFFER (offer_id, trip_id, driver_id, status, sent_at, responded_at) VALUES (816, 280, 48, 'accepted', '2026-04-25 18:51:07', '2026-04-25 18:54:14');
INSERT INTO OFFER (offer_id, trip_id, driver_id, status, sent_at, responded_at) VALUES (817, 280, 3, 'rejected', '2026-04-25 18:51:05', '2026-04-25 18:51:59');
INSERT INTO OFFER (offer_id, trip_id, driver_id, status, sent_at, responded_at) VALUES (818, 280, 26, 'expired', '2026-04-25 18:51:05', NULL);
INSERT INTO OFFER (offer_id, trip_id, driver_id, status, sent_at, responded_at) VALUES (819, 280, 7, 'expired', '2026-04-25 18:51:08', NULL);

INSERT INTO TRIP (trip_id, rider_id, driver_id, vehicle_id, origin_lat, origin_lng, origin_address, dest_lat, dest_lng, dest_address, status, distance_km, duration_minutes, price_estimated, price_final, requested_at, accepted_at, started_at, finished_at) VALUES (281, 70, 5, 5, 40.39568172, -3.69828123, 'Acceso de Imelda Borrell 93 Puerta 4 , Madrid', 40.43140913, -3.63126698, 'Plaza de Francisco Javier Anaya 68 Apt. 09 , Madrid', 'completed', 8.43, 19, 14.64, 15.91, '2026-04-25 18:50:40', '2026-04-25 18:53:00', '2026-04-25 18:57:58', '2026-04-25 19:16:58');
INSERT INTO OFFER (offer_id, trip_id, driver_id, status, sent_at, responded_at) VALUES (820, 281, 5, 'accepted', '2026-04-25 18:50:42', '2026-04-25 18:53:00');
INSERT INTO OFFER (offer_id, trip_id, driver_id, status, sent_at, responded_at) VALUES (821, 281, 16, 'rejected', '2026-04-25 18:50:43', '2026-04-25 18:51:04');
INSERT INTO OFFER (offer_id, trip_id, driver_id, status, sent_at, responded_at) VALUES (822, 281, 43, 'rejected', '2026-04-25 18:50:42', '2026-04-25 18:51:40');
INSERT INTO OFFER (offer_id, trip_id, driver_id, status, sent_at, responded_at) VALUES (823, 281, 35, 'expired', '2026-04-25 18:50:41', NULL);
INSERT INTO OFFER (offer_id, trip_id, driver_id, status, sent_at, responded_at) VALUES (824, 281, 4, 'rejected', '2026-04-25 18:50:42', '2026-04-25 18:51:36');
INSERT INTO PAYMENT (payment_id, trip_id, amount, platform_fee, driver_earnings, method, status, paid_at) VALUES (228, 281, 15.91, 3.18, 12.73, 'card', 'pending', NULL);
INSERT INTO TRIP (trip_id, rider_id, driver_id, vehicle_id, origin_lat, origin_lng, origin_address, dest_lat, dest_lng, dest_address, status, distance_km, duration_minutes, price_estimated, price_final, requested_at, accepted_at, started_at, finished_at) VALUES (282, 2, 49, 49, 40.39415425, -3.6273302, 'Cuesta de Elisabet Rivas 53 Piso 6 , Madrid', 40.39002284, -3.73542138, 'Urbanización de Maura Rocamora 4, Madrid', 'completed', 12.01, 22, 20.02, 20.25, '2026-04-25 18:52:24', '2026-04-25 18:53:46', '2026-04-25 19:01:48', '2026-04-25 19:23:48');
INSERT INTO OFFER (offer_id, trip_id, driver_id, status, sent_at, responded_at) VALUES (825, 282, 49, 'accepted', '2026-04-25 18:52:25', '2026-04-25 18:53:46');
INSERT INTO OFFER (offer_id, trip_id, driver_id, status, sent_at, responded_at) VALUES (826, 282, 26, 'expired', '2026-04-25 18:52:29', NULL);
INSERT INTO OFFER (offer_id, trip_id, driver_id, status, sent_at, responded_at) VALUES (827, 282, 39, 'rejected', '2026-04-25 18:52:28', '2026-04-25 18:52:45');
INSERT INTO OFFER (offer_id, trip_id, driver_id, status, sent_at, responded_at) VALUES (828, 282, 40, 'rejected', '2026-04-25 18:52:27', '2026-04-25 18:53:04');
INSERT INTO PAYMENT (payment_id, trip_id, amount, platform_fee, driver_earnings, method, status, paid_at) VALUES (229, 282, 20.25, 4.05, 16.2, 'cash', 'pending', NULL);
INSERT INTO TRIP (trip_id, rider_id, driver_id, vehicle_id, origin_lat, origin_lng, origin_address, dest_lat, dest_lng, dest_address, status, distance_km, duration_minutes, price_estimated, price_final, requested_at, accepted_at, started_at, finished_at) VALUES (283, 91, 21, 21, 40.49511161, -3.68910396, 'Avenida Melisa Arana 94 Apt. 46 , Madrid', 40.39911609, -3.66637311, 'Via de Jimena Jaén 68 Piso 0 , Madrid', 'completed', 10.95, 26, 18.42, 19.58, '2026-04-25 18:50:52', '2026-04-25 18:54:57', '2026-04-25 19:01:30', '2026-04-25 19:27:30');
INSERT INTO OFFER (offer_id, trip_id, driver_id, status, sent_at, responded_at) VALUES (829, 283, 21, 'accepted', '2026-04-25 18:50:53', '2026-04-25 18:54:57');
INSERT INTO OFFER (offer_id, trip_id, driver_id, status, sent_at, responded_at) VALUES (830, 283, 49, 'rejected', '2026-04-25 18:50:57', '2026-04-25 18:51:13');
INSERT INTO OFFER (offer_id, trip_id, driver_id, status, sent_at, responded_at) VALUES (831, 283, 40, 'rejected', '2026-04-25 18:50:56', '2026-04-25 18:51:14');
INSERT INTO PAYMENT (payment_id, trip_id, amount, platform_fee, driver_earnings, method, status, paid_at) VALUES (230, 283, 19.58, 3.92, 15.66, 'card', 'completed', '2026-04-25 19:27:30');
INSERT INTO TRIP (trip_id, rider_id, driver_id, vehicle_id, origin_lat, origin_lng, origin_address, dest_lat, dest_lng, dest_address, status, distance_km, duration_minutes, price_estimated, price_final, requested_at, accepted_at, started_at, finished_at) VALUES (284, 100, NULL, NULL, 40.35334466, -3.65101899, 'Plaza Sol Alegre 97, Madrid', 40.39611767, -3.74877798, 'Ronda de Elena Alegre 60 Piso 5 , Madrid', 'cancelled', 11.84, NULL, 19.76, NULL, '2026-04-25 18:51:22', NULL, NULL, NULL);
INSERT INTO OFFER (offer_id, trip_id, driver_id, status, sent_at, responded_at) VALUES (832, 284, 35, 'rejected', '2026-04-25 18:51:24', '2026-04-25 18:52:04');
INSERT INTO OFFER (offer_id, trip_id, driver_id, status, sent_at, responded_at) VALUES (833, 284, 4, 'expired', '2026-04-25 18:51:25', NULL);
INSERT INTO TRIP (trip_id, rider_id, driver_id, vehicle_id, origin_lat, origin_lng, origin_address, dest_lat, dest_lng, dest_address, status, distance_km, duration_minutes, price_estimated, price_final, requested_at, accepted_at, started_at, finished_at) VALUES (285, 87, 4, 4, 40.40045263, -3.64892173, 'Cañada de Amanda Arévalo 91 Apt. 85 , Madrid', 40.48269312, -3.68843816, 'Pasadizo Pastora Noguera 5 Apt. 26 , Madrid', 'completed', 10.13, 23, 17.2, 15.61, '2026-04-25 18:52:27', '2026-04-25 18:55:40', '2026-04-25 18:58:26', '2026-04-25 19:21:26');
INSERT INTO OFFER (offer_id, trip_id, driver_id, status, sent_at, responded_at) VALUES (834, 285, 4, 'accepted', '2026-04-25 18:52:30', '2026-04-25 18:55:40');
INSERT INTO OFFER (offer_id, trip_id, driver_id, status, sent_at, responded_at) VALUES (835, 285, 20, 'expired', '2026-04-25 18:52:32', NULL);
INSERT INTO PAYMENT (payment_id, trip_id, amount, platform_fee, driver_earnings, method, status, paid_at) VALUES (231, 285, 15.61, 3.12, 12.49, 'wallet', 'pending', NULL);
INSERT INTO TRIP (trip_id, rider_id, driver_id, vehicle_id, origin_lat, origin_lng, origin_address, dest_lat, dest_lng, dest_address, status, distance_km, duration_minutes, price_estimated, price_final, requested_at, accepted_at, started_at, finished_at) VALUES (286, 63, NULL, NULL, 40.36550288, -3.6178385, 'Paseo de Albert Sastre 72, Madrid', 40.46133004, -3.73088779, 'Pasaje Morena Ribera 40, Madrid', 'cancelled', 16.45, NULL, 26.67, NULL, '2026-04-25 18:51:39', NULL, NULL, NULL);
INSERT INTO OFFER (offer_id, trip_id, driver_id, status, sent_at, responded_at) VALUES (836, 286, 46, 'rejected', '2026-04-25 18:51:40', '2026-04-25 18:52:38');
INSERT INTO OFFER (offer_id, trip_id, driver_id, status, sent_at, responded_at) VALUES (837, 286, 38, 'rejected', '2026-04-25 18:51:42', '2026-04-25 18:52:15');
INSERT INTO OFFER (offer_id, trip_id, driver_id, status, sent_at, responded_at) VALUES (838, 286, 35, 'expired', '2026-04-25 18:51:44', NULL);
INSERT INTO OFFER (offer_id, trip_id, driver_id, status, sent_at, responded_at) VALUES (839, 286, 37, 'expired', '2026-04-25 18:51:41', NULL);
INSERT INTO TRIP (trip_id, rider_id, driver_id, vehicle_id, origin_lat, origin_lng, origin_address, dest_lat, dest_lng, dest_address, status, distance_km, duration_minutes, price_estimated, price_final, requested_at, accepted_at, started_at, finished_at) VALUES (287, 44, 39, 39, 40.47848628, -3.72493257, 'Avenida Narcisa Valderrama 90 Puerta 1 , Madrid', 40.36068966, -3.71887845, 'Ronda Paloma Alegre 11 Apt. 59 , Madrid', 'completed', 13.09, 29, 21.63, 20.58, '2026-04-25 18:50:51', '2026-04-25 18:51:59', '2026-04-25 19:01:14', '2026-04-25 19:30:14');
INSERT INTO OFFER (offer_id, trip_id, driver_id, status, sent_at, responded_at) VALUES (840, 287, 39, 'accepted', '2026-04-25 18:50:54', '2026-04-25 18:51:59');
INSERT INTO OFFER (offer_id, trip_id, driver_id, status, sent_at, responded_at) VALUES (841, 287, 33, 'rejected', '2026-04-25 18:50:52', '2026-04-25 18:51:07');
INSERT INTO PAYMENT (payment_id, trip_id, amount, platform_fee, driver_earnings, method, status, paid_at) VALUES (232, 287, 20.58, 4.12, 16.46, 'card', 'completed', '2026-04-25 19:35:14');
INSERT INTO TRIP (trip_id, rider_id, driver_id, vehicle_id, origin_lat, origin_lng, origin_address, dest_lat, dest_lng, dest_address, status, distance_km, duration_minutes, price_estimated, price_final, requested_at, accepted_at, started_at, finished_at) VALUES (288, 28, 28, 28, 40.39593248, -3.64592535, 'Avenida Carmen Iriarte 56, Madrid', 40.36344647, -3.64662772, 'Alameda de Primitivo Olivé 7, Madrid', 'completed', 3.61, 11, 7.42, 7.57, '2026-04-25 18:52:17', '2026-04-25 18:53:57', '2026-04-25 19:02:08', '2026-04-25 19:13:08');
INSERT INTO OFFER (offer_id, trip_id, driver_id, status, sent_at, responded_at) VALUES (842, 288, 28, 'accepted', '2026-04-25 18:52:21', '2026-04-25 18:53:57');
INSERT INTO OFFER (offer_id, trip_id, driver_id, status, sent_at, responded_at) VALUES (843, 288, 10, 'expired', '2026-04-25 18:52:18', NULL);
INSERT INTO OFFER (offer_id, trip_id, driver_id, status, sent_at, responded_at) VALUES (844, 288, 4, 'rejected', '2026-04-25 18:52:20', '2026-04-25 18:52:53');
INSERT INTO PAYMENT (payment_id, trip_id, amount, platform_fee, driver_earnings, method, status, paid_at) VALUES (233, 288, 7.57, 1.51, 6.06, 'card', 'completed', '2026-04-25 19:17:08');
INSERT INTO TRIP (trip_id, rider_id, driver_id, vehicle_id, origin_lat, origin_lng, origin_address, dest_lat, dest_lng, dest_address, status, distance_km, duration_minutes, price_estimated, price_final, requested_at, accepted_at, started_at, finished_at) VALUES (289, 3, 24, 24, 40.41211519, -3.71079752, 'Glorieta Pánfilo Herrero 97 Apt. 21 , Madrid', 40.35218383, -3.61271038, 'Via de Eligia Garrido 43, Madrid', 'in_progress', 12.76, NULL, 21.14, NULL, '2026-04-25 18:53:01', '2026-04-25 18:54:46', '2026-04-25 19:00:08', NULL);
INSERT INTO OFFER (offer_id, trip_id, driver_id, status, sent_at, responded_at) VALUES (845, 289, 24, 'accepted', '2026-04-25 18:53:06', '2026-04-25 18:54:46');
INSERT INTO TRIP (trip_id, rider_id, driver_id, vehicle_id, origin_lat, origin_lng, origin_address, dest_lat, dest_lng, dest_address, status, distance_km, duration_minutes, price_estimated, price_final, requested_at, accepted_at, started_at, finished_at) VALUES (290, 90, 19, 19, 40.37288797, -3.67577054, 'Pasadizo Gilberto Páez 36, Madrid', 40.45466459, -3.72901942, 'Callejón Ciro Machado 60 Apt. 64 , Madrid', 'completed', 10.83, 24, 18.25, 16.72, '2026-04-25 18:50:34', '2026-04-25 18:52:16', '2026-04-25 18:57:23', '2026-04-25 19:21:23');
INSERT INTO OFFER (offer_id, trip_id, driver_id, status, sent_at, responded_at) VALUES (846, 290, 19, 'accepted', '2026-04-25 18:50:37', '2026-04-25 18:52:16');
INSERT INTO OFFER (offer_id, trip_id, driver_id, status, sent_at, responded_at) VALUES (847, 290, 49, 'rejected', '2026-04-25 18:50:38', '2026-04-25 18:51:15');
INSERT INTO OFFER (offer_id, trip_id, driver_id, status, sent_at, responded_at) VALUES (848, 290, 9, 'expired', '2026-04-25 18:50:39', NULL);
INSERT INTO OFFER (offer_id, trip_id, driver_id, status, sent_at, responded_at) VALUES (849, 290, 43, 'expired', '2026-04-25 18:50:35', NULL);
INSERT INTO PAYMENT (payment_id, trip_id, amount, platform_fee, driver_earnings, method, status, paid_at) VALUES (234, 290, 16.72, 3.34, 13.38, 'wallet', 'pending', NULL);

INSERT INTO TRIP (trip_id, rider_id, driver_id, vehicle_id, origin_lat, origin_lng, origin_address, dest_lat, dest_lng, dest_address, status, distance_km, duration_minutes, price_estimated, price_final, requested_at, accepted_at, started_at, finished_at) VALUES (291, 64, 27, 27, 40.36798322, -3.73488812, 'Paseo Jaime Vera 884 Puerta 3 , Madrid', 40.40970312, -3.70173428, 'Alameda de Nereida Vilaplana 88, Madrid', 'completed', 5.92, 12, 10.88, 11.66, '2026-04-25 18:52:17', '2026-04-25 18:57:01', '2026-04-25 19:00:44', '2026-04-25 19:12:44');
INSERT INTO OFFER (offer_id, trip_id, driver_id, status, sent_at, responded_at) VALUES (850, 291, 27, 'accepted', '2026-04-25 18:52:18', '2026-04-25 18:57:01');
INSERT INTO OFFER (offer_id, trip_id, driver_id, status, sent_at, responded_at) VALUES (851, 291, 45, 'rejected', '2026-04-25 18:52:20', '2026-04-25 18:53:11');
INSERT INTO OFFER (offer_id, trip_id, driver_id, status, sent_at, responded_at) VALUES (852, 291, 42, 'rejected', '2026-04-25 18:52:18', '2026-04-25 18:52:37');
INSERT INTO PAYMENT (payment_id, trip_id, amount, platform_fee, driver_earnings, method, status, paid_at) VALUES (235, 291, 11.66, 2.33, 9.33, 'card', 'completed', '2026-04-25 19:15:44');
INSERT INTO TRIP (trip_id, rider_id, driver_id, vehicle_id, origin_lat, origin_lng, origin_address, dest_lat, dest_lng, dest_address, status, distance_km, duration_minutes, price_estimated, price_final, requested_at, accepted_at, started_at, finished_at) VALUES (292, 89, NULL, NULL, 40.40537408, -3.71755059, 'Cuesta de José Mari Alcaraz 4, Madrid', 40.45963439, -3.66878285, 'Cañada Eustaquio Carpio 5, Madrid', 'cancelled', 8.1, NULL, 14.15, NULL, '2026-04-25 18:53:11', NULL, NULL, NULL);
INSERT INTO OFFER (offer_id, trip_id, driver_id, status, sent_at, responded_at) VALUES (853, 292, 39, 'rejected', '2026-04-25 18:53:13', '2026-04-25 18:53:23');
INSERT INTO OFFER (offer_id, trip_id, driver_id, status, sent_at, responded_at) VALUES (854, 292, 34, 'expired', '2026-04-25 18:53:12', NULL);
INSERT INTO OFFER (offer_id, trip_id, driver_id, status, sent_at, responded_at) VALUES (855, 292, 28, 'rejected', '2026-04-25 18:53:14', '2026-04-25 18:53:44');
INSERT INTO TRIP (trip_id, rider_id, driver_id, vehicle_id, origin_lat, origin_lng, origin_address, dest_lat, dest_lng, dest_address, status, distance_km, duration_minutes, price_estimated, price_final, requested_at, accepted_at, started_at, finished_at) VALUES (293, 78, 41, 41, 40.44137681, -3.74676613, 'Vial de Juan Antonio Durán 3, Madrid', 40.48182138, -3.68045889, 'Cañada de Isidora Borja 41 Piso 6 , Madrid', 'completed', 8.62, 21, 14.93, 13.49, '2026-04-25 18:51:26', '2026-04-25 18:55:05', '2026-04-25 18:59:12', '2026-04-25 19:20:12');
INSERT INTO OFFER (offer_id, trip_id, driver_id, status, sent_at, responded_at) VALUES (856, 293, 2, 'expired', '2026-04-25 18:51:30', NULL);
INSERT INTO OFFER (offer_id, trip_id, driver_id, status, sent_at, responded_at) VALUES (857, 293, 12, 'expired', '2026-04-25 18:51:30', NULL);
INSERT INTO OFFER (offer_id, trip_id, driver_id, status, sent_at, responded_at) VALUES (858, 293, 5, 'expired', '2026-04-25 18:51:27', NULL);
INSERT INTO OFFER (offer_id, trip_id, driver_id, status, sent_at, responded_at) VALUES (859, 293, 22, 'expired', '2026-04-25 18:51:30', NULL);
INSERT INTO OFFER (offer_id, trip_id, driver_id, status, sent_at, responded_at) VALUES (860, 293, 41, 'accepted', '2026-04-25 18:51:30', '2026-04-25 18:55:05');
INSERT INTO PAYMENT (payment_id, trip_id, amount, platform_fee, driver_earnings, method, status, paid_at) VALUES (236, 293, 13.49, 2.7, 10.79, 'cash', 'completed', '2026-04-25 19:21:12');
INSERT INTO TRIP (trip_id, rider_id, driver_id, vehicle_id, origin_lat, origin_lng, origin_address, dest_lat, dest_lng, dest_address, status, distance_km, duration_minutes, price_estimated, price_final, requested_at, accepted_at, started_at, finished_at) VALUES (294, 44, 33, 33, 40.47938673, -3.71868836, 'Ronda de Juliana Franco 96 Apt. 11 , Madrid', 40.41472218, -3.74706131, 'Plaza Rufino Acevedo 8 Puerta 0 , Madrid', 'completed', 7.84, 14, 13.76, 13.25, '2026-04-25 18:52:16', '2026-04-25 18:56:57', '2026-04-25 18:59:04', '2026-04-25 19:13:04');
INSERT INTO OFFER (offer_id, trip_id, driver_id, status, sent_at, responded_at) VALUES (861, 294, 33, 'accepted', '2026-04-25 18:52:20', '2026-04-25 18:56:57');
INSERT INTO PAYMENT (payment_id, trip_id, amount, platform_fee, driver_earnings, method, status, paid_at) VALUES (237, 294, 13.25, 2.65, 10.6, 'card', 'completed', '2026-04-25 19:16:04');
INSERT INTO TRIP (trip_id, rider_id, driver_id, vehicle_id, origin_lat, origin_lng, origin_address, dest_lat, dest_lng, dest_address, status, distance_km, duration_minutes, price_estimated, price_final, requested_at, accepted_at, started_at, finished_at) VALUES (295, 38, 1, 1, 40.46462084, -3.72110085, 'Vial de Jenaro Rebollo 360 Piso 6 , Madrid', 40.42476337, -3.68382327, 'Ronda de Evaristo Iglesias 96 Apt. 50 , Madrid', 'completed', 6.06, 15, 11.09, 10.82, '2026-04-25 18:52:12', '2026-04-25 18:53:18', '2026-04-25 18:56:49', '2026-04-25 19:11:49');
INSERT INTO OFFER (offer_id, trip_id, driver_id, status, sent_at, responded_at) VALUES (862, 295, 1, 'accepted', '2026-04-25 18:52:17', '2026-04-25 18:53:18');
INSERT INTO OFFER (offer_id, trip_id, driver_id, status, sent_at, responded_at) VALUES (863, 295, 11, 'rejected', '2026-04-25 18:52:15', '2026-04-25 18:52:52');
INSERT INTO OFFER (offer_id, trip_id, driver_id, status, sent_at, responded_at) VALUES (864, 295, 48, 'rejected', '2026-04-25 18:52:17', '2026-04-25 18:53:09');
INSERT INTO PAYMENT (payment_id, trip_id, amount, platform_fee, driver_earnings, method, status, paid_at) VALUES (238, 295, 10.82, 2.16, 8.66, 'cash', 'completed', '2026-04-25 19:13:49');
INSERT INTO TRIP (trip_id, rider_id, driver_id, vehicle_id, origin_lat, origin_lng, origin_address, dest_lat, dest_lng, dest_address, status, distance_km, duration_minutes, price_estimated, price_final, requested_at, accepted_at, started_at, finished_at) VALUES (296, 49, 23, 23, 40.44602133, -3.69775002, 'Rambla Priscila Céspedes 37, Madrid', 40.42353824, -3.70190523, 'Vial de Joaquín Corral 419 Puerta 4 , Madrid', 'completed', 2.54, 4, 5.81, 6.36, '2026-04-25 18:50:45', '2026-04-25 18:52:21', '2026-04-25 19:01:13', '2026-04-25 19:05:13');
INSERT INTO OFFER (offer_id, trip_id, driver_id, status, sent_at, responded_at) VALUES (865, 296, 23, 'accepted', '2026-04-25 18:50:46', '2026-04-25 18:52:21');
INSERT INTO PAYMENT (payment_id, trip_id, amount, platform_fee, driver_earnings, method, status, paid_at) VALUES (239, 296, 6.36, 1.27, 5.09, 'card', 'pending', NULL);
INSERT INTO TRIP (trip_id, rider_id, driver_id, vehicle_id, origin_lat, origin_lng, origin_address, dest_lat, dest_lng, dest_address, status, distance_km, duration_minutes, price_estimated, price_final, requested_at, accepted_at, started_at, finished_at) VALUES (297, 62, 27, 27, 40.36294415, -3.70257444, 'Glorieta Selena Trillo 9 Puerta 2 , Madrid', 40.42710145, -3.6077515, 'Pasaje Eulalia Rosado 3 Apt. 21 , Madrid', 'completed', 12.71, 30, 21.07, 20.95, '2026-04-25 18:52:14', '2026-04-25 18:53:50', '2026-04-25 19:01:56', '2026-04-25 19:31:56');
INSERT INTO OFFER (offer_id, trip_id, driver_id, status, sent_at, responded_at) VALUES (866, 297, 27, 'accepted', '2026-04-25 18:52:18', '2026-04-25 18:53:50');
INSERT INTO OFFER (offer_id, trip_id, driver_id, status, sent_at, responded_at) VALUES (867, 297, 47, 'expired', '2026-04-25 18:52:19', NULL);
INSERT INTO OFFER (offer_id, trip_id, driver_id, status, sent_at, responded_at) VALUES (868, 297, 44, 'expired', '2026-04-25 18:52:16', NULL);
INSERT INTO OFFER (offer_id, trip_id, driver_id, status, sent_at, responded_at) VALUES (869, 297, 36, 'rejected', '2026-04-25 18:52:19', '2026-04-25 18:52:37');
INSERT INTO OFFER (offer_id, trip_id, driver_id, status, sent_at, responded_at) VALUES (870, 297, 29, 'expired', '2026-04-25 18:52:17', NULL);
INSERT INTO PAYMENT (payment_id, trip_id, amount, platform_fee, driver_earnings, method, status, paid_at) VALUES (240, 297, 20.95, 4.19, 16.76, 'wallet', 'pending', NULL);
INSERT INTO TRIP (trip_id, rider_id, driver_id, vehicle_id, origin_lat, origin_lng, origin_address, dest_lat, dest_lng, dest_address, status, distance_km, duration_minutes, price_estimated, price_final, requested_at, accepted_at, started_at, finished_at) VALUES (298, 85, 36, 36, 40.43361596, -3.70095106, 'Pasadizo Isa Figueras 565 Piso 2 , Madrid', 40.38304301, -3.67479704, 'Pasadizo Filomena Fuster 60 Apt. 36 , Madrid', 'completed', 6.32, 10, 11.48, 11.02, '2026-04-25 18:53:00', '2026-04-25 18:56:15', '2026-04-25 19:04:11', '2026-04-25 19:14:11');
INSERT INTO OFFER (offer_id, trip_id, driver_id, status, sent_at, responded_at) VALUES (871, 298, 36, 'accepted', '2026-04-25 18:53:01', '2026-04-25 18:56:15');
INSERT INTO OFFER (offer_id, trip_id, driver_id, status, sent_at, responded_at) VALUES (872, 298, 24, 'expired', '2026-04-25 18:53:03', NULL);
INSERT INTO PAYMENT (payment_id, trip_id, amount, platform_fee, driver_earnings, method, status, paid_at) VALUES (241, 298, 11.02, 2.2, 8.82, 'cash', 'completed', '2026-04-25 19:16:11');
INSERT INTO TRIP (trip_id, rider_id, driver_id, vehicle_id, origin_lat, origin_lng, origin_address, dest_lat, dest_lng, dest_address, status, distance_km, duration_minutes, price_estimated, price_final, requested_at, accepted_at, started_at, finished_at) VALUES (299, 76, 3, 3, 40.36474063, -3.60123004, 'Avenida de Ciríaco Manjón 80, Madrid', 40.43874812, -3.63351448, 'Vial Camila Acosta 7 Piso 4 , Madrid', 'completed', 8.96, 18, 15.44, 14.4, '2026-04-25 18:50:29', '2026-04-25 18:53:01', '2026-04-25 19:02:12', '2026-04-25 19:20:12');
INSERT INTO OFFER (offer_id, trip_id, driver_id, status, sent_at, responded_at) VALUES (873, 299, 3, 'accepted', '2026-04-25 18:50:30', '2026-04-25 18:53:01');
INSERT INTO PAYMENT (payment_id, trip_id, amount, platform_fee, driver_earnings, method, status, paid_at) VALUES (242, 299, 14.4, 2.88, 11.52, 'cash', 'completed', '2026-04-25 19:22:12');
INSERT INTO TRIP (trip_id, rider_id, driver_id, vehicle_id, origin_lat, origin_lng, origin_address, dest_lat, dest_lng, dest_address, status, distance_km, duration_minutes, price_estimated, price_final, requested_at, accepted_at, started_at, finished_at) VALUES (300, 93, 42, 42, 40.46628856, -3.6767373, 'Callejón de Modesto Rovira 5 Puerta 9 , Madrid', 40.39666762, -3.73529918, 'Pasadizo Fidel Girón 72 Puerta 9 , Madrid', 'completed', 10.1, 24, 17.15, 17.82, '2026-04-25 18:52:16', '2026-04-25 18:56:30', '2026-04-25 19:02:16', '2026-04-25 19:26:16');
INSERT INTO OFFER (offer_id, trip_id, driver_id, status, sent_at, responded_at) VALUES (874, 300, 42, 'accepted', '2026-04-25 18:52:18', '2026-04-25 18:56:30');
INSERT INTO PAYMENT (payment_id, trip_id, amount, platform_fee, driver_earnings, method, status, paid_at) VALUES (243, 300, 17.82, 3.56, 14.26, 'wallet', 'pending', NULL);

INSERT INTO TRIP (trip_id, rider_id, driver_id, vehicle_id, origin_lat, origin_lng, origin_address, dest_lat, dest_lng, dest_address, status, distance_km, duration_minutes, price_estimated, price_final, requested_at, accepted_at, started_at, finished_at) VALUES (301, 12, 45, 45, 40.49935061, -3.64635088, 'C. de Maristela Adán 425, Madrid', 40.41407691, -3.62876057, 'Camino Desiderio Quevedo 12, Madrid', 'completed', 9.66, 24, 16.49, 17.57, '2026-04-25 18:52:54', '2026-04-25 18:57:48', '2026-04-25 19:07:42', '2026-04-25 19:31:42');
INSERT INTO OFFER (offer_id, trip_id, driver_id, status, sent_at, responded_at) VALUES (875, 301, 45, 'accepted', '2026-04-25 18:52:57', '2026-04-25 18:57:48');
INSERT INTO OFFER (offer_id, trip_id, driver_id, status, sent_at, responded_at) VALUES (876, 301, 16, 'rejected', '2026-04-25 18:52:59', '2026-04-25 18:53:08');
INSERT INTO OFFER (offer_id, trip_id, driver_id, status, sent_at, responded_at) VALUES (877, 301, 3, 'rejected', '2026-04-25 18:52:59', '2026-04-25 18:53:04');
INSERT INTO OFFER (offer_id, trip_id, driver_id, status, sent_at, responded_at) VALUES (878, 301, 28, 'rejected', '2026-04-25 18:52:57', '2026-04-25 18:53:04');
INSERT INTO PAYMENT (payment_id, trip_id, amount, platform_fee, driver_earnings, method, status, paid_at) VALUES (244, 301, 17.57, 3.51, 14.06, 'card', 'completed', '2026-04-25 19:31:42');
INSERT INTO TRIP (trip_id, rider_id, driver_id, vehicle_id, origin_lat, origin_lng, origin_address, dest_lat, dest_lng, dest_address, status, distance_km, duration_minutes, price_estimated, price_final, requested_at, accepted_at, started_at, finished_at) VALUES (302, 18, 29, 29, 40.4226066, -3.63328556, 'Vial Olimpia Ángel 90, Madrid', 40.43390984, -3.61989971, 'Pasadizo de María Manuela Lopez 503 Piso 5 , Madrid', 'completed', 1.94, 7, 4.91, 4.62, '2026-04-25 18:50:46', '2026-04-25 18:52:38', '2026-04-25 19:02:35', '2026-04-25 19:09:35');
INSERT INTO OFFER (offer_id, trip_id, driver_id, status, sent_at, responded_at) VALUES (879, 302, 29, 'accepted', '2026-04-25 18:50:50', '2026-04-25 18:52:38');
INSERT INTO OFFER (offer_id, trip_id, driver_id, status, sent_at, responded_at) VALUES (880, 302, 38, 'rejected', '2026-04-25 18:50:49', '2026-04-25 18:51:13');
INSERT INTO OFFER (offer_id, trip_id, driver_id, status, sent_at, responded_at) VALUES (881, 302, 26, 'rejected', '2026-04-25 18:50:48', '2026-04-25 18:51:05');
INSERT INTO OFFER (offer_id, trip_id, driver_id, status, sent_at, responded_at) VALUES (882, 302, 43, 'expired', '2026-04-25 18:50:49', NULL);
INSERT INTO PAYMENT (payment_id, trip_id, amount, platform_fee, driver_earnings, method, status, paid_at) VALUES (245, 302, 4.62, 0.92, 3.7, 'card', 'completed', '2026-04-25 19:11:35');
INSERT INTO TRIP (trip_id, rider_id, driver_id, vehicle_id, origin_lat, origin_lng, origin_address, dest_lat, dest_lng, dest_address, status, distance_km, duration_minutes, price_estimated, price_final, requested_at, accepted_at, started_at, finished_at) VALUES (303, 8, 46, 46, 40.45390984, -3.61456787, 'Pasadizo de Olegario Tamayo 955, Madrid', 40.42678548, -3.64678007, 'Paseo Rebeca Sierra 92, Madrid', 'completed', 4.67, 8, 9.0, 9.15, '2026-04-25 18:53:04', '2026-04-25 18:55:24', '2026-04-25 19:01:44', '2026-04-25 19:09:44');
INSERT INTO OFFER (offer_id, trip_id, driver_id, status, sent_at, responded_at) VALUES (883, 303, 46, 'accepted', '2026-04-25 18:53:05', '2026-04-25 18:55:24');
INSERT INTO OFFER (offer_id, trip_id, driver_id, status, sent_at, responded_at) VALUES (884, 303, 8, 'expired', '2026-04-25 18:53:07', NULL);
INSERT INTO OFFER (offer_id, trip_id, driver_id, status, sent_at, responded_at) VALUES (885, 303, 50, 'expired', '2026-04-25 18:53:08', NULL);
INSERT INTO PAYMENT (payment_id, trip_id, amount, platform_fee, driver_earnings, method, status, paid_at) VALUES (246, 303, 9.15, 1.83, 7.32, 'wallet', 'completed', '2026-04-25 19:09:44');
INSERT INTO TRIP (trip_id, rider_id, driver_id, vehicle_id, origin_lat, origin_lng, origin_address, dest_lat, dest_lng, dest_address, status, distance_km, duration_minutes, price_estimated, price_final, requested_at, accepted_at, started_at, finished_at) VALUES (304, 44, 20, 20, 40.37621157, -3.73089148, 'Alameda Berto Bárcena 8, Madrid', 40.47614959, -3.68468773, 'Plaza de Danilo Chaparro 8 Puerta 9 , Madrid', 'completed', 12.22, 24, 20.33, 20.16, '2026-04-25 18:50:55', '2026-04-25 18:55:21', '2026-04-25 19:02:48', '2026-04-25 19:26:48');
INSERT INTO OFFER (offer_id, trip_id, driver_id, status, sent_at, responded_at) VALUES (886, 304, 20, 'accepted', '2026-04-25 18:50:57', '2026-04-25 18:55:21');
INSERT INTO OFFER (offer_id, trip_id, driver_id, status, sent_at, responded_at) VALUES (887, 304, 7, 'expired', '2026-04-25 18:50:57', NULL);
INSERT INTO OFFER (offer_id, trip_id, driver_id, status, sent_at, responded_at) VALUES (888, 304, 18, 'expired', '2026-04-25 18:50:57', NULL);
INSERT INTO PAYMENT (payment_id, trip_id, amount, platform_fee, driver_earnings, method, status, paid_at) VALUES (247, 304, 20.16, 4.03, 16.13, 'card', 'pending', NULL);
INSERT INTO TRIP (trip_id, rider_id, driver_id, vehicle_id, origin_lat, origin_lng, origin_address, dest_lat, dest_lng, dest_address, status, distance_km, duration_minutes, price_estimated, price_final, requested_at, accepted_at, started_at, finished_at) VALUES (305, 43, 23, 23, 40.4592856, -3.67560408, 'Vial Joel Ferrández 1, Madrid', 40.42100527, -3.7296096, 'Pasaje Febe Rodrigo 53 Piso 5 , Madrid', 'in_progress', 7.35, NULL, 13.02, NULL, '2026-04-25 18:50:22', '2026-04-25 18:53:30', '2026-04-25 19:02:39', NULL);
INSERT INTO OFFER (offer_id, trip_id, driver_id, status, sent_at, responded_at) VALUES (889, 305, 23, 'accepted', '2026-04-25 18:50:25', '2026-04-25 18:53:30');
INSERT INTO TRIP (trip_id, rider_id, driver_id, vehicle_id, origin_lat, origin_lng, origin_address, dest_lat, dest_lng, dest_address, status, distance_km, duration_minutes, price_estimated, price_final, requested_at, accepted_at, started_at, finished_at) VALUES (306, 58, 15, 15, 40.37291871, -3.7127821, 'Glorieta de Custodio España 25, Madrid', 40.39216937, -3.67291748, 'Acceso de Felix Naranjo 334 Piso 8 , Madrid', 'completed', 4.91, 14, 9.37, 9.25, '2026-04-25 18:51:58', '2026-04-25 18:55:35', '2026-04-25 18:58:38', '2026-04-25 19:12:38');
INSERT INTO OFFER (offer_id, trip_id, driver_id, status, sent_at, responded_at) VALUES (890, 306, 15, 'accepted', '2026-04-25 18:52:03', '2026-04-25 18:55:35');
INSERT INTO OFFER (offer_id, trip_id, driver_id, status, sent_at, responded_at) VALUES (891, 306, 42, 'rejected', '2026-04-25 18:52:01', '2026-04-25 18:52:31');
INSERT INTO OFFER (offer_id, trip_id, driver_id, status, sent_at, responded_at) VALUES (892, 306, 9, 'expired', '2026-04-25 18:52:02', NULL);
INSERT INTO OFFER (offer_id, trip_id, driver_id, status, sent_at, responded_at) VALUES (893, 306, 26, 'expired', '2026-04-25 18:52:03', NULL);
INSERT INTO OFFER (offer_id, trip_id, driver_id, status, sent_at, responded_at) VALUES (894, 306, 34, 'expired', '2026-04-25 18:52:02', NULL);
INSERT INTO PAYMENT (payment_id, trip_id, amount, platform_fee, driver_earnings, method, status, paid_at) VALUES (248, 306, 9.25, 1.85, 7.4, 'card', 'pending', NULL);
INSERT INTO TRIP (trip_id, rider_id, driver_id, vehicle_id, origin_lat, origin_lng, origin_address, dest_lat, dest_lng, dest_address, status, distance_km, duration_minutes, price_estimated, price_final, requested_at, accepted_at, started_at, finished_at) VALUES (307, 60, NULL, NULL, 40.37751263, -3.63845558, 'Glorieta Leonardo Echevarría 62, Madrid', 40.46976478, -3.71008552, 'Rambla Delia Palacios 25, Madrid', 'cancelled', 12.96, NULL, 21.44, NULL, '2026-04-25 18:52:24', NULL, NULL, NULL);
INSERT INTO OFFER (offer_id, trip_id, driver_id, status, sent_at, responded_at) VALUES (895, 307, 15, 'rejected', '2026-04-25 18:52:28', '2026-04-25 18:52:49');
INSERT INTO OFFER (offer_id, trip_id, driver_id, status, sent_at, responded_at) VALUES (896, 307, 39, 'expired', '2026-04-25 18:52:28', NULL);
INSERT INTO OFFER (offer_id, trip_id, driver_id, status, sent_at, responded_at) VALUES (897, 307, 2, 'rejected', '2026-04-25 18:52:25', '2026-04-25 18:52:44');
INSERT INTO OFFER (offer_id, trip_id, driver_id, status, sent_at, responded_at) VALUES (898, 307, 30, 'rejected', '2026-04-25 18:52:25', '2026-04-25 18:53:12');
INSERT INTO OFFER (offer_id, trip_id, driver_id, status, sent_at, responded_at) VALUES (899, 307, 8, 'expired', '2026-04-25 18:52:27', NULL);
INSERT INTO TRIP (trip_id, rider_id, driver_id, vehicle_id, origin_lat, origin_lng, origin_address, dest_lat, dest_lng, dest_address, status, distance_km, duration_minutes, price_estimated, price_final, requested_at, accepted_at, started_at, finished_at) VALUES (308, 81, 22, 22, 40.38204212, -3.73097773, 'Urbanización de Luis Ángel Pinilla 807 Puerta 4 , Madrid', 40.47691762, -3.66928702, 'Ronda de Nilda Raya 89 Piso 1 , Madrid', 'completed', 12.56, 27, 20.84, 22.18, '2026-04-25 18:50:52', '2026-04-25 18:53:27', '2026-04-25 18:56:15', '2026-04-25 19:23:15');
INSERT INTO OFFER (offer_id, trip_id, driver_id, status, sent_at, responded_at) VALUES (900, 308, 22, 'accepted', '2026-04-25 18:50:55', '2026-04-25 18:53:27');
INSERT INTO OFFER (offer_id, trip_id, driver_id, status, sent_at, responded_at) VALUES (901, 308, 10, 'rejected', '2026-04-25 18:50:53', '2026-04-25 18:51:29');
INSERT INTO OFFER (offer_id, trip_id, driver_id, status, sent_at, responded_at) VALUES (902, 308, 3, 'expired', '2026-04-25 18:50:55', NULL);
INSERT INTO OFFER (offer_id, trip_id, driver_id, status, sent_at, responded_at) VALUES (903, 308, 6, 'expired', '2026-04-25 18:50:55', NULL);
INSERT INTO PAYMENT (payment_id, trip_id, amount, platform_fee, driver_earnings, method, status, paid_at) VALUES (249, 308, 22.18, 4.44, 17.74, 'cash', 'completed', '2026-04-25 19:27:15');
INSERT INTO TRIP (trip_id, rider_id, driver_id, vehicle_id, origin_lat, origin_lng, origin_address, dest_lat, dest_lng, dest_address, status, distance_km, duration_minutes, price_estimated, price_final, requested_at, accepted_at, started_at, finished_at) VALUES (309, 30, 7, 7, 40.45031438, -3.68360493, 'Acceso Gala Gibert 9, Madrid', 40.43985747, -3.7447021, 'Calle de Daniel Querol 312 Puerta 4 , Madrid', 'completed', 6.88, 17, 12.32, 12.45, '2026-04-25 18:53:01', '2026-04-25 18:54:52', '2026-04-25 19:03:25', '2026-04-25 19:20:25');
INSERT INTO OFFER (offer_id, trip_id, driver_id, status, sent_at, responded_at) VALUES (904, 309, 7, 'accepted', '2026-04-25 18:53:05', '2026-04-25 18:54:52');
INSERT INTO OFFER (offer_id, trip_id, driver_id, status, sent_at, responded_at) VALUES (905, 309, 21, 'expired', '2026-04-25 18:53:05', NULL);
INSERT INTO OFFER (offer_id, trip_id, driver_id, status, sent_at, responded_at) VALUES (906, 309, 11, 'rejected', '2026-04-25 18:53:03', '2026-04-25 18:53:40');
INSERT INTO OFFER (offer_id, trip_id, driver_id, status, sent_at, responded_at) VALUES (907, 309, 17, 'expired', '2026-04-25 18:53:04', NULL);
INSERT INTO PAYMENT (payment_id, trip_id, amount, platform_fee, driver_earnings, method, status, paid_at) VALUES (250, 309, 12.45, 2.49, 9.96, 'cash', 'completed', '2026-04-25 19:23:25');
INSERT INTO TRIP (trip_id, rider_id, driver_id, vehicle_id, origin_lat, origin_lng, origin_address, dest_lat, dest_lng, dest_address, status, distance_km, duration_minutes, price_estimated, price_final, requested_at, accepted_at, started_at, finished_at) VALUES (310, 65, 15, 15, 40.48969554, -3.73645832, 'Alameda Fortunato Exposito 52 Puerta 0 , Madrid', 40.36400824, -3.69672075, 'C. Poncio Luque 8, Madrid', 'completed', 14.63, 28, 23.95, 25.19, '2026-04-25 18:52:07', '2026-04-25 18:54:37', '2026-04-25 18:57:01', '2026-04-25 19:25:01');
INSERT INTO OFFER (offer_id, trip_id, driver_id, status, sent_at, responded_at) VALUES (908, 310, 15, 'accepted', '2026-04-25 18:52:10', '2026-04-25 18:54:37');
INSERT INTO OFFER (offer_id, trip_id, driver_id, status, sent_at, responded_at) VALUES (909, 310, 26, 'rejected', '2026-04-25 18:52:09', '2026-04-25 18:52:18');
INSERT INTO OFFER (offer_id, trip_id, driver_id, status, sent_at, responded_at) VALUES (910, 310, 37, 'expired', '2026-04-25 18:52:09', NULL);
INSERT INTO PAYMENT (payment_id, trip_id, amount, platform_fee, driver_earnings, method, status, paid_at) VALUES (251, 310, 25.19, 5.04, 20.15, 'wallet', 'completed', '2026-04-25 19:26:01');

INSERT INTO TRIP (trip_id, rider_id, driver_id, vehicle_id, origin_lat, origin_lng, origin_address, dest_lat, dest_lng, dest_address, status, distance_km, duration_minutes, price_estimated, price_final, requested_at, accepted_at, started_at, finished_at) VALUES (311, 31, NULL, NULL, 40.43556568, -3.7360682, 'Cañada Ángeles Feliu 5, Madrid', 40.41587877, -3.72638139, 'Calle de Nazario Miralles 92 Piso 2 , Madrid', 'requested', 2.44, NULL, 5.66, NULL, '2026-04-25 18:51:30', NULL, NULL, NULL);
INSERT INTO OFFER (offer_id, trip_id, driver_id, status, sent_at, responded_at) VALUES (911, 311, 4, 'expired', '2026-04-25 18:51:34', NULL);
INSERT INTO OFFER (offer_id, trip_id, driver_id, status, sent_at, responded_at) VALUES (912, 311, 24, 'rejected', '2026-04-25 18:51:34', '2026-04-25 18:52:16');
INSERT INTO TRIP (trip_id, rider_id, driver_id, vehicle_id, origin_lat, origin_lng, origin_address, dest_lat, dest_lng, dest_address, status, distance_km, duration_minutes, price_estimated, price_final, requested_at, accepted_at, started_at, finished_at) VALUES (312, 47, 49, 49, 40.4398554, -3.66091115, 'Cañada de Francisco Sotelo 83 Apt. 16 , Madrid', 40.4691799, -3.65721447, 'Paseo Morena Requena 89 Puerta 2 , Madrid', 'completed', 3.28, 9, 6.92, 6.99, '2026-04-25 18:51:45', '2026-04-25 18:53:46', '2026-04-25 18:59:25', '2026-04-25 19:08:25');
INSERT INTO OFFER (offer_id, trip_id, driver_id, status, sent_at, responded_at) VALUES (913, 312, 49, 'accepted', '2026-04-25 18:51:48', '2026-04-25 18:53:46');
INSERT INTO OFFER (offer_id, trip_id, driver_id, status, sent_at, responded_at) VALUES (914, 312, 30, 'rejected', '2026-04-25 18:51:50', '2026-04-25 18:52:45');
INSERT INTO PAYMENT (payment_id, trip_id, amount, platform_fee, driver_earnings, method, status, paid_at) VALUES (252, 312, 6.99, 1.4, 5.59, 'wallet', 'completed', '2026-04-25 19:12:25');
INSERT INTO TRIP (trip_id, rider_id, driver_id, vehicle_id, origin_lat, origin_lng, origin_address, dest_lat, dest_lng, dest_address, status, distance_km, duration_minutes, price_estimated, price_final, requested_at, accepted_at, started_at, finished_at) VALUES (313, 3, 43, 43, 40.36553077, -3.71450774, 'Ronda de José Antonio Perez 99, Madrid', 40.46998552, -3.72769662, 'Rambla de Úrsula Olmedo 78, Madrid', 'completed', 11.69, 26, 19.54, 18.66, '2026-04-25 18:51:00', '2026-04-25 18:53:07', '2026-04-25 19:00:54', '2026-04-25 19:26:54');
INSERT INTO OFFER (offer_id, trip_id, driver_id, status, sent_at, responded_at) VALUES (915, 313, 43, 'accepted', '2026-04-25 18:51:04', '2026-04-25 18:53:07');
INSERT INTO OFFER (offer_id, trip_id, driver_id, status, sent_at, responded_at) VALUES (916, 313, 47, 'expired', '2026-04-25 18:51:02', NULL);
INSERT INTO PAYMENT (payment_id, trip_id, amount, platform_fee, driver_earnings, method, status, paid_at) VALUES (253, 313, 18.66, 3.73, 14.93, 'card', 'pending', NULL);
INSERT INTO TRIP (trip_id, rider_id, driver_id, vehicle_id, origin_lat, origin_lng, origin_address, dest_lat, dest_lng, dest_address, status, distance_km, duration_minutes, price_estimated, price_final, requested_at, accepted_at, started_at, finished_at) VALUES (314, 78, NULL, NULL, 40.42225493, -3.64123265, 'Glorieta Alejo Nogués 99, Madrid', 40.35573938, -3.64100237, 'Camino Pacífica Sedano 6 Puerta 4 , Madrid', 'cancelled', 7.38, NULL, 13.07, NULL, '2026-04-25 18:51:20', NULL, NULL, NULL);
INSERT INTO OFFER (offer_id, trip_id, driver_id, status, sent_at, responded_at) VALUES (917, 314, 45, 'expired', '2026-04-25 18:51:22', NULL);
INSERT INTO OFFER (offer_id, trip_id, driver_id, status, sent_at, responded_at) VALUES (918, 314, 48, 'rejected', '2026-04-25 18:51:21', '2026-04-25 18:51:40');
INSERT INTO OFFER (offer_id, trip_id, driver_id, status, sent_at, responded_at) VALUES (919, 314, 44, 'expired', '2026-04-25 18:51:22', NULL);
INSERT INTO OFFER (offer_id, trip_id, driver_id, status, sent_at, responded_at) VALUES (920, 314, 4, 'rejected', '2026-04-25 18:51:24', '2026-04-25 18:52:04');
INSERT INTO OFFER (offer_id, trip_id, driver_id, status, sent_at, responded_at) VALUES (921, 314, 47, 'expired', '2026-04-25 18:51:23', NULL);
INSERT INTO TRIP (trip_id, rider_id, driver_id, vehicle_id, origin_lat, origin_lng, origin_address, dest_lat, dest_lng, dest_address, status, distance_km, duration_minutes, price_estimated, price_final, requested_at, accepted_at, started_at, finished_at) VALUES (315, 66, 3, 3, 40.45704787, -3.69334658, 'Urbanización de Crescencia Otero 69 Puerta 3 , Madrid', 40.45525685, -3.70488799, 'Via de Isaías Boix 21, Madrid', 'completed', 1.3, 5, 3.95, 3.87, '2026-04-25 18:50:25', '2026-04-25 18:52:12', '2026-04-25 18:55:07', '2026-04-25 19:00:07');
INSERT INTO OFFER (offer_id, trip_id, driver_id, status, sent_at, responded_at) VALUES (922, 315, 3, 'accepted', '2026-04-25 18:50:30', '2026-04-25 18:52:12');
INSERT INTO PAYMENT (payment_id, trip_id, amount, platform_fee, driver_earnings, method, status, paid_at) VALUES (254, 315, 3.87, 0.77, 3.1, 'card', 'completed', '2026-04-25 19:00:07');
INSERT INTO TRIP (trip_id, rider_id, driver_id, vehicle_id, origin_lat, origin_lng, origin_address, dest_lat, dest_lng, dest_address, status, distance_km, duration_minutes, price_estimated, price_final, requested_at, accepted_at, started_at, finished_at) VALUES (316, 66, 49, 49, 40.35541186, -3.68509991, 'Pasadizo de Valero Capdevila 49, Madrid', 40.43709684, -3.70266506, 'Rambla de Juan Pablo Puig 9 Puerta 4 , Madrid', 'completed', 9.27, 23, 15.9, 16.93, '2026-04-25 18:51:36', '2026-04-25 18:56:01', '2026-04-25 19:03:16', '2026-04-25 19:26:16');
INSERT INTO OFFER (offer_id, trip_id, driver_id, status, sent_at, responded_at) VALUES (923, 316, 49, 'accepted', '2026-04-25 18:51:39', '2026-04-25 18:56:01');
INSERT INTO OFFER (offer_id, trip_id, driver_id, status, sent_at, responded_at) VALUES (924, 316, 34, 'rejected', '2026-04-25 18:51:38', '2026-04-25 18:52:18');
INSERT INTO OFFER (offer_id, trip_id, driver_id, status, sent_at, responded_at) VALUES (925, 316, 26, 'rejected', '2026-04-25 18:51:40', '2026-04-25 18:51:56');
INSERT INTO OFFER (offer_id, trip_id, driver_id, status, sent_at, responded_at) VALUES (926, 316, 11, 'expired', '2026-04-25 18:51:37', NULL);
INSERT INTO PAYMENT (payment_id, trip_id, amount, platform_fee, driver_earnings, method, status, paid_at) VALUES (255, 316, 16.93, 3.39, 13.54, 'card', 'completed', '2026-04-25 19:31:16');
INSERT INTO TRIP (trip_id, rider_id, driver_id, vehicle_id, origin_lat, origin_lng, origin_address, dest_lat, dest_lng, dest_address, status, distance_km, duration_minutes, price_estimated, price_final, requested_at, accepted_at, started_at, finished_at) VALUES (317, 58, NULL, NULL, 40.4058123, -3.60344158, 'Plaza de Maite Miró 619, Madrid', 40.47961926, -3.63266899, 'Cuesta Flora Uriarte 31, Madrid', 'requested', 8.81, NULL, 15.21, NULL, '2026-04-25 18:51:42', NULL, NULL, NULL);
INSERT INTO OFFER (offer_id, trip_id, driver_id, status, sent_at, responded_at) VALUES (927, 317, 46, 'rejected', '2026-04-25 18:51:44', '2026-04-25 18:52:40');
INSERT INTO TRIP (trip_id, rider_id, driver_id, vehicle_id, origin_lat, origin_lng, origin_address, dest_lat, dest_lng, dest_address, status, distance_km, duration_minutes, price_estimated, price_final, requested_at, accepted_at, started_at, finished_at) VALUES (318, 63, 30, 30, 40.45188522, -3.74719044, 'Callejón Felix Cañas 84, Madrid', 40.42513581, -3.66454714, 'Avenida de Guadalupe Olivares 62 Apt. 37 , Madrid', 'completed', 9.64, 20, 16.46, 15.75, '2026-04-25 18:51:12', '2026-04-25 18:52:40', '2026-04-25 18:59:17', '2026-04-25 19:19:17');
INSERT INTO OFFER (offer_id, trip_id, driver_id, status, sent_at, responded_at) VALUES (928, 318, 30, 'accepted', '2026-04-25 18:51:15', '2026-04-25 18:52:40');
INSERT INTO OFFER (offer_id, trip_id, driver_id, status, sent_at, responded_at) VALUES (929, 318, 46, 'rejected', '2026-04-25 18:51:17', '2026-04-25 18:51:55');
INSERT INTO OFFER (offer_id, trip_id, driver_id, status, sent_at, responded_at) VALUES (930, 318, 24, 'expired', '2026-04-25 18:51:17', NULL);
INSERT INTO OFFER (offer_id, trip_id, driver_id, status, sent_at, responded_at) VALUES (931, 318, 16, 'rejected', '2026-04-25 18:51:17', '2026-04-25 18:51:28');
INSERT INTO OFFER (offer_id, trip_id, driver_id, status, sent_at, responded_at) VALUES (932, 318, 2, 'expired', '2026-04-25 18:51:15', NULL);
INSERT INTO PAYMENT (payment_id, trip_id, amount, platform_fee, driver_earnings, method, status, paid_at) VALUES (256, 318, 15.75, 3.15, 12.6, 'card', 'pending', NULL);
INSERT INTO TRIP (trip_id, rider_id, driver_id, vehicle_id, origin_lat, origin_lng, origin_address, dest_lat, dest_lng, dest_address, status, distance_km, duration_minutes, price_estimated, price_final, requested_at, accepted_at, started_at, finished_at) VALUES (319, 8, 46, 46, 40.48599217, -3.63449069, 'C. Sebastian Rosa 427 Apt. 36 , Madrid', 40.43537821, -3.73632932, 'Plaza de Manolo Ariza 7 Puerta 2 , Madrid', 'completed', 12.62, 28, 20.93, 19.13, '2026-04-25 18:52:57', '2026-04-25 18:55:48', '2026-04-25 19:02:56', '2026-04-25 19:30:56');
INSERT INTO OFFER (offer_id, trip_id, driver_id, status, sent_at, responded_at) VALUES (933, 319, 46, 'accepted', '2026-04-25 18:53:00', '2026-04-25 18:55:48');
INSERT INTO OFFER (offer_id, trip_id, driver_id, status, sent_at, responded_at) VALUES (934, 319, 20, 'rejected', '2026-04-25 18:53:01', '2026-04-25 18:53:34');
INSERT INTO OFFER (offer_id, trip_id, driver_id, status, sent_at, responded_at) VALUES (935, 319, 22, 'expired', '2026-04-25 18:53:00', NULL);
INSERT INTO OFFER (offer_id, trip_id, driver_id, status, sent_at, responded_at) VALUES (936, 319, 18, 'rejected', '2026-04-25 18:53:01', '2026-04-25 18:53:18');
INSERT INTO PAYMENT (payment_id, trip_id, amount, platform_fee, driver_earnings, method, status, paid_at) VALUES (257, 319, 19.13, 3.83, 15.3, 'card', 'completed', '2026-04-25 19:33:56');
INSERT INTO TRIP (trip_id, rider_id, driver_id, vehicle_id, origin_lat, origin_lng, origin_address, dest_lat, dest_lng, dest_address, status, distance_km, duration_minutes, price_estimated, price_final, requested_at, accepted_at, started_at, finished_at) VALUES (320, 2, 41, 41, 40.38713333, -3.71428271, 'Pasaje de Roldán Tejedor 198 Puerta 3 , Madrid', 40.42729392, -3.69496793, 'C. Clementina Martin 77 Apt. 78 , Madrid', 'completed', 4.95, 7, 9.43, 9.13, '2026-04-25 18:51:17', '2026-04-25 18:54:56', '2026-04-25 18:57:38', '2026-04-25 19:04:38');
INSERT INTO OFFER (offer_id, trip_id, driver_id, status, sent_at, responded_at) VALUES (937, 320, 41, 'accepted', '2026-04-25 18:51:22', '2026-04-25 18:54:56');
INSERT INTO OFFER (offer_id, trip_id, driver_id, status, sent_at, responded_at) VALUES (938, 320, 29, 'rejected', '2026-04-25 18:51:20', '2026-04-25 18:52:17');
INSERT INTO PAYMENT (payment_id, trip_id, amount, platform_fee, driver_earnings, method, status, paid_at) VALUES (258, 320, 9.13, 1.83, 7.3, 'cash', 'completed', '2026-04-25 19:06:38');

INSERT INTO TRIP (trip_id, rider_id, driver_id, vehicle_id, origin_lat, origin_lng, origin_address, dest_lat, dest_lng, dest_address, status, distance_km, duration_minutes, price_estimated, price_final, requested_at, accepted_at, started_at, finished_at) VALUES (321, 50, 36, 36, 40.3712705, -3.60614387, 'Alameda Xiomara Vara 9 Puerta 1 , Madrid', 40.45287421, -3.65631503, 'Pasadizo de Luís Amigó 41 Apt. 42 , Madrid', 'cancelled', 10.63, NULL, 17.95, NULL, '2026-04-25 18:51:11', '2026-04-25 18:52:41', NULL, NULL);
INSERT INTO OFFER (offer_id, trip_id, driver_id, status, sent_at, responded_at) VALUES (939, 321, 36, 'accepted', '2026-04-25 18:51:14', '2026-04-25 18:52:41');
INSERT INTO OFFER (offer_id, trip_id, driver_id, status, sent_at, responded_at) VALUES (940, 321, 32, 'rejected', '2026-04-25 18:51:14', '2026-04-25 18:51:41');
INSERT INTO TRIP (trip_id, rider_id, driver_id, vehicle_id, origin_lat, origin_lng, origin_address, dest_lat, dest_lng, dest_address, status, distance_km, duration_minutes, price_estimated, price_final, requested_at, accepted_at, started_at, finished_at) VALUES (322, 84, 33, 33, 40.48373567, -3.67980254, 'Camino Lola Águila 22, Madrid', 40.48852109, -3.62855433, 'Alameda Chita Arrieta 73, Madrid', 'completed', 5.71, 13, 10.56, 10.59, '2026-04-25 18:52:20', '2026-04-25 18:55:27', '2026-04-25 19:02:30', '2026-04-25 19:15:30');
INSERT INTO OFFER (offer_id, trip_id, driver_id, status, sent_at, responded_at) VALUES (941, 322, 33, 'accepted', '2026-04-25 18:52:21', '2026-04-25 18:55:27');
INSERT INTO OFFER (offer_id, trip_id, driver_id, status, sent_at, responded_at) VALUES (942, 322, 9, 'rejected', '2026-04-25 18:52:23', '2026-04-25 18:52:58');
INSERT INTO OFFER (offer_id, trip_id, driver_id, status, sent_at, responded_at) VALUES (943, 322, 37, 'expired', '2026-04-25 18:52:21', NULL);
INSERT INTO PAYMENT (payment_id, trip_id, amount, platform_fee, driver_earnings, method, status, paid_at) VALUES (259, 322, 10.59, 2.12, 8.47, 'card', 'completed', '2026-04-25 19:18:30');
INSERT INTO TRIP (trip_id, rider_id, driver_id, vehicle_id, origin_lat, origin_lng, origin_address, dest_lat, dest_lng, dest_address, status, distance_km, duration_minutes, price_estimated, price_final, requested_at, accepted_at, started_at, finished_at) VALUES (323, 78, 44, 44, 40.45644696, -3.64644744, 'Rambla Luz Somoza 49 Puerta 8 , Madrid', 40.40570009, -3.65069427, 'Via de Omar Laguna 8, Madrid', 'completed', 5.65, 10, 10.48, 11.49, '2026-04-25 18:50:17', '2026-04-25 18:54:04', '2026-04-25 19:00:13', '2026-04-25 19:10:13');
INSERT INTO OFFER (offer_id, trip_id, driver_id, status, sent_at, responded_at) VALUES (944, 323, 44, 'accepted', '2026-04-25 18:50:21', '2026-04-25 18:54:04');
INSERT INTO OFFER (offer_id, trip_id, driver_id, status, sent_at, responded_at) VALUES (945, 323, 46, 'rejected', '2026-04-25 18:50:19', '2026-04-25 18:51:05');
INSERT INTO OFFER (offer_id, trip_id, driver_id, status, sent_at, responded_at) VALUES (946, 323, 1, 'rejected', '2026-04-25 18:50:22', '2026-04-25 18:51:14');
INSERT INTO PAYMENT (payment_id, trip_id, amount, platform_fee, driver_earnings, method, status, paid_at) VALUES (260, 323, 11.49, 2.3, 9.19, 'card', 'completed', '2026-04-25 19:11:13');
INSERT INTO TRIP (trip_id, rider_id, driver_id, vehicle_id, origin_lat, origin_lng, origin_address, dest_lat, dest_lng, dest_address, status, distance_km, duration_minutes, price_estimated, price_final, requested_at, accepted_at, started_at, finished_at) VALUES (324, 9, 49, 49, 40.46775263, -3.74256859, 'Via Amado Marí 58, Madrid', 40.47288296, -3.6687949, 'Camino de Clemente Nicolau 74, Madrid', 'completed', 8.21, 20, 14.32, 14.69, '2026-04-25 18:50:40', '2026-04-25 18:53:52', '2026-04-25 19:02:43', '2026-04-25 19:22:43');
INSERT INTO OFFER (offer_id, trip_id, driver_id, status, sent_at, responded_at) VALUES (947, 324, 49, 'accepted', '2026-04-25 18:50:43', '2026-04-25 18:53:52');
INSERT INTO OFFER (offer_id, trip_id, driver_id, status, sent_at, responded_at) VALUES (948, 324, 44, 'rejected', '2026-04-25 18:50:45', '2026-04-25 18:50:52');
INSERT INTO OFFER (offer_id, trip_id, driver_id, status, sent_at, responded_at) VALUES (949, 324, 1, 'expired', '2026-04-25 18:50:41', NULL);
INSERT INTO OFFER (offer_id, trip_id, driver_id, status, sent_at, responded_at) VALUES (950, 324, 30, 'rejected', '2026-04-25 18:50:41', '2026-04-25 18:51:15');
INSERT INTO PAYMENT (payment_id, trip_id, amount, platform_fee, driver_earnings, method, status, paid_at) VALUES (261, 324, 14.69, 2.94, 11.75, 'card', 'completed', '2026-04-25 19:24:43');
INSERT INTO TRIP (trip_id, rider_id, driver_id, vehicle_id, origin_lat, origin_lng, origin_address, dest_lat, dest_lng, dest_address, status, distance_km, duration_minutes, price_estimated, price_final, requested_at, accepted_at, started_at, finished_at) VALUES (325, 48, 47, 47, 40.38314531, -3.73576345, 'C. de Sandra Montenegro 26, Madrid', 40.46504864, -3.64617687, 'Plaza Inés Jerez 46, Madrid', 'completed', 13.47, 26, 22.21, 22.25, '2026-04-25 18:50:21', '2026-04-25 18:53:23', '2026-04-25 18:56:10', '2026-04-25 19:22:10');
INSERT INTO OFFER (offer_id, trip_id, driver_id, status, sent_at, responded_at) VALUES (951, 325, 47, 'accepted', '2026-04-25 18:50:25', '2026-04-25 18:53:23');
INSERT INTO OFFER (offer_id, trip_id, driver_id, status, sent_at, responded_at) VALUES (952, 325, 10, 'rejected', '2026-04-25 18:50:22', '2026-04-25 18:50:35');
INSERT INTO OFFER (offer_id, trip_id, driver_id, status, sent_at, responded_at) VALUES (953, 325, 29, 'expired', '2026-04-25 18:50:26', NULL);
INSERT INTO OFFER (offer_id, trip_id, driver_id, status, sent_at, responded_at) VALUES (954, 325, 48, 'expired', '2026-04-25 18:50:26', NULL);
INSERT INTO PAYMENT (payment_id, trip_id, amount, platform_fee, driver_earnings, method, status, paid_at) VALUES (262, 325, 22.25, 4.45, 17.8, 'card', 'completed', '2026-04-25 19:22:10');
INSERT INTO TRIP (trip_id, rider_id, driver_id, vehicle_id, origin_lat, origin_lng, origin_address, dest_lat, dest_lng, dest_address, status, distance_km, duration_minutes, price_estimated, price_final, requested_at, accepted_at, started_at, finished_at) VALUES (326, 2, 19, 19, 40.49165902, -3.65912886, 'Vial Sigfrido Ferrer 4 Apt. 22 , Madrid', 40.367925, -3.72218112, 'Callejón Glauco Gámez 915 Puerta 3 , Madrid', 'completed', 15.41, 32, 25.12, 25.43, '2026-04-25 18:50:24', '2026-04-25 18:52:23', '2026-04-25 19:00:40', '2026-04-25 19:32:40');
INSERT INTO OFFER (offer_id, trip_id, driver_id, status, sent_at, responded_at) VALUES (955, 326, 19, 'accepted', '2026-04-25 18:50:25', '2026-04-25 18:52:23');
INSERT INTO OFFER (offer_id, trip_id, driver_id, status, sent_at, responded_at) VALUES (956, 326, 37, 'rejected', '2026-04-25 18:50:28', '2026-04-25 18:50:50');
INSERT INTO OFFER (offer_id, trip_id, driver_id, status, sent_at, responded_at) VALUES (957, 326, 46, 'expired', '2026-04-25 18:50:26', NULL);
INSERT INTO OFFER (offer_id, trip_id, driver_id, status, sent_at, responded_at) VALUES (958, 326, 8, 'expired', '2026-04-25 18:50:27', NULL);
INSERT INTO OFFER (offer_id, trip_id, driver_id, status, sent_at, responded_at) VALUES (959, 326, 26, 'rejected', '2026-04-25 18:50:28', '2026-04-25 18:51:19');
INSERT INTO PAYMENT (payment_id, trip_id, amount, platform_fee, driver_earnings, method, status, paid_at) VALUES (263, 326, 25.43, 5.09, 20.34, 'wallet', 'completed', '2026-04-25 19:37:40');
INSERT INTO TRIP (trip_id, rider_id, driver_id, vehicle_id, origin_lat, origin_lng, origin_address, dest_lat, dest_lng, dest_address, status, distance_km, duration_minutes, price_estimated, price_final, requested_at, accepted_at, started_at, finished_at) VALUES (327, 92, 15, 15, 40.37815128, -3.68464537, 'Urbanización de Nicanor Toledo 14, Madrid', 40.35326027, -3.63143758, 'Cuesta Artemio Boada 917 Puerta 7 , Madrid', 'completed', 6.52, 13, 11.78, 11.75, '2026-04-25 18:52:25', '2026-04-25 18:55:42', '2026-04-25 19:03:09', '2026-04-25 19:16:09');
INSERT INTO OFFER (offer_id, trip_id, driver_id, status, sent_at, responded_at) VALUES (960, 327, 15, 'accepted', '2026-04-25 18:52:29', '2026-04-25 18:55:42');
INSERT INTO OFFER (offer_id, trip_id, driver_id, status, sent_at, responded_at) VALUES (961, 327, 10, 'expired', '2026-04-25 18:52:26', NULL);
INSERT INTO PAYMENT (payment_id, trip_id, amount, platform_fee, driver_earnings, method, status, paid_at) VALUES (264, 327, 11.75, 2.35, 9.4, 'wallet', 'completed', '2026-04-25 19:16:09');
INSERT INTO TRIP (trip_id, rider_id, driver_id, vehicle_id, origin_lat, origin_lng, origin_address, dest_lat, dest_lng, dest_address, status, distance_km, duration_minutes, price_estimated, price_final, requested_at, accepted_at, started_at, finished_at) VALUES (328, 10, 12, 12, 40.42525748, -3.62853287, 'Glorieta de Sabas Carbó 49, Madrid', 40.44020327, -3.65486952, 'Calle Baudelio Marcos 302 Piso 1 , Madrid', 'in_progress', 3.36, NULL, 7.04, NULL, '2026-04-25 18:52:54', '2026-04-25 18:57:51', '2026-04-25 19:03:09', NULL);
INSERT INTO OFFER (offer_id, trip_id, driver_id, status, sent_at, responded_at) VALUES (962, 328, 12, 'accepted', '2026-04-25 18:52:56', '2026-04-25 18:57:51');
INSERT INTO OFFER (offer_id, trip_id, driver_id, status, sent_at, responded_at) VALUES (963, 328, 28, 'rejected', '2026-04-25 18:52:59', '2026-04-25 18:53:38');
INSERT INTO TRIP (trip_id, rider_id, driver_id, vehicle_id, origin_lat, origin_lng, origin_address, dest_lat, dest_lng, dest_address, status, distance_km, duration_minutes, price_estimated, price_final, requested_at, accepted_at, started_at, finished_at) VALUES (329, 22, NULL, NULL, 40.40078197, -3.74561334, 'Via Ascensión Peláez 48, Madrid', 40.39372202, -3.73344002, 'Urbanización de Alexandra Antúnez 958, Madrid', 'cancelled', 1.56, NULL, 4.34, NULL, '2026-04-25 18:52:57', NULL, NULL, NULL);
INSERT INTO OFFER (offer_id, trip_id, driver_id, status, sent_at, responded_at) VALUES (964, 329, 19, 'rejected', '2026-04-25 18:53:00', '2026-04-25 18:53:29');
INSERT INTO OFFER (offer_id, trip_id, driver_id, status, sent_at, responded_at) VALUES (965, 329, 3, 'rejected', '2026-04-25 18:53:00', '2026-04-25 18:53:39');
INSERT INTO OFFER (offer_id, trip_id, driver_id, status, sent_at, responded_at) VALUES (966, 329, 7, 'rejected', '2026-04-25 18:53:00', '2026-04-25 18:53:25');
INSERT INTO OFFER (offer_id, trip_id, driver_id, status, sent_at, responded_at) VALUES (967, 329, 13, 'rejected', '2026-04-25 18:52:58', '2026-04-25 18:53:19');
INSERT INTO OFFER (offer_id, trip_id, driver_id, status, sent_at, responded_at) VALUES (968, 329, 6, 'rejected', '2026-04-25 18:53:00', '2026-04-25 18:53:12');
INSERT INTO TRIP (trip_id, rider_id, driver_id, vehicle_id, origin_lat, origin_lng, origin_address, dest_lat, dest_lng, dest_address, status, distance_km, duration_minutes, price_estimated, price_final, requested_at, accepted_at, started_at, finished_at) VALUES (330, 79, NULL, NULL, 40.3915021, -3.60562237, 'Paseo de Paca Vigil 239, Madrid', 40.49621418, -3.70606361, 'Cañada Maura Rosell 9, Madrid', 'cancelled', 16.11, NULL, 26.16, NULL, '2026-04-25 18:51:07', NULL, NULL, NULL);
INSERT INTO OFFER (offer_id, trip_id, driver_id, status, sent_at, responded_at) VALUES (969, 330, 31, 'expired', '2026-04-25 18:51:10', NULL);
INSERT INTO OFFER (offer_id, trip_id, driver_id, status, sent_at, responded_at) VALUES (970, 330, 7, 'rejected', '2026-04-25 18:51:10', '2026-04-25 18:51:32');
INSERT INTO OFFER (offer_id, trip_id, driver_id, status, sent_at, responded_at) VALUES (971, 330, 28, 'rejected', '2026-04-25 18:51:12', '2026-04-25 18:52:03');

INSERT INTO TRIP (trip_id, rider_id, driver_id, vehicle_id, origin_lat, origin_lng, origin_address, dest_lat, dest_lng, dest_address, status, distance_km, duration_minutes, price_estimated, price_final, requested_at, accepted_at, started_at, finished_at) VALUES (331, 95, 48, 48, 40.49489719, -3.62548989, 'Vial de Anselmo Zabala 187 Puerta 2 , Madrid', 40.36183406, -3.69991533, 'Pasaje Esther Dalmau 7 Puerta 0 , Madrid', 'completed', 16.92, 35, 27.38, 28.65, '2026-04-25 18:52:25', '2026-04-25 18:54:08', '2026-04-25 19:01:52', '2026-04-25 19:36:52');
INSERT INTO OFFER (offer_id, trip_id, driver_id, status, sent_at, responded_at) VALUES (972, 331, 48, 'accepted', '2026-04-25 18:52:29', '2026-04-25 18:54:08');
INSERT INTO OFFER (offer_id, trip_id, driver_id, status, sent_at, responded_at) VALUES (973, 331, 4, 'expired', '2026-04-25 18:52:26', NULL);
INSERT INTO PAYMENT (payment_id, trip_id, amount, platform_fee, driver_earnings, method, status, paid_at) VALUES (265, 331, 28.65, 5.73, 22.92, 'cash', 'pending', NULL);
INSERT INTO TRIP (trip_id, rider_id, driver_id, vehicle_id, origin_lat, origin_lng, origin_address, dest_lat, dest_lng, dest_address, status, distance_km, duration_minutes, price_estimated, price_final, requested_at, accepted_at, started_at, finished_at) VALUES (332, 36, 14, 14, 40.44370337, -3.63135631, 'Cuesta Leire Alba 79 Puerta 2 , Madrid', 40.48460169, -3.70419057, 'Calle de Rufino Diéguez 2, Madrid', 'completed', 9.27, 21, 15.9, 15.67, '2026-04-25 18:50:42', '2026-04-25 18:55:30', '2026-04-25 19:00:07', '2026-04-25 19:21:07');
INSERT INTO OFFER (offer_id, trip_id, driver_id, status, sent_at, responded_at) VALUES (974, 332, 14, 'accepted', '2026-04-25 18:50:47', '2026-04-25 18:55:30');
INSERT INTO OFFER (offer_id, trip_id, driver_id, status, sent_at, responded_at) VALUES (975, 332, 16, 'rejected', '2026-04-25 18:50:43', '2026-04-25 18:51:13');
INSERT INTO OFFER (offer_id, trip_id, driver_id, status, sent_at, responded_at) VALUES (976, 332, 35, 'expired', '2026-04-25 18:50:45', NULL);
INSERT INTO OFFER (offer_id, trip_id, driver_id, status, sent_at, responded_at) VALUES (977, 332, 40, 'rejected', '2026-04-25 18:50:44', '2026-04-25 18:50:52');
INSERT INTO OFFER (offer_id, trip_id, driver_id, status, sent_at, responded_at) VALUES (978, 332, 25, 'expired', '2026-04-25 18:50:47', NULL);
INSERT INTO PAYMENT (payment_id, trip_id, amount, platform_fee, driver_earnings, method, status, paid_at) VALUES (266, 332, 15.67, 3.13, 12.54, 'cash', 'pending', NULL);
INSERT INTO TRIP (trip_id, rider_id, driver_id, vehicle_id, origin_lat, origin_lng, origin_address, dest_lat, dest_lng, dest_address, status, distance_km, duration_minutes, price_estimated, price_final, requested_at, accepted_at, started_at, finished_at) VALUES (333, 68, 12, 12, 40.48065982, -3.74291474, 'C. de Merche Mendoza 11, Madrid', 40.36517952, -3.69899828, 'Callejón Ana Belén Lara 77, Madrid', 'completed', 13.71, 29, 22.57, 21.45, '2026-04-25 18:51:58', '2026-04-25 18:54:25', '2026-04-25 19:03:18', '2026-04-25 19:32:18');
INSERT INTO OFFER (offer_id, trip_id, driver_id, status, sent_at, responded_at) VALUES (979, 333, 12, 'accepted', '2026-04-25 18:52:00', '2026-04-25 18:54:25');
INSERT INTO OFFER (offer_id, trip_id, driver_id, status, sent_at, responded_at) VALUES (980, 333, 9, 'expired', '2026-04-25 18:52:01', NULL);
INSERT INTO PAYMENT (payment_id, trip_id, amount, platform_fee, driver_earnings, method, status, paid_at) VALUES (267, 333, 21.45, 4.29, 17.16, 'cash', 'pending', NULL);
INSERT INTO TRIP (trip_id, rider_id, driver_id, vehicle_id, origin_lat, origin_lng, origin_address, dest_lat, dest_lng, dest_address, status, distance_km, duration_minutes, price_estimated, price_final, requested_at, accepted_at, started_at, finished_at) VALUES (334, 36, NULL, NULL, 40.38849869, -3.68257223, 'Cañada de Haydée Samper 791, Madrid', 40.45670398, -3.62560531, 'Plaza Gabriela Zaragoza 326, Madrid', 'requested', 9.86, NULL, 16.79, NULL, '2026-04-25 18:52:07', NULL, NULL, NULL);
INSERT INTO OFFER (offer_id, trip_id, driver_id, status, sent_at, responded_at) VALUES (981, 334, 31, 'rejected', '2026-04-25 18:52:10', '2026-04-25 18:52:41');
INSERT INTO OFFER (offer_id, trip_id, driver_id, status, sent_at, responded_at) VALUES (982, 334, 22, 'expired', '2026-04-25 18:52:08', NULL);
INSERT INTO TRIP (trip_id, rider_id, driver_id, vehicle_id, origin_lat, origin_lng, origin_address, dest_lat, dest_lng, dest_address, status, distance_km, duration_minutes, price_estimated, price_final, requested_at, accepted_at, started_at, finished_at) VALUES (335, 67, NULL, NULL, 40.49826268, -3.65809096, 'Acceso de Apolonia Morillo 28 Piso 5 , Madrid', 40.36137036, -3.67821782, 'Cuesta Dionisia Jimenez 4 Apt. 53 , Madrid', 'requested', 15.36, NULL, 25.04, NULL, '2026-04-25 18:51:56', NULL, NULL, NULL);
INSERT INTO OFFER (offer_id, trip_id, driver_id, status, sent_at, responded_at) VALUES (983, 335, 19, 'rejected', '2026-04-25 18:51:58', '2026-04-25 18:52:33');
INSERT INTO OFFER (offer_id, trip_id, driver_id, status, sent_at, responded_at) VALUES (984, 335, 4, 'rejected', '2026-04-25 18:51:59', '2026-04-25 18:52:39');
INSERT INTO TRIP (trip_id, rider_id, driver_id, vehicle_id, origin_lat, origin_lng, origin_address, dest_lat, dest_lng, dest_address, status, distance_km, duration_minutes, price_estimated, price_final, requested_at, accepted_at, started_at, finished_at) VALUES (336, 60, 27, 27, 40.44085841, -3.65780801, 'C. de Hipólito Doménech 5, Madrid', 40.44314544, -3.71668172, 'Avenida Calisto Guillén 13 Piso 2 , Madrid', 'completed', 6.54, 18, 11.81, 11.41, '2026-04-25 18:53:00', '2026-04-25 18:57:59', '2026-04-25 19:06:32', '2026-04-25 19:24:32');
INSERT INTO OFFER (offer_id, trip_id, driver_id, status, sent_at, responded_at) VALUES (985, 336, 27, 'accepted', '2026-04-25 18:53:03', '2026-04-25 18:57:59');
INSERT INTO OFFER (offer_id, trip_id, driver_id, status, sent_at, responded_at) VALUES (986, 336, 9, 'expired', '2026-04-25 18:53:01', NULL);
INSERT INTO OFFER (offer_id, trip_id, driver_id, status, sent_at, responded_at) VALUES (987, 336, 48, 'expired', '2026-04-25 18:53:04', NULL);
INSERT INTO PAYMENT (payment_id, trip_id, amount, platform_fee, driver_earnings, method, status, paid_at) VALUES (268, 336, 11.41, 2.28, 9.13, 'wallet', 'pending', NULL);
INSERT INTO TRIP (trip_id, rider_id, driver_id, vehicle_id, origin_lat, origin_lng, origin_address, dest_lat, dest_lng, dest_address, status, distance_km, duration_minutes, price_estimated, price_final, requested_at, accepted_at, started_at, finished_at) VALUES (337, 83, 21, 21, 40.42993527, -3.73114764, 'Cuesta Jeremías Clavero 66 Piso 1 , Madrid', 40.49410143, -3.68882185, 'Cañada de Anastasio Juliá 2, Madrid', 'completed', 8.53, 20, 14.79, 14.75, '2026-04-25 18:52:44', '2026-04-25 18:56:15', '2026-04-25 19:06:04', '2026-04-25 19:26:04');
INSERT INTO OFFER (offer_id, trip_id, driver_id, status, sent_at, responded_at) VALUES (988, 337, 21, 'accepted', '2026-04-25 18:52:45', '2026-04-25 18:56:15');
INSERT INTO OFFER (offer_id, trip_id, driver_id, status, sent_at, responded_at) VALUES (989, 337, 38, 'expired', '2026-04-25 18:52:46', NULL);
INSERT INTO PAYMENT (payment_id, trip_id, amount, platform_fee, driver_earnings, method, status, paid_at) VALUES (269, 337, 14.75, 2.95, 11.8, 'wallet', 'completed', '2026-04-25 19:26:04');
INSERT INTO TRIP (trip_id, rider_id, driver_id, vehicle_id, origin_lat, origin_lng, origin_address, dest_lat, dest_lng, dest_address, status, distance_km, duration_minutes, price_estimated, price_final, requested_at, accepted_at, started_at, finished_at) VALUES (338, 100, 31, 31, 40.39813193, -3.69104058, 'Paseo Francisco Jose Coll 86, Madrid', 40.40370355, -3.62670519, 'Rambla Amado Cabezas 64 Piso 0 , Madrid', 'completed', 7.17, 16, 12.75, 11.71, '2026-04-25 18:53:00', '2026-04-25 18:54:36', '2026-04-25 19:00:15', '2026-04-25 19:16:15');
INSERT INTO OFFER (offer_id, trip_id, driver_id, status, sent_at, responded_at) VALUES (990, 338, 31, 'accepted', '2026-04-25 18:53:02', '2026-04-25 18:54:36');
INSERT INTO OFFER (offer_id, trip_id, driver_id, status, sent_at, responded_at) VALUES (991, 338, 19, 'expired', '2026-04-25 18:53:04', NULL);
INSERT INTO OFFER (offer_id, trip_id, driver_id, status, sent_at, responded_at) VALUES (992, 338, 27, 'expired', '2026-04-25 18:53:04', NULL);
INSERT INTO OFFER (offer_id, trip_id, driver_id, status, sent_at, responded_at) VALUES (993, 338, 29, 'rejected', '2026-04-25 18:53:03', '2026-04-25 18:53:20');
INSERT INTO PAYMENT (payment_id, trip_id, amount, platform_fee, driver_earnings, method, status, paid_at) VALUES (270, 338, 11.71, 2.34, 9.37, 'cash', 'completed', '2026-04-25 19:17:15');
INSERT INTO TRIP (trip_id, rider_id, driver_id, vehicle_id, origin_lat, origin_lng, origin_address, dest_lat, dest_lng, dest_address, status, distance_km, duration_minutes, price_estimated, price_final, requested_at, accepted_at, started_at, finished_at) VALUES (339, 3, 17, 17, 40.40943609, -3.61620507, 'Ronda de Vinicio Pallarès 88 Piso 5 , Madrid', 40.42138087, -3.71006515, 'Pasadizo Benigna Barral 46, Madrid', 'completed', 10.5, 24, 17.75, 16.43, '2026-04-25 18:51:08', '2026-04-25 18:52:50', '2026-04-25 19:02:48', '2026-04-25 19:26:48');
INSERT INTO OFFER (offer_id, trip_id, driver_id, status, sent_at, responded_at) VALUES (994, 339, 17, 'accepted', '2026-04-25 18:51:10', '2026-04-25 18:52:50');
INSERT INTO OFFER (offer_id, trip_id, driver_id, status, sent_at, responded_at) VALUES (995, 339, 40, 'expired', '2026-04-25 18:51:09', NULL);
INSERT INTO OFFER (offer_id, trip_id, driver_id, status, sent_at, responded_at) VALUES (996, 339, 27, 'rejected', '2026-04-25 18:51:10', '2026-04-25 18:51:24');
INSERT INTO OFFER (offer_id, trip_id, driver_id, status, sent_at, responded_at) VALUES (997, 339, 36, 'rejected', '2026-04-25 18:51:09', '2026-04-25 18:51:39');
INSERT INTO OFFER (offer_id, trip_id, driver_id, status, sent_at, responded_at) VALUES (998, 339, 46, 'expired', '2026-04-25 18:51:12', NULL);
INSERT INTO PAYMENT (payment_id, trip_id, amount, platform_fee, driver_earnings, method, status, paid_at) VALUES (271, 339, 16.43, 3.29, 13.14, 'cash', 'completed', '2026-04-25 19:30:48');
INSERT INTO TRIP (trip_id, rider_id, driver_id, vehicle_id, origin_lat, origin_lng, origin_address, dest_lat, dest_lng, dest_address, status, distance_km, duration_minutes, price_estimated, price_final, requested_at, accepted_at, started_at, finished_at) VALUES (340, 16, 3, 3, 40.43864298, -3.68738517, 'Ronda Domingo Castellanos 23, Madrid', 40.49102999, -3.73328804, 'Pasaje de Amaro Bertrán 29 Piso 6 , Madrid', 'completed', 7.73, 19, 13.6, 12.37, '2026-04-25 18:51:17', '2026-04-25 18:55:32', '2026-04-25 18:59:23', '2026-04-25 19:18:23');
INSERT INTO OFFER (offer_id, trip_id, driver_id, status, sent_at, responded_at) VALUES (999, 340, 3, 'accepted', '2026-04-25 18:51:20', '2026-04-25 18:55:32');
INSERT INTO OFFER (offer_id, trip_id, driver_id, status, sent_at, responded_at) VALUES (1000, 340, 4, 'expired', '2026-04-25 18:51:18', NULL);
INSERT INTO PAYMENT (payment_id, trip_id, amount, platform_fee, driver_earnings, method, status, paid_at) VALUES (272, 340, 12.37, 2.47, 9.9, 'wallet', 'completed', '2026-04-25 19:23:23');

INSERT INTO TRIP (trip_id, rider_id, driver_id, vehicle_id, origin_lat, origin_lng, origin_address, dest_lat, dest_lng, dest_address, status, distance_km, duration_minutes, price_estimated, price_final, requested_at, accepted_at, started_at, finished_at) VALUES (341, 58, 37, 37, 40.49169286, -3.70683969, 'Cuesta Raúl Perera 19, Madrid', 40.38462442, -3.63137527, 'Ronda de Áurea Aller 94, Madrid', 'cancelled', 14.54, NULL, 23.81, NULL, '2026-04-25 18:51:04', '2026-04-25 18:55:24', NULL, NULL);
INSERT INTO OFFER (offer_id, trip_id, driver_id, status, sent_at, responded_at) VALUES (1001, 341, 37, 'accepted', '2026-04-25 18:51:07', '2026-04-25 18:55:24');
INSERT INTO OFFER (offer_id, trip_id, driver_id, status, sent_at, responded_at) VALUES (1002, 341, 16, 'rejected', '2026-04-25 18:51:06', '2026-04-25 18:51:55');
INSERT INTO OFFER (offer_id, trip_id, driver_id, status, sent_at, responded_at) VALUES (1003, 341, 36, 'rejected', '2026-04-25 18:51:05', '2026-04-25 18:51:26');
INSERT INTO TRIP (trip_id, rider_id, driver_id, vehicle_id, origin_lat, origin_lng, origin_address, dest_lat, dest_lng, dest_address, status, distance_km, duration_minutes, price_estimated, price_final, requested_at, accepted_at, started_at, finished_at) VALUES (342, 69, 20, 20, 40.47017792, -3.65622331, 'Acceso de Olivia Peiró 79 Apt. 58 , Madrid', 40.39791317, -3.66888608, 'Glorieta Nando Pareja 106, Madrid', 'cancelled', 8.14, NULL, 14.21, NULL, '2026-04-25 18:52:56', '2026-04-25 18:57:34', NULL, NULL);
INSERT INTO OFFER (offer_id, trip_id, driver_id, status, sent_at, responded_at) VALUES (1004, 342, 20, 'accepted', '2026-04-25 18:53:01', '2026-04-25 18:57:34');
INSERT INTO OFFER (offer_id, trip_id, driver_id, status, sent_at, responded_at) VALUES (1005, 342, 43, 'expired', '2026-04-25 18:53:01', NULL);
INSERT INTO TRIP (trip_id, rider_id, driver_id, vehicle_id, origin_lat, origin_lng, origin_address, dest_lat, dest_lng, dest_address, status, distance_km, duration_minutes, price_estimated, price_final, requested_at, accepted_at, started_at, finished_at) VALUES (343, 40, 34, 34, 40.42695691, -3.64074501, 'Vial Encarna Bilbao 92 Piso 6 , Madrid', 40.47804066, -3.71799954, 'Pasadizo Calista Diéguez 50 Piso 6 , Madrid', 'completed', 10.28, 25, 17.42, 17.38, '2026-04-25 18:50:29', '2026-04-25 18:54:25', '2026-04-25 19:00:57', '2026-04-25 19:25:57');
INSERT INTO OFFER (offer_id, trip_id, driver_id, status, sent_at, responded_at) VALUES (1006, 343, 34, 'accepted', '2026-04-25 18:50:31', '2026-04-25 18:54:25');
INSERT INTO OFFER (offer_id, trip_id, driver_id, status, sent_at, responded_at) VALUES (1007, 343, 4, 'expired', '2026-04-25 18:50:31', NULL);
INSERT INTO OFFER (offer_id, trip_id, driver_id, status, sent_at, responded_at) VALUES (1008, 343, 5, 'expired', '2026-04-25 18:50:32', NULL);
INSERT INTO OFFER (offer_id, trip_id, driver_id, status, sent_at, responded_at) VALUES (1009, 343, 27, 'expired', '2026-04-25 18:50:33', NULL);
INSERT INTO OFFER (offer_id, trip_id, driver_id, status, sent_at, responded_at) VALUES (1010, 343, 13, 'expired', '2026-04-25 18:50:33', NULL);
INSERT INTO PAYMENT (payment_id, trip_id, amount, platform_fee, driver_earnings, method, status, paid_at) VALUES (273, 343, 17.38, 3.48, 13.9, 'wallet', 'completed', '2026-04-25 19:30:57');
INSERT INTO TRIP (trip_id, rider_id, driver_id, vehicle_id, origin_lat, origin_lng, origin_address, dest_lat, dest_lng, dest_address, status, distance_km, duration_minutes, price_estimated, price_final, requested_at, accepted_at, started_at, finished_at) VALUES (344, 43, 19, 19, 40.42751206, -3.65492917, 'Cañada de Teresa Giménez 2, Madrid', 40.44577262, -3.63611237, 'Plaza de María Dolores Martin 461 Piso 7 , Madrid', 'completed', 2.91, 3, 6.37, 6.48, '2026-04-25 18:52:25', '2026-04-25 18:53:57', '2026-04-25 19:02:01', '2026-04-25 19:05:01');
INSERT INTO OFFER (offer_id, trip_id, driver_id, status, sent_at, responded_at) VALUES (1011, 344, 19, 'accepted', '2026-04-25 18:52:28', '2026-04-25 18:53:57');
INSERT INTO OFFER (offer_id, trip_id, driver_id, status, sent_at, responded_at) VALUES (1012, 344, 49, 'rejected', '2026-04-25 18:52:28', '2026-04-25 18:53:00');
INSERT INTO OFFER (offer_id, trip_id, driver_id, status, sent_at, responded_at) VALUES (1013, 344, 40, 'rejected', '2026-04-25 18:52:28', '2026-04-25 18:53:11');
INSERT INTO OFFER (offer_id, trip_id, driver_id, status, sent_at, responded_at) VALUES (1014, 344, 44, 'rejected', '2026-04-25 18:52:29', '2026-04-25 18:52:55');
INSERT INTO OFFER (offer_id, trip_id, driver_id, status, sent_at, responded_at) VALUES (1015, 344, 24, 'rejected', '2026-04-25 18:52:29', '2026-04-25 18:52:55');
INSERT INTO PAYMENT (payment_id, trip_id, amount, platform_fee, driver_earnings, method, status, paid_at) VALUES (274, 344, 6.48, 1.3, 5.18, 'cash', 'completed', '2026-04-25 19:07:01');
INSERT INTO TRIP (trip_id, rider_id, driver_id, vehicle_id, origin_lat, origin_lng, origin_address, dest_lat, dest_lng, dest_address, status, distance_km, duration_minutes, price_estimated, price_final, requested_at, accepted_at, started_at, finished_at) VALUES (345, 53, 48, 48, 40.38103118, -3.62311383, 'Alameda de Anacleto Saura 3, Madrid', 40.40301367, -3.73959041, 'Plaza Etelvina Vallejo 68, Madrid', 'completed', 13.16, 30, 21.74, 23.36, '2026-04-25 18:53:08', '2026-04-25 18:56:31', '2026-04-25 19:03:50', '2026-04-25 19:33:50');
INSERT INTO OFFER (offer_id, trip_id, driver_id, status, sent_at, responded_at) VALUES (1016, 345, 48, 'accepted', '2026-04-25 18:53:13', '2026-04-25 18:56:31');
INSERT INTO PAYMENT (payment_id, trip_id, amount, platform_fee, driver_earnings, method, status, paid_at) VALUES (275, 345, 23.36, 4.67, 18.69, 'card', 'completed', '2026-04-25 19:33:50');
INSERT INTO TRIP (trip_id, rider_id, driver_id, vehicle_id, origin_lat, origin_lng, origin_address, dest_lat, dest_lng, dest_address, status, distance_km, duration_minutes, price_estimated, price_final, requested_at, accepted_at, started_at, finished_at) VALUES (346, 18, 11, 11, 40.42634331, -3.63130671, 'C. Consuelo Valcárcel 84 Puerta 1 , Madrid', 40.3832959, -3.73431618, 'Rambla de Dan Benavente 73 Puerta 6 , Madrid', 'completed', 12.39, 26, 20.59, 20.43, '2026-04-25 18:50:38', '2026-04-25 18:53:15', '2026-04-25 19:03:14', '2026-04-25 19:29:14');
INSERT INTO OFFER (offer_id, trip_id, driver_id, status, sent_at, responded_at) VALUES (1017, 346, 11, 'accepted', '2026-04-25 18:50:43', '2026-04-25 18:53:15');
INSERT INTO OFFER (offer_id, trip_id, driver_id, status, sent_at, responded_at) VALUES (1018, 346, 50, 'rejected', '2026-04-25 18:50:43', '2026-04-25 18:50:55');
INSERT INTO OFFER (offer_id, trip_id, driver_id, status, sent_at, responded_at) VALUES (1019, 346, 30, 'rejected', '2026-04-25 18:50:43', '2026-04-25 18:51:20');
INSERT INTO OFFER (offer_id, trip_id, driver_id, status, sent_at, responded_at) VALUES (1020, 346, 28, 'rejected', '2026-04-25 18:50:42', '2026-04-25 18:51:02');
INSERT INTO PAYMENT (payment_id, trip_id, amount, platform_fee, driver_earnings, method, status, paid_at) VALUES (276, 346, 20.43, 4.09, 16.34, 'cash', 'completed', '2026-04-25 19:34:14');
INSERT INTO TRIP (trip_id, rider_id, driver_id, vehicle_id, origin_lat, origin_lng, origin_address, dest_lat, dest_lng, dest_address, status, distance_km, duration_minutes, price_estimated, price_final, requested_at, accepted_at, started_at, finished_at) VALUES (347, 68, 34, 34, 40.49024812, -3.61125573, 'Via Graciana Tomas 480, Madrid', 40.41560679, -3.65057504, 'Pasaje de Arcelia Quero 12 Apt. 61 , Madrid', 'completed', 9.36, 19, 16.04, 16.38, '2026-04-25 18:52:45', '2026-04-25 18:54:49', '2026-04-25 18:58:43', '2026-04-25 19:17:43');
INSERT INTO OFFER (offer_id, trip_id, driver_id, status, sent_at, responded_at) VALUES (1021, 347, 34, 'accepted', '2026-04-25 18:52:50', '2026-04-25 18:54:49');
INSERT INTO OFFER (offer_id, trip_id, driver_id, status, sent_at, responded_at) VALUES (1022, 347, 23, 'expired', '2026-04-25 18:52:47', NULL);
INSERT INTO PAYMENT (payment_id, trip_id, amount, platform_fee, driver_earnings, method, status, paid_at) VALUES (277, 347, 16.38, 3.28, 13.1, 'wallet', 'pending', NULL);
INSERT INTO TRIP (trip_id, rider_id, driver_id, vehicle_id, origin_lat, origin_lng, origin_address, dest_lat, dest_lng, dest_address, status, distance_km, duration_minutes, price_estimated, price_final, requested_at, accepted_at, started_at, finished_at) VALUES (348, 91, 5, 5, 40.46289311, -3.7000814, 'Paseo de David Barrena 90 Puerta 3 , Madrid', 40.41414097, -3.62378154, 'Camino Hilario Carvajal 72, Madrid', 'completed', 10.05, 24, 17.08, 16.59, '2026-04-25 18:50:22', '2026-04-25 18:53:01', '2026-04-25 19:01:32', '2026-04-25 19:25:32');
INSERT INTO OFFER (offer_id, trip_id, driver_id, status, sent_at, responded_at) VALUES (1023, 348, 5, 'accepted', '2026-04-25 18:50:27', '2026-04-25 18:53:01');
INSERT INTO OFFER (offer_id, trip_id, driver_id, status, sent_at, responded_at) VALUES (1024, 348, 24, 'rejected', '2026-04-25 18:50:24', '2026-04-25 18:50:35');
INSERT INTO PAYMENT (payment_id, trip_id, amount, platform_fee, driver_earnings, method, status, paid_at) VALUES (278, 348, 16.59, 3.32, 13.27, 'card', 'completed', '2026-04-25 19:27:32');
INSERT INTO TRIP (trip_id, rider_id, driver_id, vehicle_id, origin_lat, origin_lng, origin_address, dest_lat, dest_lng, dest_address, status, distance_km, duration_minutes, price_estimated, price_final, requested_at, accepted_at, started_at, finished_at) VALUES (349, 3, 47, 47, 40.47621029, -3.73460484, 'Glorieta de Merche Garrido 937, Madrid', 40.3862182, -3.63850452, 'Calle Cintia Iglesia 25, Madrid', 'completed', 14.61, 30, 23.91, 23.82, '2026-04-25 18:52:27', '2026-04-25 18:55:36', '2026-04-25 19:00:21', '2026-04-25 19:30:21');
INSERT INTO OFFER (offer_id, trip_id, driver_id, status, sent_at, responded_at) VALUES (1025, 349, 47, 'accepted', '2026-04-25 18:52:28', '2026-04-25 18:55:36');
INSERT INTO OFFER (offer_id, trip_id, driver_id, status, sent_at, responded_at) VALUES (1026, 349, 9, 'expired', '2026-04-25 18:52:29', NULL);
INSERT INTO PAYMENT (payment_id, trip_id, amount, platform_fee, driver_earnings, method, status, paid_at) VALUES (279, 349, 23.82, 4.76, 19.06, 'wallet', 'completed', '2026-04-25 19:34:21');
INSERT INTO TRIP (trip_id, rider_id, driver_id, vehicle_id, origin_lat, origin_lng, origin_address, dest_lat, dest_lng, dest_address, status, distance_km, duration_minutes, price_estimated, price_final, requested_at, accepted_at, started_at, finished_at) VALUES (350, 29, 21, 21, 40.48624908, -3.72193326, 'Via Abraham Roman 21, Madrid', 40.42722413, -3.72401925, 'Glorieta Lorena Sarabia 41, Madrid', 'completed', 6.56, 18, 11.84, 12.68, '2026-04-25 18:53:09', '2026-04-25 18:57:57', '2026-04-25 19:03:29', '2026-04-25 19:21:29');
INSERT INTO OFFER (offer_id, trip_id, driver_id, status, sent_at, responded_at) VALUES (1027, 350, 21, 'accepted', '2026-04-25 18:53:10', '2026-04-25 18:57:57');
INSERT INTO OFFER (offer_id, trip_id, driver_id, status, sent_at, responded_at) VALUES (1028, 350, 7, 'rejected', '2026-04-25 18:53:10', '2026-04-25 18:53:43');
INSERT INTO OFFER (offer_id, trip_id, driver_id, status, sent_at, responded_at) VALUES (1029, 350, 39, 'expired', '2026-04-25 18:53:10', NULL);
INSERT INTO PAYMENT (payment_id, trip_id, amount, platform_fee, driver_earnings, method, status, paid_at) VALUES (280, 350, 12.68, 2.54, 10.14, 'wallet', 'completed', '2026-04-25 19:23:29');

INSERT INTO TRIP (trip_id, rider_id, driver_id, vehicle_id, origin_lat, origin_lng, origin_address, dest_lat, dest_lng, dest_address, status, distance_km, duration_minutes, price_estimated, price_final, requested_at, accepted_at, started_at, finished_at) VALUES (351, 39, 26, 26, 40.47340486, -3.65618046, 'Cañada Asunción Ibañez 2, Madrid', 40.38253879, -3.63363368, 'Plaza Moreno Aguirre 98 Piso 0 , Madrid', 'completed', 10.39, 22, 17.59, 16.63, '2026-04-25 18:50:35', '2026-04-25 18:52:31', '2026-04-25 19:01:33', '2026-04-25 19:23:33');
INSERT INTO OFFER (offer_id, trip_id, driver_id, status, sent_at, responded_at) VALUES (1030, 351, 26, 'accepted', '2026-04-25 18:50:37', '2026-04-25 18:52:31');
INSERT INTO OFFER (offer_id, trip_id, driver_id, status, sent_at, responded_at) VALUES (1031, 351, 47, 'rejected', '2026-04-25 18:50:36', '2026-04-25 18:51:11');
INSERT INTO PAYMENT (payment_id, trip_id, amount, platform_fee, driver_earnings, method, status, paid_at) VALUES (281, 351, 16.63, 3.33, 13.3, 'card', 'pending', NULL);
INSERT INTO TRIP (trip_id, rider_id, driver_id, vehicle_id, origin_lat, origin_lng, origin_address, dest_lat, dest_lng, dest_address, status, distance_km, duration_minutes, price_estimated, price_final, requested_at, accepted_at, started_at, finished_at) VALUES (352, 70, 37, 37, 40.45046809, -3.61006549, 'Paseo Jose Miguel Valverde 99 Apt. 45 , Madrid', 40.41444699, -3.60682747, 'Calle de Pepe Rios 200 Piso 0 , Madrid', 'completed', 4.01, 7, 8.02, 8.41, '2026-04-25 18:52:04', '2026-04-25 18:54:47', '2026-04-25 18:56:55', '2026-04-25 19:03:55');
INSERT INTO OFFER (offer_id, trip_id, driver_id, status, sent_at, responded_at) VALUES (1032, 352, 37, 'accepted', '2026-04-25 18:52:09', '2026-04-25 18:54:47');
INSERT INTO OFFER (offer_id, trip_id, driver_id, status, sent_at, responded_at) VALUES (1033, 352, 48, 'expired', '2026-04-25 18:52:05', NULL);
INSERT INTO OFFER (offer_id, trip_id, driver_id, status, sent_at, responded_at) VALUES (1034, 352, 26, 'expired', '2026-04-25 18:52:06', NULL);
INSERT INTO OFFER (offer_id, trip_id, driver_id, status, sent_at, responded_at) VALUES (1035, 352, 9, 'expired', '2026-04-25 18:52:05', NULL);
INSERT INTO OFFER (offer_id, trip_id, driver_id, status, sent_at, responded_at) VALUES (1036, 352, 8, 'rejected', '2026-04-25 18:52:09', '2026-04-25 18:52:28');
INSERT INTO PAYMENT (payment_id, trip_id, amount, platform_fee, driver_earnings, method, status, paid_at) VALUES (282, 352, 8.41, 1.68, 6.73, 'card', 'completed', '2026-04-25 19:05:55');
INSERT INTO TRIP (trip_id, rider_id, driver_id, vehicle_id, origin_lat, origin_lng, origin_address, dest_lat, dest_lng, dest_address, status, distance_km, duration_minutes, price_estimated, price_final, requested_at, accepted_at, started_at, finished_at) VALUES (353, 10, 36, 36, 40.38499048, -3.71422635, 'Plaza Javi Padilla 14 Apt. 28 , Madrid', 40.38164613, -3.74332377, 'Vial Plinio Peña 62, Madrid', 'completed', 3.25, 5, 6.88, 6.2, '2026-04-25 18:51:44', '2026-04-25 18:56:41', '2026-04-25 19:03:08', '2026-04-25 19:08:08');
INSERT INTO OFFER (offer_id, trip_id, driver_id, status, sent_at, responded_at) VALUES (1037, 353, 36, 'accepted', '2026-04-25 18:51:49', '2026-04-25 18:56:41');
INSERT INTO OFFER (offer_id, trip_id, driver_id, status, sent_at, responded_at) VALUES (1038, 353, 30, 'rejected', '2026-04-25 18:51:48', '2026-04-25 18:52:41');
INSERT INTO PAYMENT (payment_id, trip_id, amount, platform_fee, driver_earnings, method, status, paid_at) VALUES (283, 353, 6.2, 1.24, 4.96, 'card', 'completed', '2026-04-25 19:09:08');
INSERT INTO TRIP (trip_id, rider_id, driver_id, vehicle_id, origin_lat, origin_lng, origin_address, dest_lat, dest_lng, dest_address, status, distance_km, duration_minutes, price_estimated, price_final, requested_at, accepted_at, started_at, finished_at) VALUES (354, 26, 14, 14, 40.4274884, -3.68374041, 'Alameda Carmela Diaz 7 Puerta 0 , Madrid', 40.39544675, -3.60682782, 'C. de Bárbara Contreras 62 Puerta 3 , Madrid', 'completed', 9.25, 18, 15.88, 16.1, '2026-04-25 18:53:04', '2026-04-25 18:56:29', '2026-04-25 19:03:01', '2026-04-25 19:21:01');
INSERT INTO OFFER (offer_id, trip_id, driver_id, status, sent_at, responded_at) VALUES (1039, 354, 14, 'accepted', '2026-04-25 18:53:08', '2026-04-25 18:56:29');
INSERT INTO OFFER (offer_id, trip_id, driver_id, status, sent_at, responded_at) VALUES (1040, 354, 34, 'rejected', '2026-04-25 18:53:07', '2026-04-25 18:53:50');
INSERT INTO OFFER (offer_id, trip_id, driver_id, status, sent_at, responded_at) VALUES (1041, 354, 28, 'rejected', '2026-04-25 18:53:08', '2026-04-25 18:53:28');
INSERT INTO OFFER (offer_id, trip_id, driver_id, status, sent_at, responded_at) VALUES (1042, 354, 47, 'expired', '2026-04-25 18:53:06', NULL);
INSERT INTO PAYMENT (payment_id, trip_id, amount, platform_fee, driver_earnings, method, status, paid_at) VALUES (284, 354, 16.1, 3.22, 12.88, 'cash', 'completed', '2026-04-25 19:21:01');
INSERT INTO TRIP (trip_id, rider_id, driver_id, vehicle_id, origin_lat, origin_lng, origin_address, dest_lat, dest_lng, dest_address, status, distance_km, duration_minutes, price_estimated, price_final, requested_at, accepted_at, started_at, finished_at) VALUES (355, 50, 16, 16, 40.44146206, -3.68356365, 'Cuesta Coral Aguilera 28 Puerta 0 , Madrid', 40.3845512, -3.61818766, 'Vial Zacarías Zamora 4 Apt. 77 , Madrid', 'completed', 9.62, 24, 16.43, 17.44, '2026-04-25 18:51:45', '2026-04-25 18:53:40', '2026-04-25 18:55:43', '2026-04-25 19:19:43');
INSERT INTO OFFER (offer_id, trip_id, driver_id, status, sent_at, responded_at) VALUES (1043, 355, 16, 'accepted', '2026-04-25 18:51:47', '2026-04-25 18:53:40');
INSERT INTO PAYMENT (payment_id, trip_id, amount, platform_fee, driver_earnings, method, status, paid_at) VALUES (285, 355, 17.44, 3.49, 13.95, 'card', 'pending', NULL);
INSERT INTO TRIP (trip_id, rider_id, driver_id, vehicle_id, origin_lat, origin_lng, origin_address, dest_lat, dest_lng, dest_address, status, distance_km, duration_minutes, price_estimated, price_final, requested_at, accepted_at, started_at, finished_at) VALUES (356, 1, 28, 28, 40.39480128, -3.63727062, 'Plaza Josefa Casares 876, Madrid', 40.45913632, -3.67085321, 'Paseo Alcides Paniagua 203 Apt. 11 , Madrid', 'completed', 8.06, 15, 14.09, 14.57, '2026-04-25 18:51:00', '2026-04-25 18:52:25', '2026-04-25 19:00:39', '2026-04-25 19:15:39');
INSERT INTO OFFER (offer_id, trip_id, driver_id, status, sent_at, responded_at) VALUES (1044, 356, 28, 'accepted', '2026-04-25 18:51:04', '2026-04-25 18:52:25');
INSERT INTO OFFER (offer_id, trip_id, driver_id, status, sent_at, responded_at) VALUES (1045, 356, 22, 'expired', '2026-04-25 18:51:01', NULL);
INSERT INTO OFFER (offer_id, trip_id, driver_id, status, sent_at, responded_at) VALUES (1046, 356, 47, 'rejected', '2026-04-25 18:51:02', '2026-04-25 18:51:44');
INSERT INTO OFFER (offer_id, trip_id, driver_id, status, sent_at, responded_at) VALUES (1047, 356, 32, 'expired', '2026-04-25 18:51:02', NULL);
INSERT INTO PAYMENT (payment_id, trip_id, amount, platform_fee, driver_earnings, method, status, paid_at) VALUES (286, 356, 14.57, 2.91, 11.66, 'wallet', 'completed', '2026-04-25 19:16:39');
INSERT INTO TRIP (trip_id, rider_id, driver_id, vehicle_id, origin_lat, origin_lng, origin_address, dest_lat, dest_lng, dest_address, status, distance_km, duration_minutes, price_estimated, price_final, requested_at, accepted_at, started_at, finished_at) VALUES (357, 17, 22, 22, 40.40087626, -3.6800982, 'Cañada Jesús Lloret 726 Puerta 3 , Madrid', 40.41335336, -3.66294272, 'Pasadizo Arturo Matas 49, Madrid', 'completed', 2.35, 9, 5.53, 5.56, '2026-04-25 18:52:12', '2026-04-25 18:53:17', '2026-04-25 19:01:43', '2026-04-25 19:10:43');
INSERT INTO OFFER (offer_id, trip_id, driver_id, status, sent_at, responded_at) VALUES (1048, 357, 22, 'accepted', '2026-04-25 18:52:15', '2026-04-25 18:53:17');
INSERT INTO OFFER (offer_id, trip_id, driver_id, status, sent_at, responded_at) VALUES (1049, 357, 9, 'expired', '2026-04-25 18:52:15', NULL);
INSERT INTO OFFER (offer_id, trip_id, driver_id, status, sent_at, responded_at) VALUES (1050, 357, 10, 'expired', '2026-04-25 18:52:13', NULL);
INSERT INTO OFFER (offer_id, trip_id, driver_id, status, sent_at, responded_at) VALUES (1051, 357, 3, 'rejected', '2026-04-25 18:52:17', '2026-04-25 18:52:52');
INSERT INTO OFFER (offer_id, trip_id, driver_id, status, sent_at, responded_at) VALUES (1052, 357, 40, 'rejected', '2026-04-25 18:52:15', '2026-04-25 18:53:02');
INSERT INTO PAYMENT (payment_id, trip_id, amount, platform_fee, driver_earnings, method, status, paid_at) VALUES (287, 357, 5.56, 1.11, 4.45, 'wallet', 'pending', NULL);
INSERT INTO TRIP (trip_id, rider_id, driver_id, vehicle_id, origin_lat, origin_lng, origin_address, dest_lat, dest_lng, dest_address, status, distance_km, duration_minutes, price_estimated, price_final, requested_at, accepted_at, started_at, finished_at) VALUES (358, 70, NULL, NULL, 40.44470101, -3.66171664, 'Vial de Yolanda Sacristán 70, Madrid', 40.45570546, -3.71232509, 'Plaza Ale Almansa 22, Madrid', 'cancelled', 5.75, NULL, 10.62, NULL, '2026-04-25 18:50:42', NULL, NULL, NULL);
INSERT INTO OFFER (offer_id, trip_id, driver_id, status, sent_at, responded_at) VALUES (1053, 358, 29, 'expired', '2026-04-25 18:50:45', NULL);
INSERT INTO OFFER (offer_id, trip_id, driver_id, status, sent_at, responded_at) VALUES (1054, 358, 10, 'expired', '2026-04-25 18:50:47', NULL);
INSERT INTO OFFER (offer_id, trip_id, driver_id, status, sent_at, responded_at) VALUES (1055, 358, 22, 'expired', '2026-04-25 18:50:45', NULL);
INSERT INTO OFFER (offer_id, trip_id, driver_id, status, sent_at, responded_at) VALUES (1056, 358, 7, 'expired', '2026-04-25 18:50:46', NULL);
INSERT INTO TRIP (trip_id, rider_id, driver_id, vehicle_id, origin_lat, origin_lng, origin_address, dest_lat, dest_lng, dest_address, status, distance_km, duration_minutes, price_estimated, price_final, requested_at, accepted_at, started_at, finished_at) VALUES (359, 38, NULL, NULL, 40.36546809, -3.68451802, 'Cuesta de Anselmo Bernat 45, Madrid', 40.43177201, -3.67537184, 'Callejón Begoña Rey 85, Madrid', 'cancelled', 7.43, NULL, 13.14, NULL, '2026-04-25 18:51:38', NULL, NULL, NULL);
INSERT INTO OFFER (offer_id, trip_id, driver_id, status, sent_at, responded_at) VALUES (1057, 359, 34, 'expired', '2026-04-25 18:51:39', NULL);
INSERT INTO OFFER (offer_id, trip_id, driver_id, status, sent_at, responded_at) VALUES (1058, 359, 20, 'expired', '2026-04-25 18:51:43', NULL);
INSERT INTO OFFER (offer_id, trip_id, driver_id, status, sent_at, responded_at) VALUES (1059, 359, 10, 'rejected', '2026-04-25 18:51:42', '2026-04-25 18:52:23');
INSERT INTO OFFER (offer_id, trip_id, driver_id, status, sent_at, responded_at) VALUES (1060, 359, 3, 'rejected', '2026-04-25 18:51:41', '2026-04-25 18:52:32');
INSERT INTO OFFER (offer_id, trip_id, driver_id, status, sent_at, responded_at) VALUES (1061, 359, 32, 'rejected', '2026-04-25 18:51:43', '2026-04-25 18:51:49');
INSERT INTO TRIP (trip_id, rider_id, driver_id, vehicle_id, origin_lat, origin_lng, origin_address, dest_lat, dest_lng, dest_address, status, distance_km, duration_minutes, price_estimated, price_final, requested_at, accepted_at, started_at, finished_at) VALUES (360, 76, 14, 14, 40.49678187, -3.63648635, 'Acceso de Dafne Dominguez 85, Madrid', 40.39269454, -3.70275878, 'Calle Benjamín Torralba 6, Madrid', 'completed', 13.7, 27, 22.55, 20.59, '2026-04-25 18:50:38', '2026-04-25 18:54:59', '2026-04-25 18:58:59', '2026-04-25 19:25:59');
INSERT INTO OFFER (offer_id, trip_id, driver_id, status, sent_at, responded_at) VALUES (1062, 360, 14, 'accepted', '2026-04-25 18:50:42', '2026-04-25 18:54:59');
INSERT INTO PAYMENT (payment_id, trip_id, amount, platform_fee, driver_earnings, method, status, paid_at) VALUES (288, 360, 20.59, 4.12, 16.47, 'card', 'pending', NULL);

INSERT INTO TRIP (trip_id, rider_id, driver_id, vehicle_id, origin_lat, origin_lng, origin_address, dest_lat, dest_lng, dest_address, status, distance_km, duration_minutes, price_estimated, price_final, requested_at, accepted_at, started_at, finished_at) VALUES (361, 10, 34, 34, 40.35863231, -3.69239714, 'Cañada de José Luis Iñiguez 835, Madrid', 40.40508884, -3.70496465, 'Plaza Celia Giner 92, Madrid', 'completed', 5.34, 10, 10.01, 10.42, '2026-04-25 18:53:10', '2026-04-25 18:54:44', '2026-04-25 19:00:26', '2026-04-25 19:10:26');
INSERT INTO OFFER (offer_id, trip_id, driver_id, status, sent_at, responded_at) VALUES (1063, 361, 34, 'accepted', '2026-04-25 18:53:14', '2026-04-25 18:54:44');
INSERT INTO OFFER (offer_id, trip_id, driver_id, status, sent_at, responded_at) VALUES (1064, 361, 20, 'expired', '2026-04-25 18:53:11', NULL);
INSERT INTO OFFER (offer_id, trip_id, driver_id, status, sent_at, responded_at) VALUES (1065, 361, 26, 'rejected', '2026-04-25 18:53:13', '2026-04-25 18:54:05');
INSERT INTO PAYMENT (payment_id, trip_id, amount, platform_fee, driver_earnings, method, status, paid_at) VALUES (289, 361, 10.42, 2.08, 8.34, 'card', 'completed', '2026-04-25 19:11:26');
INSERT INTO TRIP (trip_id, rider_id, driver_id, vehicle_id, origin_lat, origin_lng, origin_address, dest_lat, dest_lng, dest_address, status, distance_km, duration_minutes, price_estimated, price_final, requested_at, accepted_at, started_at, finished_at) VALUES (362, 94, 26, 26, 40.4844942, -3.71808007, 'Vial de Pastora Márquez 3, Madrid', 40.482206, -3.68335452, 'Cañada de Ignacio Pulido 909, Madrid', 'in_progress', 3.86, NULL, 7.79, NULL, '2026-04-25 18:51:19', '2026-04-25 18:55:04', '2026-04-25 19:02:14', NULL);
INSERT INTO OFFER (offer_id, trip_id, driver_id, status, sent_at, responded_at) VALUES (1066, 362, 26, 'accepted', '2026-04-25 18:51:23', '2026-04-25 18:55:04');
INSERT INTO OFFER (offer_id, trip_id, driver_id, status, sent_at, responded_at) VALUES (1067, 362, 21, 'expired', '2026-04-25 18:51:23', NULL);
INSERT INTO OFFER (offer_id, trip_id, driver_id, status, sent_at, responded_at) VALUES (1068, 362, 48, 'rejected', '2026-04-25 18:51:20', '2026-04-25 18:51:40');
INSERT INTO TRIP (trip_id, rider_id, driver_id, vehicle_id, origin_lat, origin_lng, origin_address, dest_lat, dest_lng, dest_address, status, distance_km, duration_minutes, price_estimated, price_final, requested_at, accepted_at, started_at, finished_at) VALUES (363, 26, 34, 34, 40.41954616, -3.6144323, 'Pasadizo Blas Andrés 3 Piso 6 , Madrid', 40.47306507, -3.61368449, 'C. de Belen Mir 613 Apt. 73 , Madrid', 'cancelled', 5.94, NULL, 10.91, NULL, '2026-04-25 18:50:57', '2026-04-25 18:55:01', NULL, NULL);
INSERT INTO OFFER (offer_id, trip_id, driver_id, status, sent_at, responded_at) VALUES (1069, 363, 34, 'accepted', '2026-04-25 18:51:00', '2026-04-25 18:55:01');
INSERT INTO OFFER (offer_id, trip_id, driver_id, status, sent_at, responded_at) VALUES (1070, 363, 50, 'rejected', '2026-04-25 18:51:01', '2026-04-25 18:51:53');
INSERT INTO OFFER (offer_id, trip_id, driver_id, status, sent_at, responded_at) VALUES (1071, 363, 43, 'rejected', '2026-04-25 18:51:01', '2026-04-25 18:51:46');
INSERT INTO TRIP (trip_id, rider_id, driver_id, vehicle_id, origin_lat, origin_lng, origin_address, dest_lat, dest_lng, dest_address, status, distance_km, duration_minutes, price_estimated, price_final, requested_at, accepted_at, started_at, finished_at) VALUES (364, 96, 43, 43, 40.40187318, -3.62153382, 'Urbanización de Martina Vilanova 30, Madrid', 40.4534664, -3.73655473, 'C. de Benjamín Prado 47 Apt. 45 , Madrid', 'completed', 13.99, 32, 22.98, 23.73, '2026-04-25 18:51:00', '2026-04-25 18:55:28', '2026-04-25 19:02:11', '2026-04-25 19:34:11');
INSERT INTO OFFER (offer_id, trip_id, driver_id, status, sent_at, responded_at) VALUES (1072, 364, 43, 'accepted', '2026-04-25 18:51:03', '2026-04-25 18:55:28');
INSERT INTO OFFER (offer_id, trip_id, driver_id, status, sent_at, responded_at) VALUES (1073, 364, 42, 'expired', '2026-04-25 18:51:02', NULL);
INSERT INTO OFFER (offer_id, trip_id, driver_id, status, sent_at, responded_at) VALUES (1074, 364, 25, 'expired', '2026-04-25 18:51:02', NULL);
INSERT INTO OFFER (offer_id, trip_id, driver_id, status, sent_at, responded_at) VALUES (1075, 364, 10, 'expired', '2026-04-25 18:51:05', NULL);
INSERT INTO OFFER (offer_id, trip_id, driver_id, status, sent_at, responded_at) VALUES (1076, 364, 46, 'expired', '2026-04-25 18:51:03', NULL);
INSERT INTO PAYMENT (payment_id, trip_id, amount, platform_fee, driver_earnings, method, status, paid_at) VALUES (290, 364, 23.73, 4.75, 18.98, 'card', 'completed', '2026-04-25 19:35:11');
INSERT INTO TRIP (trip_id, rider_id, driver_id, vehicle_id, origin_lat, origin_lng, origin_address, dest_lat, dest_lng, dest_address, status, distance_km, duration_minutes, price_estimated, price_final, requested_at, accepted_at, started_at, finished_at) VALUES (365, 37, 2, 2, 40.43070684, -3.65156486, 'Pasaje de Jaime Carreño 2 Piso 3 , Madrid', 40.4762633, -3.69046596, 'Camino de Gloria Padilla 29 Puerta 9 , Madrid', 'cancelled', 6.65, NULL, 11.98, NULL, '2026-04-25 18:51:02', '2026-04-25 18:54:12', NULL, NULL);
INSERT INTO OFFER (offer_id, trip_id, driver_id, status, sent_at, responded_at) VALUES (1077, 365, 2, 'accepted', '2026-04-25 18:51:04', '2026-04-25 18:54:12');
INSERT INTO OFFER (offer_id, trip_id, driver_id, status, sent_at, responded_at) VALUES (1078, 365, 27, 'expired', '2026-04-25 18:51:06', NULL);
INSERT INTO OFFER (offer_id, trip_id, driver_id, status, sent_at, responded_at) VALUES (1079, 365, 13, 'rejected', '2026-04-25 18:51:03', '2026-04-25 18:51:26');
INSERT INTO TRIP (trip_id, rider_id, driver_id, vehicle_id, origin_lat, origin_lng, origin_address, dest_lat, dest_lng, dest_address, status, distance_km, duration_minutes, price_estimated, price_final, requested_at, accepted_at, started_at, finished_at) VALUES (366, 35, 14, 14, 40.39617074, -3.66446054, 'Avenida Fabiana Larrañaga 3 Apt. 53 , Madrid', 40.3624998, -3.69363935, 'Vial Íñigo Uribe 65, Madrid', 'completed', 4.95, 10, 9.43, 10.05, '2026-04-25 18:52:58', '2026-04-25 18:57:11', '2026-04-25 18:59:48', '2026-04-25 19:09:48');
INSERT INTO OFFER (offer_id, trip_id, driver_id, status, sent_at, responded_at) VALUES (1080, 366, 14, 'accepted', '2026-04-25 18:52:59', '2026-04-25 18:57:11');
INSERT INTO OFFER (offer_id, trip_id, driver_id, status, sent_at, responded_at) VALUES (1081, 366, 1, 'expired', '2026-04-25 18:52:59', NULL);
INSERT INTO PAYMENT (payment_id, trip_id, amount, platform_fee, driver_earnings, method, status, paid_at) VALUES (291, 366, 10.05, 2.01, 8.04, 'card', 'pending', NULL);
INSERT INTO TRIP (trip_id, rider_id, driver_id, vehicle_id, origin_lat, origin_lng, origin_address, dest_lat, dest_lng, dest_address, status, distance_km, duration_minutes, price_estimated, price_final, requested_at, accepted_at, started_at, finished_at) VALUES (367, 54, 19, 19, 40.48426435, -3.67385327, 'Rambla de Eduardo Plana 838 Piso 9 , Madrid', 40.45959952, -3.70345031, 'Pasaje de Merche Quiroga 33 Apt. 09 , Madrid', 'cancelled', 4.28, NULL, 8.42, NULL, '2026-04-25 18:50:13', '2026-04-25 18:54:06', NULL, NULL);
INSERT INTO OFFER (offer_id, trip_id, driver_id, status, sent_at, responded_at) VALUES (1082, 367, 19, 'accepted', '2026-04-25 18:50:17', '2026-04-25 18:54:06');
INSERT INTO OFFER (offer_id, trip_id, driver_id, status, sent_at, responded_at) VALUES (1083, 367, 27, 'rejected', '2026-04-25 18:50:16', '2026-04-25 18:51:07');
INSERT INTO OFFER (offer_id, trip_id, driver_id, status, sent_at, responded_at) VALUES (1084, 367, 3, 'expired', '2026-04-25 18:50:17', NULL);
INSERT INTO OFFER (offer_id, trip_id, driver_id, status, sent_at, responded_at) VALUES (1085, 367, 18, 'expired', '2026-04-25 18:50:17', NULL);
INSERT INTO TRIP (trip_id, rider_id, driver_id, vehicle_id, origin_lat, origin_lng, origin_address, dest_lat, dest_lng, dest_address, status, distance_km, duration_minutes, price_estimated, price_final, requested_at, accepted_at, started_at, finished_at) VALUES (368, 34, 2, 2, 40.40291796, -3.71139131, 'Pasaje Leire Iglesias 782 Puerta 2 , Madrid', 40.35046148, -3.67520901, 'Via Pía Castelló 8 Apt. 59 , Madrid', 'completed', 7.07, 13, 12.61, 12.46, '2026-04-25 18:51:13', '2026-04-25 18:53:13', '2026-04-25 19:03:06', '2026-04-25 19:16:06');
INSERT INTO OFFER (offer_id, trip_id, driver_id, status, sent_at, responded_at) VALUES (1086, 368, 2, 'accepted', '2026-04-25 18:51:16', '2026-04-25 18:53:13');
INSERT INTO OFFER (offer_id, trip_id, driver_id, status, sent_at, responded_at) VALUES (1087, 368, 36, 'rejected', '2026-04-25 18:51:14', '2026-04-25 18:51:46');
INSERT INTO OFFER (offer_id, trip_id, driver_id, status, sent_at, responded_at) VALUES (1088, 368, 33, 'expired', '2026-04-25 18:51:16', NULL);
INSERT INTO OFFER (offer_id, trip_id, driver_id, status, sent_at, responded_at) VALUES (1089, 368, 15, 'expired', '2026-04-25 18:51:15', NULL);
INSERT INTO OFFER (offer_id, trip_id, driver_id, status, sent_at, responded_at) VALUES (1090, 368, 28, 'expired', '2026-04-25 18:51:17', NULL);
INSERT INTO PAYMENT (payment_id, trip_id, amount, platform_fee, driver_earnings, method, status, paid_at) VALUES (292, 368, 12.46, 2.49, 9.97, 'card', 'pending', NULL);
INSERT INTO TRIP (trip_id, rider_id, driver_id, vehicle_id, origin_lat, origin_lng, origin_address, dest_lat, dest_lng, dest_address, status, distance_km, duration_minutes, price_estimated, price_final, requested_at, accepted_at, started_at, finished_at) VALUES (369, 78, 4, 4, 40.36216888, -3.71019449, 'Urbanización Tomasa Ferrández 246 Puerta 2 , Madrid', 40.48379945, -3.66569341, 'Acceso Azahar Quintana 856, Madrid', 'completed', 14.38, 30, 23.57, 23.24, '2026-04-25 18:51:07', '2026-04-25 18:53:11', '2026-04-25 18:59:27', '2026-04-25 19:29:27');
INSERT INTO OFFER (offer_id, trip_id, driver_id, status, sent_at, responded_at) VALUES (1091, 369, 4, 'accepted', '2026-04-25 18:51:10', '2026-04-25 18:53:11');
INSERT INTO OFFER (offer_id, trip_id, driver_id, status, sent_at, responded_at) VALUES (1092, 369, 39, 'rejected', '2026-04-25 18:51:08', '2026-04-25 18:51:47');
INSERT INTO OFFER (offer_id, trip_id, driver_id, status, sent_at, responded_at) VALUES (1093, 369, 19, 'rejected', '2026-04-25 18:51:08', '2026-04-25 18:51:38');
INSERT INTO PAYMENT (payment_id, trip_id, amount, platform_fee, driver_earnings, method, status, paid_at) VALUES (293, 369, 23.24, 4.65, 18.59, 'wallet', 'completed', '2026-04-25 19:31:27');
INSERT INTO TRIP (trip_id, rider_id, driver_id, vehicle_id, origin_lat, origin_lng, origin_address, dest_lat, dest_lng, dest_address, status, distance_km, duration_minutes, price_estimated, price_final, requested_at, accepted_at, started_at, finished_at) VALUES (370, 34, NULL, NULL, 40.37184158, -3.61026966, 'Urbanización Ciríaco Arrieta 7 Puerta 1 , Madrid', 40.35053186, -3.63123726, 'Rambla de África Bautista 919, Madrid', 'requested', 3.32, NULL, 6.98, NULL, '2026-04-25 18:51:18', NULL, NULL, NULL);
INSERT INTO OFFER (offer_id, trip_id, driver_id, status, sent_at, responded_at) VALUES (1094, 370, 46, 'expired', '2026-04-25 18:51:23', NULL);

INSERT INTO TRIP (trip_id, rider_id, driver_id, vehicle_id, origin_lat, origin_lng, origin_address, dest_lat, dest_lng, dest_address, status, distance_km, duration_minutes, price_estimated, price_final, requested_at, accepted_at, started_at, finished_at) VALUES (371, 61, 26, 26, 40.35925915, -3.68940282, 'Glorieta de Rafael Guijarro 1, Madrid', 40.37003663, -3.69338551, 'Urbanización de Maximiano Gonzalez 15, Madrid', 'completed', 1.28, 7, 3.92, 4.0, '2026-04-25 18:50:46', '2026-04-25 18:53:29', '2026-04-25 18:58:08', '2026-04-25 19:05:08');
INSERT INTO OFFER (offer_id, trip_id, driver_id, status, sent_at, responded_at) VALUES (1095, 371, 26, 'accepted', '2026-04-25 18:50:49', '2026-04-25 18:53:29');
INSERT INTO OFFER (offer_id, trip_id, driver_id, status, sent_at, responded_at) VALUES (1096, 371, 49, 'rejected', '2026-04-25 18:50:51', '2026-04-25 18:51:36');
INSERT INTO OFFER (offer_id, trip_id, driver_id, status, sent_at, responded_at) VALUES (1097, 371, 19, 'expired', '2026-04-25 18:50:51', NULL);
INSERT INTO OFFER (offer_id, trip_id, driver_id, status, sent_at, responded_at) VALUES (1098, 371, 24, 'expired', '2026-04-25 18:50:48', NULL);
INSERT INTO OFFER (offer_id, trip_id, driver_id, status, sent_at, responded_at) VALUES (1099, 371, 25, 'expired', '2026-04-25 18:50:51', NULL);
INSERT INTO PAYMENT (payment_id, trip_id, amount, platform_fee, driver_earnings, method, status, paid_at) VALUES (294, 371, 4.0, 0.8, 3.2, 'card', 'pending', NULL);
INSERT INTO TRIP (trip_id, rider_id, driver_id, vehicle_id, origin_lat, origin_lng, origin_address, dest_lat, dest_lng, dest_address, status, distance_km, duration_minutes, price_estimated, price_final, requested_at, accepted_at, started_at, finished_at) VALUES (372, 32, 43, 43, 40.48109009, -3.64991304, 'Alameda Clarisa Aguilera 72, Madrid', 40.39304781, -3.60813351, 'Pasaje Vidal Llano 60, Madrid', 'completed', 10.82, 21, 18.23, 19.66, '2026-04-25 18:52:08', '2026-04-25 18:55:29', '2026-04-25 18:59:09', '2026-04-25 19:20:09');
INSERT INTO OFFER (offer_id, trip_id, driver_id, status, sent_at, responded_at) VALUES (1100, 372, 43, 'accepted', '2026-04-25 18:52:12', '2026-04-25 18:55:29');
INSERT INTO PAYMENT (payment_id, trip_id, amount, platform_fee, driver_earnings, method, status, paid_at) VALUES (295, 372, 19.66, 3.93, 15.73, 'card', 'completed', '2026-04-25 19:22:09');
INSERT INTO TRIP (trip_id, rider_id, driver_id, vehicle_id, origin_lat, origin_lng, origin_address, dest_lat, dest_lng, dest_address, status, distance_km, duration_minutes, price_estimated, price_final, requested_at, accepted_at, started_at, finished_at) VALUES (373, 78, 32, 32, 40.36516062, -3.66569978, 'Cuesta de María Fernanda Costa 436 Apt. 20 , Madrid', 40.38191863, -3.62978384, 'Acceso de Marc Valderrama 30 Puerta 1 , Madrid', 'completed', 4.4, 12, 8.6, 9.35, '2026-04-25 18:51:47', '2026-04-25 18:53:06', '2026-04-25 18:58:25', '2026-04-25 19:10:25');
INSERT INTO OFFER (offer_id, trip_id, driver_id, status, sent_at, responded_at) VALUES (1101, 373, 32, 'accepted', '2026-04-25 18:51:49', '2026-04-25 18:53:06');
INSERT INTO OFFER (offer_id, trip_id, driver_id, status, sent_at, responded_at) VALUES (1102, 373, 28, 'rejected', '2026-04-25 18:51:50', '2026-04-25 18:52:36');
INSERT INTO OFFER (offer_id, trip_id, driver_id, status, sent_at, responded_at) VALUES (1103, 373, 4, 'expired', '2026-04-25 18:51:48', NULL);
INSERT INTO OFFER (offer_id, trip_id, driver_id, status, sent_at, responded_at) VALUES (1104, 373, 48, 'rejected', '2026-04-25 18:51:52', '2026-04-25 18:52:29');
INSERT INTO OFFER (offer_id, trip_id, driver_id, status, sent_at, responded_at) VALUES (1105, 373, 19, 'rejected', '2026-04-25 18:51:49', '2026-04-25 18:52:37');
INSERT INTO PAYMENT (payment_id, trip_id, amount, platform_fee, driver_earnings, method, status, paid_at) VALUES (296, 373, 9.35, 1.87, 7.48, 'card', 'completed', '2026-04-25 19:14:25');
INSERT INTO TRIP (trip_id, rider_id, driver_id, vehicle_id, origin_lat, origin_lng, origin_address, dest_lat, dest_lng, dest_address, status, distance_km, duration_minutes, price_estimated, price_final, requested_at, accepted_at, started_at, finished_at) VALUES (374, 27, 26, 26, 40.47480108, -3.7396072, 'Glorieta de Eduardo Feliu 64 Puerta 8 , Madrid', 40.3620661, -3.66813321, 'Callejón Heliodoro Juárez 55, Madrid', 'completed', 14.82, 29, 24.23, 25.38, '2026-04-25 18:52:29', '2026-04-25 18:53:34', '2026-04-25 19:03:20', '2026-04-25 19:32:20');
INSERT INTO OFFER (offer_id, trip_id, driver_id, status, sent_at, responded_at) VALUES (1106, 374, 26, 'accepted', '2026-04-25 18:52:32', '2026-04-25 18:53:34');
INSERT INTO PAYMENT (payment_id, trip_id, amount, platform_fee, driver_earnings, method, status, paid_at) VALUES (297, 374, 25.38, 5.08, 20.3, 'wallet', 'completed', '2026-04-25 19:35:20');
INSERT INTO TRIP (trip_id, rider_id, driver_id, vehicle_id, origin_lat, origin_lng, origin_address, dest_lat, dest_lng, dest_address, status, distance_km, duration_minutes, price_estimated, price_final, requested_at, accepted_at, started_at, finished_at) VALUES (375, 36, 41, 41, 40.36544689, -3.60153728, 'Urbanización Ricarda Benítez 3 Puerta 9 , Madrid', 40.47254899, -3.60045824, 'Cañada de Bernarda Aramburu 61 Apt. 12 , Madrid', 'completed', 11.89, 27, 19.84, 19.72, '2026-04-25 18:51:18', '2026-04-25 18:55:33', '2026-04-25 19:05:14', '2026-04-25 19:32:14');
INSERT INTO OFFER (offer_id, trip_id, driver_id, status, sent_at, responded_at) VALUES (1107, 375, 41, 'accepted', '2026-04-25 18:51:21', '2026-04-25 18:55:33');
INSERT INTO PAYMENT (payment_id, trip_id, amount, platform_fee, driver_earnings, method, status, paid_at) VALUES (298, 375, 19.72, 3.94, 15.78, 'card', 'pending', NULL);
INSERT INTO TRIP (trip_id, rider_id, driver_id, vehicle_id, origin_lat, origin_lng, origin_address, dest_lat, dest_lng, dest_address, status, distance_km, duration_minutes, price_estimated, price_final, requested_at, accepted_at, started_at, finished_at) VALUES (376, 16, 1, 1, 40.36255668, -3.72515106, 'Pasadizo de María Del Carmen Blanes 42 Puerta 4 , Madrid', 40.35618393, -3.63949672, 'Ronda de Kike Falcón 37 Puerta 1 , Madrid', 'completed', 9.53, 20, 16.29, 16.18, '2026-04-25 18:52:47', '2026-04-25 18:53:48', '2026-04-25 19:01:24', '2026-04-25 19:21:24');
INSERT INTO OFFER (offer_id, trip_id, driver_id, status, sent_at, responded_at) VALUES (1108, 376, 1, 'accepted', '2026-04-25 18:52:50', '2026-04-25 18:53:48');
INSERT INTO OFFER (offer_id, trip_id, driver_id, status, sent_at, responded_at) VALUES (1109, 376, 27, 'rejected', '2026-04-25 18:52:52', '2026-04-25 18:53:15');
INSERT INTO OFFER (offer_id, trip_id, driver_id, status, sent_at, responded_at) VALUES (1110, 376, 20, 'rejected', '2026-04-25 18:52:50', '2026-04-25 18:53:25');
INSERT INTO OFFER (offer_id, trip_id, driver_id, status, sent_at, responded_at) VALUES (1111, 376, 18, 'rejected', '2026-04-25 18:52:50', '2026-04-25 18:53:14');
INSERT INTO PAYMENT (payment_id, trip_id, amount, platform_fee, driver_earnings, method, status, paid_at) VALUES (299, 376, 16.18, 3.24, 12.94, 'card', 'pending', NULL);
INSERT INTO TRIP (trip_id, rider_id, driver_id, vehicle_id, origin_lat, origin_lng, origin_address, dest_lat, dest_lng, dest_address, status, distance_km, duration_minutes, price_estimated, price_final, requested_at, accepted_at, started_at, finished_at) VALUES (377, 65, 18, 18, 40.43627462, -3.74708346, 'Urbanización de Carmela Roda 35 Piso 4 , Madrid', 40.46614931, -3.65028637, 'Acceso de Rubén Sotelo 947, Madrid', 'completed', 11.24, 20, 18.86, 17.79, '2026-04-25 18:52:51', '2026-04-25 18:57:50', '2026-04-25 19:04:06', '2026-04-25 19:24:06');
INSERT INTO OFFER (offer_id, trip_id, driver_id, status, sent_at, responded_at) VALUES (1112, 377, 18, 'accepted', '2026-04-25 18:52:56', '2026-04-25 18:57:50');
INSERT INTO OFFER (offer_id, trip_id, driver_id, status, sent_at, responded_at) VALUES (1113, 377, 38, 'rejected', '2026-04-25 18:52:54', '2026-04-25 18:53:03');
INSERT INTO OFFER (offer_id, trip_id, driver_id, status, sent_at, responded_at) VALUES (1114, 377, 5, 'expired', '2026-04-25 18:52:55', NULL);
INSERT INTO OFFER (offer_id, trip_id, driver_id, status, sent_at, responded_at) VALUES (1115, 377, 19, 'expired', '2026-04-25 18:52:53', NULL);
INSERT INTO PAYMENT (payment_id, trip_id, amount, platform_fee, driver_earnings, method, status, paid_at) VALUES (300, 377, 17.79, 3.56, 14.23, 'cash', 'completed', '2026-04-25 19:25:06');
INSERT INTO TRIP (trip_id, rider_id, driver_id, vehicle_id, origin_lat, origin_lng, origin_address, dest_lat, dest_lng, dest_address, status, distance_km, duration_minutes, price_estimated, price_final, requested_at, accepted_at, started_at, finished_at) VALUES (378, 9, 31, 31, 40.3842401, -3.69013693, 'Calle Anacleto Sandoval 899, Madrid', 40.49006096, -3.74385206, 'Urbanización Esperanza Viña 88, Madrid', 'completed', 13.17, 28, 21.75, 20.39, '2026-04-25 18:50:28', '2026-04-25 18:54:16', '2026-04-25 19:00:35', '2026-04-25 19:28:35');
INSERT INTO OFFER (offer_id, trip_id, driver_id, status, sent_at, responded_at) VALUES (1116, 378, 31, 'accepted', '2026-04-25 18:50:30', '2026-04-25 18:54:16');
INSERT INTO OFFER (offer_id, trip_id, driver_id, status, sent_at, responded_at) VALUES (1117, 378, 44, 'expired', '2026-04-25 18:50:32', NULL);
INSERT INTO OFFER (offer_id, trip_id, driver_id, status, sent_at, responded_at) VALUES (1118, 378, 33, 'rejected', '2026-04-25 18:50:31', '2026-04-25 18:51:28');
INSERT INTO OFFER (offer_id, trip_id, driver_id, status, sent_at, responded_at) VALUES (1119, 378, 22, 'expired', '2026-04-25 18:50:29', NULL);
INSERT INTO OFFER (offer_id, trip_id, driver_id, status, sent_at, responded_at) VALUES (1120, 378, 2, 'expired', '2026-04-25 18:50:32', NULL);
INSERT INTO PAYMENT (payment_id, trip_id, amount, platform_fee, driver_earnings, method, status, paid_at) VALUES (301, 378, 20.39, 4.08, 16.31, 'cash', 'completed', '2026-04-25 19:30:35');
INSERT INTO TRIP (trip_id, rider_id, driver_id, vehicle_id, origin_lat, origin_lng, origin_address, dest_lat, dest_lng, dest_address, status, distance_km, duration_minutes, price_estimated, price_final, requested_at, accepted_at, started_at, finished_at) VALUES (379, 82, 28, 28, 40.46309112, -3.63674831, 'Plaza Jovita Águila 116, Madrid', 40.44131627, -3.66393207, 'Alameda de Jose Antonio Soto 46, Madrid', 'completed', 3.87, 9, 7.8, 7.37, '2026-04-25 18:50:40', '2026-04-25 18:53:22', '2026-04-25 18:55:29', '2026-04-25 19:04:29');
INSERT INTO OFFER (offer_id, trip_id, driver_id, status, sent_at, responded_at) VALUES (1121, 379, 28, 'accepted', '2026-04-25 18:50:42', '2026-04-25 18:53:22');
INSERT INTO OFFER (offer_id, trip_id, driver_id, status, sent_at, responded_at) VALUES (1122, 379, 11, 'rejected', '2026-04-25 18:50:42', '2026-04-25 18:51:27');
INSERT INTO OFFER (offer_id, trip_id, driver_id, status, sent_at, responded_at) VALUES (1123, 379, 35, 'expired', '2026-04-25 18:50:43', NULL);
INSERT INTO OFFER (offer_id, trip_id, driver_id, status, sent_at, responded_at) VALUES (1124, 379, 23, 'expired', '2026-04-25 18:50:43', NULL);
INSERT INTO PAYMENT (payment_id, trip_id, amount, platform_fee, driver_earnings, method, status, paid_at) VALUES (302, 379, 7.37, 1.47, 5.9, 'card', 'pending', NULL);
INSERT INTO TRIP (trip_id, rider_id, driver_id, vehicle_id, origin_lat, origin_lng, origin_address, dest_lat, dest_lng, dest_address, status, distance_km, duration_minutes, price_estimated, price_final, requested_at, accepted_at, started_at, finished_at) VALUES (380, 75, 8, 8, 40.48583565, -3.74064015, 'Cuesta de Sebastian Busquets 819 Piso 1 , Madrid', 40.39101927, -3.64430467, 'Vial Gil Cabrero 71, Madrid', 'completed', 15.0, 28, 24.5, 24.06, '2026-04-25 18:50:13', '2026-04-25 18:51:33', '2026-04-25 18:56:43', '2026-04-25 19:24:43');
INSERT INTO OFFER (offer_id, trip_id, driver_id, status, sent_at, responded_at) VALUES (1125, 380, 8, 'accepted', '2026-04-25 18:50:16', '2026-04-25 18:51:33');
INSERT INTO OFFER (offer_id, trip_id, driver_id, status, sent_at, responded_at) VALUES (1126, 380, 27, 'rejected', '2026-04-25 18:50:15', '2026-04-25 18:50:43');
INSERT INTO OFFER (offer_id, trip_id, driver_id, status, sent_at, responded_at) VALUES (1127, 380, 36, 'expired', '2026-04-25 18:50:14', NULL);
INSERT INTO PAYMENT (payment_id, trip_id, amount, platform_fee, driver_earnings, method, status, paid_at) VALUES (303, 380, 24.06, 4.81, 19.25, 'card', 'completed', '2026-04-25 19:26:43');

INSERT INTO TRIP (trip_id, rider_id, driver_id, vehicle_id, origin_lat, origin_lng, origin_address, dest_lat, dest_lng, dest_address, status, distance_km, duration_minutes, price_estimated, price_final, requested_at, accepted_at, started_at, finished_at) VALUES (381, 22, 2, 2, 40.42342222, -3.69277464, 'Glorieta de Inmaculada Corominas 33, Madrid', 40.39585538, -3.70439407, 'Paseo José Manuel Ferrer 5, Madrid', 'completed', 3.32, 11, 6.98, 7.0, '2026-04-25 18:51:36', '2026-04-25 18:53:24', '2026-04-25 18:55:58', '2026-04-25 19:06:58');
INSERT INTO OFFER (offer_id, trip_id, driver_id, status, sent_at, responded_at) VALUES (1128, 381, 2, 'accepted', '2026-04-25 18:51:40', '2026-04-25 18:53:24');
INSERT INTO OFFER (offer_id, trip_id, driver_id, status, sent_at, responded_at) VALUES (1129, 381, 49, 'expired', '2026-04-25 18:51:41', NULL);
INSERT INTO OFFER (offer_id, trip_id, driver_id, status, sent_at, responded_at) VALUES (1130, 381, 37, 'rejected', '2026-04-25 18:51:40', '2026-04-25 18:52:32');
INSERT INTO OFFER (offer_id, trip_id, driver_id, status, sent_at, responded_at) VALUES (1131, 381, 25, 'expired', '2026-04-25 18:51:38', NULL);
INSERT INTO OFFER (offer_id, trip_id, driver_id, status, sent_at, responded_at) VALUES (1132, 381, 17, 'rejected', '2026-04-25 18:51:37', '2026-04-25 18:52:08');
INSERT INTO PAYMENT (payment_id, trip_id, amount, platform_fee, driver_earnings, method, status, paid_at) VALUES (304, 381, 7.0, 1.4, 5.6, 'wallet', 'completed', '2026-04-25 19:08:58');
INSERT INTO TRIP (trip_id, rider_id, driver_id, vehicle_id, origin_lat, origin_lng, origin_address, dest_lat, dest_lng, dest_address, status, distance_km, duration_minutes, price_estimated, price_final, requested_at, accepted_at, started_at, finished_at) VALUES (382, 96, NULL, NULL, 40.46954345, -3.73482496, 'C. de Renato Esteve 497, Madrid', 40.37128918, -3.62129019, 'Acceso Maribel Estrada 44, Madrid', 'cancelled', 16.67, NULL, 27.01, NULL, '2026-04-25 18:53:00', NULL, NULL, NULL);
INSERT INTO OFFER (offer_id, trip_id, driver_id, status, sent_at, responded_at) VALUES (1133, 382, 44, 'expired', '2026-04-25 18:53:04', NULL);
INSERT INTO TRIP (trip_id, rider_id, driver_id, vehicle_id, origin_lat, origin_lng, origin_address, dest_lat, dest_lng, dest_address, status, distance_km, duration_minutes, price_estimated, price_final, requested_at, accepted_at, started_at, finished_at) VALUES (383, 26, 31, 31, 40.41291145, -3.63335351, 'Plaza Micaela Gallardo 6 Apt. 84 , Madrid', 40.37626591, -3.68718334, 'Ronda de Begoña Gomila 12, Madrid', 'completed', 7.23, 16, 12.85, 12.85, '2026-04-25 18:52:14', '2026-04-25 18:55:23', '2026-04-25 19:03:36', '2026-04-25 19:19:36');
INSERT INTO OFFER (offer_id, trip_id, driver_id, status, sent_at, responded_at) VALUES (1134, 383, 31, 'accepted', '2026-04-25 18:52:19', '2026-04-25 18:55:23');
INSERT INTO OFFER (offer_id, trip_id, driver_id, status, sent_at, responded_at) VALUES (1135, 383, 8, 'rejected', '2026-04-25 18:52:18', '2026-04-25 18:53:07');
INSERT INTO OFFER (offer_id, trip_id, driver_id, status, sent_at, responded_at) VALUES (1136, 383, 16, 'rejected', '2026-04-25 18:52:15', '2026-04-25 18:52:58');
INSERT INTO OFFER (offer_id, trip_id, driver_id, status, sent_at, responded_at) VALUES (1137, 383, 21, 'rejected', '2026-04-25 18:52:16', '2026-04-25 18:53:07');
INSERT INTO PAYMENT (payment_id, trip_id, amount, platform_fee, driver_earnings, method, status, paid_at) VALUES (305, 383, 12.85, 2.57, 10.28, 'wallet', 'completed', '2026-04-25 19:21:36');
INSERT INTO TRIP (trip_id, rider_id, driver_id, vehicle_id, origin_lat, origin_lng, origin_address, dest_lat, dest_lng, dest_address, status, distance_km, duration_minutes, price_estimated, price_final, requested_at, accepted_at, started_at, finished_at) VALUES (384, 35, 35, 35, 40.47420784, -3.74744596, 'Acceso Palmira Macias 600, Madrid', 40.37444072, -3.62360355, 'Pasadizo de Noa Agullo 299 Puerta 2 , Madrid', 'completed', 17.65, 38, 28.47, 30.75, '2026-04-25 18:52:10', '2026-04-25 18:56:08', '2026-04-25 18:58:28', '2026-04-25 19:36:28');
INSERT INTO OFFER (offer_id, trip_id, driver_id, status, sent_at, responded_at) VALUES (1138, 384, 35, 'accepted', '2026-04-25 18:52:13', '2026-04-25 18:56:08');
INSERT INTO OFFER (offer_id, trip_id, driver_id, status, sent_at, responded_at) VALUES (1139, 384, 8, 'rejected', '2026-04-25 18:52:14', '2026-04-25 18:52:55');
INSERT INTO PAYMENT (payment_id, trip_id, amount, platform_fee, driver_earnings, method, status, paid_at) VALUES (306, 384, 30.75, 6.15, 24.6, 'wallet', 'completed', '2026-04-25 19:36:28');
INSERT INTO TRIP (trip_id, rider_id, driver_id, vehicle_id, origin_lat, origin_lng, origin_address, dest_lat, dest_lng, dest_address, status, distance_km, duration_minutes, price_estimated, price_final, requested_at, accepted_at, started_at, finished_at) VALUES (385, 65, 23, 23, 40.48544781, -3.72009694, 'Plaza Feliciano Rocamora 10 Puerta 3 , Madrid', 40.36548864, -3.67973603, 'Pasaje de Carmen Andreu 86 Apt. 19 , Madrid', 'completed', 14.05, 29, 23.08, 22.93, '2026-04-25 18:50:13', '2026-04-25 18:52:59', '2026-04-25 19:01:03', '2026-04-25 19:30:03');
INSERT INTO OFFER (offer_id, trip_id, driver_id, status, sent_at, responded_at) VALUES (1140, 385, 23, 'accepted', '2026-04-25 18:50:15', '2026-04-25 18:52:59');
INSERT INTO OFFER (offer_id, trip_id, driver_id, status, sent_at, responded_at) VALUES (1141, 385, 36, 'rejected', '2026-04-25 18:50:14', '2026-04-25 18:51:12');
INSERT INTO OFFER (offer_id, trip_id, driver_id, status, sent_at, responded_at) VALUES (1142, 385, 8, 'expired', '2026-04-25 18:50:15', NULL);
INSERT INTO PAYMENT (payment_id, trip_id, amount, platform_fee, driver_earnings, method, status, paid_at) VALUES (307, 385, 22.93, 4.59, 18.34, 'card', 'completed', '2026-04-25 19:32:03');
INSERT INTO TRIP (trip_id, rider_id, driver_id, vehicle_id, origin_lat, origin_lng, origin_address, dest_lat, dest_lng, dest_address, status, distance_km, duration_minutes, price_estimated, price_final, requested_at, accepted_at, started_at, finished_at) VALUES (386, 89, 43, 43, 40.36212158, -3.72956625, 'Calle de Isidora Carlos 136 Puerta 4 , Madrid', 40.43503743, -3.73293605, 'Acceso Calixto Pagès 27 Puerta 9 , Madrid', 'completed', 8.1, 16, 14.15, 13.11, '2026-04-25 18:50:38', '2026-04-25 18:54:24', '2026-04-25 19:02:15', '2026-04-25 19:18:15');
INSERT INTO OFFER (offer_id, trip_id, driver_id, status, sent_at, responded_at) VALUES (1143, 386, 43, 'accepted', '2026-04-25 18:50:42', '2026-04-25 18:54:24');
INSERT INTO OFFER (offer_id, trip_id, driver_id, status, sent_at, responded_at) VALUES (1144, 386, 10, 'expired', '2026-04-25 18:50:43', NULL);
INSERT INTO OFFER (offer_id, trip_id, driver_id, status, sent_at, responded_at) VALUES (1145, 386, 23, 'rejected', '2026-04-25 18:50:41', '2026-04-25 18:51:26');
INSERT INTO OFFER (offer_id, trip_id, driver_id, status, sent_at, responded_at) VALUES (1146, 386, 26, 'rejected', '2026-04-25 18:50:42', '2026-04-25 18:50:55');
INSERT INTO PAYMENT (payment_id, trip_id, amount, platform_fee, driver_earnings, method, status, paid_at) VALUES (308, 386, 13.11, 2.62, 10.49, 'wallet', 'completed', '2026-04-25 19:19:15');
INSERT INTO TRIP (trip_id, rider_id, driver_id, vehicle_id, origin_lat, origin_lng, origin_address, dest_lat, dest_lng, dest_address, status, distance_km, duration_minutes, price_estimated, price_final, requested_at, accepted_at, started_at, finished_at) VALUES (387, 57, 21, 21, 40.47472748, -3.72448869, 'Vial de Lilia Ramón 9, Madrid', 40.48747108, -3.69774596, 'Rambla de Jose Carlos Huerta 9 Puerta 5 , Madrid', 'completed', 3.29, 5, 6.94, 6.72, '2026-04-25 18:50:26', '2026-04-25 18:52:52', '2026-04-25 18:58:50', '2026-04-25 19:03:50');
INSERT INTO OFFER (offer_id, trip_id, driver_id, status, sent_at, responded_at) VALUES (1147, 387, 21, 'accepted', '2026-04-25 18:50:28', '2026-04-25 18:52:52');
INSERT INTO OFFER (offer_id, trip_id, driver_id, status, sent_at, responded_at) VALUES (1148, 387, 7, 'rejected', '2026-04-25 18:50:29', '2026-04-25 18:51:19');
INSERT INTO OFFER (offer_id, trip_id, driver_id, status, sent_at, responded_at) VALUES (1149, 387, 42, 'expired', '2026-04-25 18:50:27', NULL);
INSERT INTO PAYMENT (payment_id, trip_id, amount, platform_fee, driver_earnings, method, status, paid_at) VALUES (309, 387, 6.72, 1.34, 5.38, 'card', 'completed', '2026-04-25 19:06:50');
INSERT INTO TRIP (trip_id, rider_id, driver_id, vehicle_id, origin_lat, origin_lng, origin_address, dest_lat, dest_lng, dest_address, status, distance_km, duration_minutes, price_estimated, price_final, requested_at, accepted_at, started_at, finished_at) VALUES (388, 90, 45, 45, 40.43778969, -3.68368796, 'Pasaje Encarnación Pascual 99 Piso 9 , Madrid', 40.43065088, -3.63070299, 'Via de Tristán Esparza 8 Piso 4 , Madrid', 'completed', 5.93, 12, 10.89, 10.67, '2026-04-25 18:52:04', '2026-04-25 18:54:30', '2026-04-25 18:58:18', '2026-04-25 19:10:18');
INSERT INTO OFFER (offer_id, trip_id, driver_id, status, sent_at, responded_at) VALUES (1150, 388, 45, 'accepted', '2026-04-25 18:52:06', '2026-04-25 18:54:30');
INSERT INTO OFFER (offer_id, trip_id, driver_id, status, sent_at, responded_at) VALUES (1151, 388, 38, 'rejected', '2026-04-25 18:52:08', '2026-04-25 18:52:30');
INSERT INTO OFFER (offer_id, trip_id, driver_id, status, sent_at, responded_at) VALUES (1152, 388, 8, 'rejected', '2026-04-25 18:52:07', '2026-04-25 18:52:30');
INSERT INTO PAYMENT (payment_id, trip_id, amount, platform_fee, driver_earnings, method, status, paid_at) VALUES (310, 388, 10.67, 2.13, 8.54, 'cash', 'pending', NULL);
INSERT INTO TRIP (trip_id, rider_id, driver_id, vehicle_id, origin_lat, origin_lng, origin_address, dest_lat, dest_lng, dest_address, status, distance_km, duration_minutes, price_estimated, price_final, requested_at, accepted_at, started_at, finished_at) VALUES (389, 12, 39, 39, 40.38754675, -3.67619207, 'Calle Aitor Quintana 16, Madrid', 40.35113516, -3.63388092, 'Avenida de Azahar Esparza 4 Piso 5 , Madrid', 'completed', 6.2, 10, 11.3, 11.5, '2026-04-25 18:51:12', '2026-04-25 18:54:18', '2026-04-25 19:00:36', '2026-04-25 19:10:36');
INSERT INTO OFFER (offer_id, trip_id, driver_id, status, sent_at, responded_at) VALUES (1153, 389, 39, 'accepted', '2026-04-25 18:51:17', '2026-04-25 18:54:18');
INSERT INTO OFFER (offer_id, trip_id, driver_id, status, sent_at, responded_at) VALUES (1154, 389, 7, 'expired', '2026-04-25 18:51:15', NULL);
INSERT INTO PAYMENT (payment_id, trip_id, amount, platform_fee, driver_earnings, method, status, paid_at) VALUES (311, 389, 11.5, 2.3, 9.2, 'card', 'completed', '2026-04-25 19:15:36');
INSERT INTO TRIP (trip_id, rider_id, driver_id, vehicle_id, origin_lat, origin_lng, origin_address, dest_lat, dest_lng, dest_address, status, distance_km, duration_minutes, price_estimated, price_final, requested_at, accepted_at, started_at, finished_at) VALUES (390, 10, 30, 30, 40.47847638, -3.65263045, 'Pasadizo Salvador Mascaró 276 Puerta 6 , Madrid', 40.40895342, -3.65458006, 'Plaza Cruz Garmendia 8 Apt. 07 , Madrid', 'in_progress', 7.72, NULL, 13.58, NULL, '2026-04-25 18:51:28', '2026-04-25 18:55:12', '2026-04-25 18:57:13', NULL);
INSERT INTO OFFER (offer_id, trip_id, driver_id, status, sent_at, responded_at) VALUES (1155, 390, 30, 'accepted', '2026-04-25 18:51:29', '2026-04-25 18:55:12');
INSERT INTO OFFER (offer_id, trip_id, driver_id, status, sent_at, responded_at) VALUES (1156, 390, 17, 'rejected', '2026-04-25 18:51:33', '2026-04-25 18:51:56');
INSERT INTO OFFER (offer_id, trip_id, driver_id, status, sent_at, responded_at) VALUES (1157, 390, 37, 'rejected', '2026-04-25 18:51:31', '2026-04-25 18:52:14');
INSERT INTO OFFER (offer_id, trip_id, driver_id, status, sent_at, responded_at) VALUES (1158, 390, 8, 'expired', '2026-04-25 18:51:31', NULL);
INSERT INTO OFFER (offer_id, trip_id, driver_id, status, sent_at, responded_at) VALUES (1159, 390, 10, 'rejected', '2026-04-25 18:51:32', '2026-04-25 18:52:15');

INSERT INTO TRIP (trip_id, rider_id, driver_id, vehicle_id, origin_lat, origin_lng, origin_address, dest_lat, dest_lng, dest_address, status, distance_km, duration_minutes, price_estimated, price_final, requested_at, accepted_at, started_at, finished_at) VALUES (391, 63, 45, 45, 40.43363943, -3.68473508, 'Paseo de Dionisia Mascaró 21 Apt. 30 , Madrid', 40.49324414, -3.63047901, 'Pasaje de Teobaldo Casals 89 Puerta 6 , Madrid', 'completed', 8.95, 21, 15.42, 14.62, '2026-04-25 18:50:43', '2026-04-25 18:54:50', '2026-04-25 18:57:36', '2026-04-25 19:18:36');
INSERT INTO OFFER (offer_id, trip_id, driver_id, status, sent_at, responded_at) VALUES (1160, 391, 45, 'accepted', '2026-04-25 18:50:48', '2026-04-25 18:54:50');
INSERT INTO OFFER (offer_id, trip_id, driver_id, status, sent_at, responded_at) VALUES (1161, 391, 50, 'rejected', '2026-04-25 18:50:45', '2026-04-25 18:51:06');
INSERT INTO OFFER (offer_id, trip_id, driver_id, status, sent_at, responded_at) VALUES (1162, 391, 33, 'rejected', '2026-04-25 18:50:44', '2026-04-25 18:51:26');
INSERT INTO OFFER (offer_id, trip_id, driver_id, status, sent_at, responded_at) VALUES (1163, 391, 29, 'expired', '2026-04-25 18:50:44', NULL);
INSERT INTO PAYMENT (payment_id, trip_id, amount, platform_fee, driver_earnings, method, status, paid_at) VALUES (312, 391, 14.62, 2.92, 11.7, 'wallet', 'completed', '2026-04-25 19:18:36');
INSERT INTO TRIP (trip_id, rider_id, driver_id, vehicle_id, origin_lat, origin_lng, origin_address, dest_lat, dest_lng, dest_address, status, distance_km, duration_minutes, price_estimated, price_final, requested_at, accepted_at, started_at, finished_at) VALUES (392, 29, 11, 11, 40.48315099, -3.65780644, 'Cañada Danilo Corral 526, Madrid', 40.44069992, -3.68455935, 'Acceso Dominga Solís 734, Madrid', 'completed', 5.57, 10, 10.36, 10.97, '2026-04-25 18:51:20', '2026-04-25 18:54:36', '2026-04-25 19:03:50', '2026-04-25 19:13:50');
INSERT INTO OFFER (offer_id, trip_id, driver_id, status, sent_at, responded_at) VALUES (1164, 392, 50, 'rejected', '2026-04-25 18:51:25', '2026-04-25 18:51:57');
INSERT INTO OFFER (offer_id, trip_id, driver_id, status, sent_at, responded_at) VALUES (1165, 392, 9, 'expired', '2026-04-25 18:51:25', NULL);
INSERT INTO OFFER (offer_id, trip_id, driver_id, status, sent_at, responded_at) VALUES (1166, 392, 19, 'expired', '2026-04-25 18:51:25', NULL);
INSERT INTO OFFER (offer_id, trip_id, driver_id, status, sent_at, responded_at) VALUES (1167, 392, 11, 'accepted', '2026-04-25 18:51:25', '2026-04-25 18:54:36');
INSERT INTO PAYMENT (payment_id, trip_id, amount, platform_fee, driver_earnings, method, status, paid_at) VALUES (313, 392, 10.97, 2.19, 8.78, 'cash', 'pending', NULL);
INSERT INTO TRIP (trip_id, rider_id, driver_id, vehicle_id, origin_lat, origin_lng, origin_address, dest_lat, dest_lng, dest_address, status, distance_km, duration_minutes, price_estimated, price_final, requested_at, accepted_at, started_at, finished_at) VALUES (393, 58, NULL, NULL, 40.40508258, -3.71709426, 'Vial de Eloísa Barrena 31 Puerta 1 , Madrid', 40.38998875, -3.71094416, 'Urbanización José Ángel Beltran 90 Puerta 0 , Madrid', 'cancelled', 1.81, NULL, 4.71, NULL, '2026-04-25 18:52:45', NULL, NULL, NULL);
INSERT INTO OFFER (offer_id, trip_id, driver_id, status, sent_at, responded_at) VALUES (1168, 393, 4, 'expired', '2026-04-25 18:52:49', NULL);
INSERT INTO OFFER (offer_id, trip_id, driver_id, status, sent_at, responded_at) VALUES (1169, 393, 48, 'rejected', '2026-04-25 18:52:50', '2026-04-25 18:53:32');
INSERT INTO OFFER (offer_id, trip_id, driver_id, status, sent_at, responded_at) VALUES (1170, 393, 18, 'expired', '2026-04-25 18:52:46', NULL);
INSERT INTO OFFER (offer_id, trip_id, driver_id, status, sent_at, responded_at) VALUES (1171, 393, 49, 'rejected', '2026-04-25 18:52:47', '2026-04-25 18:53:16');
INSERT INTO TRIP (trip_id, rider_id, driver_id, vehicle_id, origin_lat, origin_lng, origin_address, dest_lat, dest_lng, dest_address, status, distance_km, duration_minutes, price_estimated, price_final, requested_at, accepted_at, started_at, finished_at) VALUES (394, 79, 31, 31, 40.43434057, -3.73348328, 'Plaza Alejandra Palau 58, Madrid', 40.39777112, -3.65080293, 'Rambla de Domitila Alegria 78 Piso 1 , Madrid', 'completed', 10.04, 21, 17.06, 17.14, '2026-04-25 18:50:31', '2026-04-25 18:52:42', '2026-04-25 19:01:02', '2026-04-25 19:22:02');
INSERT INTO OFFER (offer_id, trip_id, driver_id, status, sent_at, responded_at) VALUES (1172, 394, 31, 'accepted', '2026-04-25 18:50:33', '2026-04-25 18:52:42');
INSERT INTO OFFER (offer_id, trip_id, driver_id, status, sent_at, responded_at) VALUES (1173, 394, 1, 'expired', '2026-04-25 18:50:34', NULL);
INSERT INTO OFFER (offer_id, trip_id, driver_id, status, sent_at, responded_at) VALUES (1174, 394, 2, 'expired', '2026-04-25 18:50:34', NULL);
INSERT INTO OFFER (offer_id, trip_id, driver_id, status, sent_at, responded_at) VALUES (1175, 394, 8, 'rejected', '2026-04-25 18:50:33', '2026-04-25 18:51:31');
INSERT INTO PAYMENT (payment_id, trip_id, amount, platform_fee, driver_earnings, method, status, paid_at) VALUES (314, 394, 17.14, 3.43, 13.71, 'card', 'pending', NULL);
INSERT INTO TRIP (trip_id, rider_id, driver_id, vehicle_id, origin_lat, origin_lng, origin_address, dest_lat, dest_lng, dest_address, status, distance_km, duration_minutes, price_estimated, price_final, requested_at, accepted_at, started_at, finished_at) VALUES (395, 70, 50, 50, 40.43579933, -3.69292702, 'Alameda Emiliana Acosta 47 Puerta 3 , Madrid', 40.37746276, -3.70110939, 'Vial de Alondra Lopez 338, Madrid', 'completed', 6.54, 12, 11.81, 10.97, '2026-04-25 18:52:05', '2026-04-25 18:56:49', '2026-04-25 19:00:46', '2026-04-25 19:12:46');
INSERT INTO OFFER (offer_id, trip_id, driver_id, status, sent_at, responded_at) VALUES (1176, 395, 50, 'accepted', '2026-04-25 18:52:09', '2026-04-25 18:56:49');
INSERT INTO PAYMENT (payment_id, trip_id, amount, platform_fee, driver_earnings, method, status, paid_at) VALUES (315, 395, 10.97, 2.19, 8.78, 'wallet', 'completed', '2026-04-25 19:14:46');
INSERT INTO TRIP (trip_id, rider_id, driver_id, vehicle_id, origin_lat, origin_lng, origin_address, dest_lat, dest_lng, dest_address, status, distance_km, duration_minutes, price_estimated, price_final, requested_at, accepted_at, started_at, finished_at) VALUES (396, 86, NULL, NULL, 40.49654295, -3.64790002, 'Avenida de Elba Macías 55 Piso 0 , Madrid', 40.42935267, -3.72471101, 'Calle de Josué Gaya 779, Madrid', 'requested', 11.33, NULL, 19.0, NULL, '2026-04-25 18:51:36', NULL, NULL, NULL);
INSERT INTO OFFER (offer_id, trip_id, driver_id, status, sent_at, responded_at) VALUES (1177, 396, 42, 'expired', '2026-04-25 18:51:39', NULL);
INSERT INTO OFFER (offer_id, trip_id, driver_id, status, sent_at, responded_at) VALUES (1178, 396, 6, 'rejected', '2026-04-25 18:51:38', '2026-04-25 18:52:22');
INSERT INTO TRIP (trip_id, rider_id, driver_id, vehicle_id, origin_lat, origin_lng, origin_address, dest_lat, dest_lng, dest_address, status, distance_km, duration_minutes, price_estimated, price_final, requested_at, accepted_at, started_at, finished_at) VALUES (397, 63, 36, 36, 40.48291173, -3.60216497, 'Avenida de Hilda Pera 9 Puerta 5 , Madrid', 40.47413346, -3.65068076, 'Plaza de Poncio Roig 80 Puerta 9 , Madrid', 'completed', 5.47, 12, 10.21, 9.84, '2026-04-25 18:50:41', '2026-04-25 18:55:27', '2026-04-25 19:01:30', '2026-04-25 19:13:30');
INSERT INTO OFFER (offer_id, trip_id, driver_id, status, sent_at, responded_at) VALUES (1179, 397, 36, 'accepted', '2026-04-25 18:50:42', '2026-04-25 18:55:27');
INSERT INTO OFFER (offer_id, trip_id, driver_id, status, sent_at, responded_at) VALUES (1180, 397, 21, 'rejected', '2026-04-25 18:50:42', '2026-04-25 18:51:27');
INSERT INTO PAYMENT (payment_id, trip_id, amount, platform_fee, driver_earnings, method, status, paid_at) VALUES (316, 397, 9.84, 1.97, 7.87, 'card', 'pending', NULL);
INSERT INTO TRIP (trip_id, rider_id, driver_id, vehicle_id, origin_lat, origin_lng, origin_address, dest_lat, dest_lng, dest_address, status, distance_km, duration_minutes, price_estimated, price_final, requested_at, accepted_at, started_at, finished_at) VALUES (398, 55, 22, 22, 40.46048246, -3.63930276, 'Glorieta Feliciano Samper 19 Puerta 5 , Madrid', 40.45578928, -3.60569903, 'C. Febe Gárate 29 Puerta 3 , Madrid', 'completed', 3.77, 8, 7.66, 7.77, '2026-04-25 18:52:06', '2026-04-25 18:55:32', '2026-04-25 19:01:58', '2026-04-25 19:09:58');
INSERT INTO OFFER (offer_id, trip_id, driver_id, status, sent_at, responded_at) VALUES (1181, 398, 22, 'accepted', '2026-04-25 18:52:08', '2026-04-25 18:55:32');
INSERT INTO PAYMENT (payment_id, trip_id, amount, platform_fee, driver_earnings, method, status, paid_at) VALUES (317, 398, 7.77, 1.55, 6.22, 'card', 'pending', NULL);
INSERT INTO TRIP (trip_id, rider_id, driver_id, vehicle_id, origin_lat, origin_lng, origin_address, dest_lat, dest_lng, dest_address, status, distance_km, duration_minutes, price_estimated, price_final, requested_at, accepted_at, started_at, finished_at) VALUES (399, 91, 47, 47, 40.47775295, -3.64671499, 'Alameda Augusto Lopez 653 Piso 2 , Madrid', 40.36859522, -3.63481497, 'Vial Dimas Angulo 36, Madrid', 'completed', 12.19, 23, 20.29, 20.82, '2026-04-25 18:52:01', '2026-04-25 18:54:32', '2026-04-25 18:59:46', '2026-04-25 19:22:46');
INSERT INTO OFFER (offer_id, trip_id, driver_id, status, sent_at, responded_at) VALUES (1182, 399, 47, 'accepted', '2026-04-25 18:52:04', '2026-04-25 18:54:32');
INSERT INTO OFFER (offer_id, trip_id, driver_id, status, sent_at, responded_at) VALUES (1183, 399, 29, 'rejected', '2026-04-25 18:52:02', '2026-04-25 18:52:13');
INSERT INTO OFFER (offer_id, trip_id, driver_id, status, sent_at, responded_at) VALUES (1184, 399, 25, 'expired', '2026-04-25 18:52:03', NULL);
INSERT INTO OFFER (offer_id, trip_id, driver_id, status, sent_at, responded_at) VALUES (1185, 399, 19, 'expired', '2026-04-25 18:52:06', NULL);
INSERT INTO OFFER (offer_id, trip_id, driver_id, status, sent_at, responded_at) VALUES (1186, 399, 44, 'expired', '2026-04-25 18:52:04', NULL);
INSERT INTO PAYMENT (payment_id, trip_id, amount, platform_fee, driver_earnings, method, status, paid_at) VALUES (318, 399, 20.82, 4.16, 16.66, 'card', 'completed', '2026-04-25 19:27:46');
INSERT INTO TRIP (trip_id, rider_id, driver_id, vehicle_id, origin_lat, origin_lng, origin_address, dest_lat, dest_lng, dest_address, status, distance_km, duration_minutes, price_estimated, price_final, requested_at, accepted_at, started_at, finished_at) VALUES (400, 44, 15, 15, 40.38308187, -3.65404685, 'Cuesta de Nando Yuste 1, Madrid', 40.45312994, -3.61178948, 'Urbanización Lola Araujo 23 Piso 8 , Madrid', 'completed', 9.08, 21, 15.62, 14.32, '2026-04-25 18:50:51', '2026-04-25 18:54:02', '2026-04-25 18:59:34', '2026-04-25 19:20:34');
INSERT INTO OFFER (offer_id, trip_id, driver_id, status, sent_at, responded_at) VALUES (1187, 400, 15, 'accepted', '2026-04-25 18:50:52', '2026-04-25 18:54:02');
INSERT INTO OFFER (offer_id, trip_id, driver_id, status, sent_at, responded_at) VALUES (1188, 400, 16, 'expired', '2026-04-25 18:50:55', NULL);
INSERT INTO OFFER (offer_id, trip_id, driver_id, status, sent_at, responded_at) VALUES (1189, 400, 47, 'expired', '2026-04-25 18:50:56', NULL);
INSERT INTO PAYMENT (payment_id, trip_id, amount, platform_fee, driver_earnings, method, status, paid_at) VALUES (319, 400, 14.32, 2.86, 11.46, 'wallet', 'completed', '2026-04-25 19:21:34');

INSERT INTO TRIP (trip_id, rider_id, driver_id, vehicle_id, origin_lat, origin_lng, origin_address, dest_lat, dest_lng, dest_address, status, distance_km, duration_minutes, price_estimated, price_final, requested_at, accepted_at, started_at, finished_at) VALUES (401, 67, 9, 9, 40.43946313, -3.64608262, 'Urbanización Hugo Vicente 463 Apt. 12 , Madrid', 40.38359018, -3.64524006, 'Via de Prudencio Caparrós 236, Madrid', 'completed', 6.2, 14, 11.3, 11.18, '2026-04-25 18:51:16', '2026-04-25 18:53:55', '2026-04-25 18:59:43', '2026-04-25 19:13:43');
INSERT INTO OFFER (offer_id, trip_id, driver_id, status, sent_at, responded_at) VALUES (1190, 401, 9, 'accepted', '2026-04-25 18:51:18', '2026-04-25 18:53:55');
INSERT INTO OFFER (offer_id, trip_id, driver_id, status, sent_at, responded_at) VALUES (1191, 401, 15, 'rejected', '2026-04-25 18:51:19', '2026-04-25 18:51:42');
INSERT INTO OFFER (offer_id, trip_id, driver_id, status, sent_at, responded_at) VALUES (1192, 401, 37, 'expired', '2026-04-25 18:51:18', NULL);
INSERT INTO OFFER (offer_id, trip_id, driver_id, status, sent_at, responded_at) VALUES (1193, 401, 41, 'rejected', '2026-04-25 18:51:20', '2026-04-25 18:51:55');
INSERT INTO OFFER (offer_id, trip_id, driver_id, status, sent_at, responded_at) VALUES (1194, 401, 34, 'rejected', '2026-04-25 18:51:18', '2026-04-25 18:52:05');
INSERT INTO PAYMENT (payment_id, trip_id, amount, platform_fee, driver_earnings, method, status, paid_at) VALUES (320, 401, 11.18, 2.24, 8.94, 'cash', 'completed', '2026-04-25 19:18:43');
INSERT INTO TRIP (trip_id, rider_id, driver_id, vehicle_id, origin_lat, origin_lng, origin_address, dest_lat, dest_lng, dest_address, status, distance_km, duration_minutes, price_estimated, price_final, requested_at, accepted_at, started_at, finished_at) VALUES (402, 18, 15, 15, 40.47848207, -3.72481279, 'Ronda de Felix Blanes 1 Puerta 7 , Madrid', 40.42870184, -3.68667745, 'Callejón de Cayetano Rojas 8, Madrid', 'cancelled', 6.96, NULL, 12.44, NULL, '2026-04-25 18:50:53', '2026-04-25 18:52:40', NULL, NULL);
INSERT INTO OFFER (offer_id, trip_id, driver_id, status, sent_at, responded_at) VALUES (1195, 402, 15, 'accepted', '2026-04-25 18:50:58', '2026-04-25 18:52:40');
INSERT INTO OFFER (offer_id, trip_id, driver_id, status, sent_at, responded_at) VALUES (1196, 402, 46, 'expired', '2026-04-25 18:50:58', NULL);
INSERT INTO TRIP (trip_id, rider_id, driver_id, vehicle_id, origin_lat, origin_lng, origin_address, dest_lat, dest_lng, dest_address, status, distance_km, duration_minutes, price_estimated, price_final, requested_at, accepted_at, started_at, finished_at) VALUES (403, 23, 34, 34, 40.49431362, -3.63187808, 'Cañada Chema Izaguirre 68, Madrid', 40.42818555, -3.7059898, 'Vial de Lucía Merino 94 Piso 3 , Madrid', 'completed', 11.03, 22, 18.54, 16.81, '2026-04-25 18:52:14', '2026-04-25 18:54:48', '2026-04-25 19:04:48', '2026-04-25 19:26:48');
INSERT INTO OFFER (offer_id, trip_id, driver_id, status, sent_at, responded_at) VALUES (1197, 403, 34, 'accepted', '2026-04-25 18:52:18', '2026-04-25 18:54:48');
INSERT INTO OFFER (offer_id, trip_id, driver_id, status, sent_at, responded_at) VALUES (1198, 403, 23, 'rejected', '2026-04-25 18:52:18', '2026-04-25 18:53:02');
INSERT INTO OFFER (offer_id, trip_id, driver_id, status, sent_at, responded_at) VALUES (1199, 403, 20, 'expired', '2026-04-25 18:52:17', NULL);
INSERT INTO PAYMENT (payment_id, trip_id, amount, platform_fee, driver_earnings, method, status, paid_at) VALUES (321, 403, 16.81, 3.36, 13.45, 'card', 'completed', '2026-04-25 19:27:48');
INSERT INTO TRIP (trip_id, rider_id, driver_id, vehicle_id, origin_lat, origin_lng, origin_address, dest_lat, dest_lng, dest_address, status, distance_km, duration_minutes, price_estimated, price_final, requested_at, accepted_at, started_at, finished_at) VALUES (404, 74, NULL, NULL, 40.43671938, -3.6356489, 'Pasadizo de Balduino Domingo 94 Piso 4 , Madrid', 40.45921547, -3.60926277, 'Avenida Nuria Fajardo 264, Madrid', 'cancelled', 3.85, NULL, 7.78, NULL, '2026-04-25 18:53:09', NULL, NULL, NULL);
INSERT INTO OFFER (offer_id, trip_id, driver_id, status, sent_at, responded_at) VALUES (1200, 404, 39, 'expired', '2026-04-25 18:53:10', NULL);
INSERT INTO OFFER (offer_id, trip_id, driver_id, status, sent_at, responded_at) VALUES (1201, 404, 30, 'expired', '2026-04-25 18:53:13', NULL);
INSERT INTO OFFER (offer_id, trip_id, driver_id, status, sent_at, responded_at) VALUES (1202, 404, 38, 'expired', '2026-04-25 18:53:12', NULL);
INSERT INTO OFFER (offer_id, trip_id, driver_id, status, sent_at, responded_at) VALUES (1203, 404, 20, 'expired', '2026-04-25 18:53:11', NULL);
INSERT INTO TRIP (trip_id, rider_id, driver_id, vehicle_id, origin_lat, origin_lng, origin_address, dest_lat, dest_lng, dest_address, status, distance_km, duration_minutes, price_estimated, price_final, requested_at, accepted_at, started_at, finished_at) VALUES (405, 68, 26, 26, 40.39951277, -3.62348099, 'Acceso de Jafet Ferrándiz 27 Puerta 9 , Madrid', 40.49299512, -3.61105406, 'Via de Socorro Almagro 7 Piso 4 , Madrid', 'completed', 10.47, 25, 17.71, 18.66, '2026-04-25 18:50:49', '2026-04-25 18:54:40', '2026-04-25 18:57:26', '2026-04-25 19:22:26');
INSERT INTO OFFER (offer_id, trip_id, driver_id, status, sent_at, responded_at) VALUES (1204, 405, 26, 'accepted', '2026-04-25 18:50:52', '2026-04-25 18:54:40');
INSERT INTO OFFER (offer_id, trip_id, driver_id, status, sent_at, responded_at) VALUES (1205, 405, 10, 'rejected', '2026-04-25 18:50:53', '2026-04-25 18:51:43');
INSERT INTO OFFER (offer_id, trip_id, driver_id, status, sent_at, responded_at) VALUES (1206, 405, 41, 'expired', '2026-04-25 18:50:54', NULL);
INSERT INTO OFFER (offer_id, trip_id, driver_id, status, sent_at, responded_at) VALUES (1207, 405, 36, 'rejected', '2026-04-25 18:50:50', '2026-04-25 18:51:21');
INSERT INTO OFFER (offer_id, trip_id, driver_id, status, sent_at, responded_at) VALUES (1208, 405, 30, 'expired', '2026-04-25 18:50:51', NULL);
INSERT INTO PAYMENT (payment_id, trip_id, amount, platform_fee, driver_earnings, method, status, paid_at) VALUES (322, 405, 18.66, 3.73, 14.93, 'card', 'completed', '2026-04-25 19:25:26');
INSERT INTO TRIP (trip_id, rider_id, driver_id, vehicle_id, origin_lat, origin_lng, origin_address, dest_lat, dest_lng, dest_address, status, distance_km, duration_minutes, price_estimated, price_final, requested_at, accepted_at, started_at, finished_at) VALUES (406, 60, 14, 14, 40.39451745, -3.7178542, 'Vial de Nazaret Bayón 5, Madrid', 40.3921008, -3.68005724, 'Via Máximo Cerdá 31, Madrid', 'completed', 4.2, 10, 8.3, 8.49, '2026-04-25 18:52:31', '2026-04-25 18:55:59', '2026-04-25 18:58:55', '2026-04-25 19:08:55');
INSERT INTO OFFER (offer_id, trip_id, driver_id, status, sent_at, responded_at) VALUES (1209, 406, 14, 'accepted', '2026-04-25 18:52:32', '2026-04-25 18:55:59');
INSERT INTO OFFER (offer_id, trip_id, driver_id, status, sent_at, responded_at) VALUES (1210, 406, 1, 'rejected', '2026-04-25 18:52:35', '2026-04-25 18:53:20');
INSERT INTO OFFER (offer_id, trip_id, driver_id, status, sent_at, responded_at) VALUES (1211, 406, 30, 'expired', '2026-04-25 18:52:36', NULL);
INSERT INTO OFFER (offer_id, trip_id, driver_id, status, sent_at, responded_at) VALUES (1212, 406, 50, 'expired', '2026-04-25 18:52:32', NULL);
INSERT INTO OFFER (offer_id, trip_id, driver_id, status, sent_at, responded_at) VALUES (1213, 406, 4, 'rejected', '2026-04-25 18:52:32', '2026-04-25 18:53:19');
INSERT INTO PAYMENT (payment_id, trip_id, amount, platform_fee, driver_earnings, method, status, paid_at) VALUES (323, 406, 8.49, 1.7, 6.79, 'card', 'completed', '2026-04-25 19:11:55');
INSERT INTO TRIP (trip_id, rider_id, driver_id, vehicle_id, origin_lat, origin_lng, origin_address, dest_lat, dest_lng, dest_address, status, distance_km, duration_minutes, price_estimated, price_final, requested_at, accepted_at, started_at, finished_at) VALUES (407, 36, 42, 42, 40.35031554, -3.65272348, 'Glorieta Raúl Viñas 38 Piso 7 , Madrid', 40.43909692, -3.69725187, 'Avenida Clemente Piñol 59, Madrid', 'completed', 11.02, 20, 18.53, 19.28, '2026-04-25 18:52:59', '2026-04-25 18:55:35', '2026-04-25 19:03:43', '2026-04-25 19:23:43');
INSERT INTO OFFER (offer_id, trip_id, driver_id, status, sent_at, responded_at) VALUES (1214, 407, 42, 'accepted', '2026-04-25 18:53:04', '2026-04-25 18:55:35');
INSERT INTO OFFER (offer_id, trip_id, driver_id, status, sent_at, responded_at) VALUES (1215, 407, 1, 'expired', '2026-04-25 18:53:01', NULL);
INSERT INTO OFFER (offer_id, trip_id, driver_id, status, sent_at, responded_at) VALUES (1216, 407, 18, 'rejected', '2026-04-25 18:53:02', '2026-04-25 18:53:58');
INSERT INTO OFFER (offer_id, trip_id, driver_id, status, sent_at, responded_at) VALUES (1217, 407, 3, 'expired', '2026-04-25 18:53:03', NULL);
INSERT INTO PAYMENT (payment_id, trip_id, amount, platform_fee, driver_earnings, method, status, paid_at) VALUES (324, 407, 19.28, 3.86, 15.42, 'cash', 'pending', NULL);
INSERT INTO TRIP (trip_id, rider_id, driver_id, vehicle_id, origin_lat, origin_lng, origin_address, dest_lat, dest_lng, dest_address, status, distance_km, duration_minutes, price_estimated, price_final, requested_at, accepted_at, started_at, finished_at) VALUES (408, 52, 11, 11, 40.39181548, -3.7250499, 'Cuesta Edgardo Lastra 18, Madrid', 40.49380245, -3.65848037, 'Rambla de Isaías Pedro 92 Puerta 7 , Madrid', 'completed', 13.52, 31, 22.28, 23.94, '2026-04-25 18:52:38', '2026-04-25 18:55:46', '2026-04-25 19:00:04', '2026-04-25 19:31:04');
INSERT INTO OFFER (offer_id, trip_id, driver_id, status, sent_at, responded_at) VALUES (1218, 408, 11, 'accepted', '2026-04-25 18:52:43', '2026-04-25 18:55:46');
INSERT INTO OFFER (offer_id, trip_id, driver_id, status, sent_at, responded_at) VALUES (1219, 408, 15, 'expired', '2026-04-25 18:52:39', NULL);
INSERT INTO OFFER (offer_id, trip_id, driver_id, status, sent_at, responded_at) VALUES (1220, 408, 37, 'expired', '2026-04-25 18:52:42', NULL);
INSERT INTO PAYMENT (payment_id, trip_id, amount, platform_fee, driver_earnings, method, status, paid_at) VALUES (325, 408, 23.94, 4.79, 19.15, 'wallet', 'completed', '2026-04-25 19:35:04');
INSERT INTO TRIP (trip_id, rider_id, driver_id, vehicle_id, origin_lat, origin_lng, origin_address, dest_lat, dest_lng, dest_address, status, distance_km, duration_minutes, price_estimated, price_final, requested_at, accepted_at, started_at, finished_at) VALUES (409, 22, 34, 34, 40.42738623, -3.72628833, 'Urbanización de Candela Canales 21 Piso 2 , Madrid', 40.38944572, -3.6339749, 'Camino de María Carmen Téllez 8, Madrid', 'completed', 11.08, 21, 18.62, 16.99, '2026-04-25 18:52:50', '2026-04-25 18:56:26', '2026-04-25 19:01:59', '2026-04-25 19:22:59');
INSERT INTO OFFER (offer_id, trip_id, driver_id, status, sent_at, responded_at) VALUES (1221, 409, 34, 'accepted', '2026-04-25 18:52:51', '2026-04-25 18:56:26');
INSERT INTO OFFER (offer_id, trip_id, driver_id, status, sent_at, responded_at) VALUES (1222, 409, 10, 'rejected', '2026-04-25 18:52:52', '2026-04-25 18:53:44');
INSERT INTO PAYMENT (payment_id, trip_id, amount, platform_fee, driver_earnings, method, status, paid_at) VALUES (326, 409, 16.99, 3.4, 13.59, 'cash', 'completed', '2026-04-25 19:26:59');
INSERT INTO TRIP (trip_id, rider_id, driver_id, vehicle_id, origin_lat, origin_lng, origin_address, dest_lat, dest_lng, dest_address, status, distance_km, duration_minutes, price_estimated, price_final, requested_at, accepted_at, started_at, finished_at) VALUES (410, 39, 2, 2, 40.44597646, -3.72517459, 'Paseo de Roldán Baeza 4, Madrid', 40.35272302, -3.74615671, 'Paseo de Armida Cobo 86 Piso 7 , Madrid', 'completed', 10.61, 24, 17.91, 17.7, '2026-04-25 18:51:59', '2026-04-25 18:54:03', '2026-04-25 18:58:52', '2026-04-25 19:22:52');
INSERT INTO OFFER (offer_id, trip_id, driver_id, status, sent_at, responded_at) VALUES (1223, 410, 2, 'accepted', '2026-04-25 18:52:03', '2026-04-25 18:54:03');
INSERT INTO PAYMENT (payment_id, trip_id, amount, platform_fee, driver_earnings, method, status, paid_at) VALUES (327, 410, 17.7, 3.54, 14.16, 'card', 'pending', NULL);

INSERT INTO TRIP (trip_id, rider_id, driver_id, vehicle_id, origin_lat, origin_lng, origin_address, dest_lat, dest_lng, dest_address, status, distance_km, duration_minutes, price_estimated, price_final, requested_at, accepted_at, started_at, finished_at) VALUES (411, 99, 12, 12, 40.38045182, -3.66380781, 'Urbanización de Amílcar Martín 72 Piso 6 , Madrid', 40.47787959, -3.74871852, 'Paseo de Malena Roselló 57 Puerta 2 , Madrid', 'completed', 14.35, 31, 23.52, 24.99, '2026-04-25 18:52:18', '2026-04-25 18:56:48', '2026-04-25 19:03:35', '2026-04-25 19:34:35');
INSERT INTO OFFER (offer_id, trip_id, driver_id, status, sent_at, responded_at) VALUES (1224, 411, 12, 'accepted', '2026-04-25 18:52:19', '2026-04-25 18:56:48');
INSERT INTO OFFER (offer_id, trip_id, driver_id, status, sent_at, responded_at) VALUES (1225, 411, 29, 'rejected', '2026-04-25 18:52:22', '2026-04-25 18:52:51');
INSERT INTO PAYMENT (payment_id, trip_id, amount, platform_fee, driver_earnings, method, status, paid_at) VALUES (328, 411, 24.99, 5.0, 19.99, 'cash', 'completed', '2026-04-25 19:34:35');
INSERT INTO TRIP (trip_id, rider_id, driver_id, vehicle_id, origin_lat, origin_lng, origin_address, dest_lat, dest_lng, dest_address, status, distance_km, duration_minutes, price_estimated, price_final, requested_at, accepted_at, started_at, finished_at) VALUES (412, 41, 48, 48, 40.47784468, -3.70873366, 'Cuesta Dafne Revilla 6 Puerta 8 , Madrid', 40.45175331, -3.70299177, 'Glorieta de Luisa Roca 861, Madrid', 'completed', 2.97, 9, 6.46, 6.08, '2026-04-25 18:52:36', '2026-04-25 18:55:43', '2026-04-25 19:00:54', '2026-04-25 19:09:54');
INSERT INTO OFFER (offer_id, trip_id, driver_id, status, sent_at, responded_at) VALUES (1226, 412, 48, 'accepted', '2026-04-25 18:52:41', '2026-04-25 18:55:43');
INSERT INTO OFFER (offer_id, trip_id, driver_id, status, sent_at, responded_at) VALUES (1227, 412, 49, 'rejected', '2026-04-25 18:52:37', '2026-04-25 18:53:29');
INSERT INTO OFFER (offer_id, trip_id, driver_id, status, sent_at, responded_at) VALUES (1228, 412, 47, 'expired', '2026-04-25 18:52:39', NULL);
INSERT INTO OFFER (offer_id, trip_id, driver_id, status, sent_at, responded_at) VALUES (1229, 412, 20, 'rejected', '2026-04-25 18:52:39', '2026-04-25 18:52:55');
INSERT INTO OFFER (offer_id, trip_id, driver_id, status, sent_at, responded_at) VALUES (1230, 412, 42, 'rejected', '2026-04-25 18:52:37', '2026-04-25 18:53:27');
INSERT INTO PAYMENT (payment_id, trip_id, amount, platform_fee, driver_earnings, method, status, paid_at) VALUES (329, 412, 6.08, 1.22, 4.86, 'card', 'pending', NULL);
INSERT INTO TRIP (trip_id, rider_id, driver_id, vehicle_id, origin_lat, origin_lng, origin_address, dest_lat, dest_lng, dest_address, status, distance_km, duration_minutes, price_estimated, price_final, requested_at, accepted_at, started_at, finished_at) VALUES (413, 7, 43, 43, 40.48462153, -3.74771528, 'Pasaje Gisela Román 74 Piso 8 , Madrid', 40.47484376, -3.61910499, 'Plaza de Calixta Amo 52, Madrid', 'completed', 14.32, 31, 23.48, 23.76, '2026-04-25 18:53:03', '2026-04-25 18:54:59', '2026-04-25 19:04:21', '2026-04-25 19:35:21');
INSERT INTO OFFER (offer_id, trip_id, driver_id, status, sent_at, responded_at) VALUES (1231, 413, 43, 'accepted', '2026-04-25 18:53:08', '2026-04-25 18:54:59');
INSERT INTO PAYMENT (payment_id, trip_id, amount, platform_fee, driver_earnings, method, status, paid_at) VALUES (330, 413, 23.76, 4.75, 19.01, 'card', 'completed', '2026-04-25 19:39:21');
INSERT INTO TRIP (trip_id, rider_id, driver_id, vehicle_id, origin_lat, origin_lng, origin_address, dest_lat, dest_lng, dest_address, status, distance_km, duration_minutes, price_estimated, price_final, requested_at, accepted_at, started_at, finished_at) VALUES (414, 93, 45, 45, 40.38799269, -3.68737514, 'Ronda Ricarda Patiño 48 Apt. 02 , Madrid', 40.38055026, -3.71483382, 'Rambla Ismael Plaza 20, Madrid', 'completed', 3.16, 11, 6.74, 6.09, '2026-04-25 18:51:03', '2026-04-25 18:52:32', '2026-04-25 19:02:06', '2026-04-25 19:13:06');
INSERT INTO OFFER (offer_id, trip_id, driver_id, status, sent_at, responded_at) VALUES (1232, 414, 45, 'accepted', '2026-04-25 18:51:08', '2026-04-25 18:52:32');
INSERT INTO OFFER (offer_id, trip_id, driver_id, status, sent_at, responded_at) VALUES (1233, 414, 35, 'rejected', '2026-04-25 18:51:07', '2026-04-25 18:51:46');
INSERT INTO OFFER (offer_id, trip_id, driver_id, status, sent_at, responded_at) VALUES (1234, 414, 24, 'rejected', '2026-04-25 18:51:08', '2026-04-25 18:51:40');
INSERT INTO OFFER (offer_id, trip_id, driver_id, status, sent_at, responded_at) VALUES (1235, 414, 40, 'rejected', '2026-04-25 18:51:05', '2026-04-25 18:51:17');
INSERT INTO PAYMENT (payment_id, trip_id, amount, platform_fee, driver_earnings, method, status, paid_at) VALUES (331, 414, 6.09, 1.22, 4.87, 'card', 'pending', NULL);
INSERT INTO TRIP (trip_id, rider_id, driver_id, vehicle_id, origin_lat, origin_lng, origin_address, dest_lat, dest_lng, dest_address, status, distance_km, duration_minutes, price_estimated, price_final, requested_at, accepted_at, started_at, finished_at) VALUES (415, 97, 34, 34, 40.41758026, -3.60485525, 'Avenida de Juan Bautista Alvarado 4 Puerta 5 , Madrid', 40.44170719, -3.63055536, 'Paseo Edu Bonilla 890, Madrid', 'completed', 3.91, 9, 7.87, 8.1, '2026-04-25 18:51:03', '2026-04-25 18:55:13', '2026-04-25 19:04:58', '2026-04-25 19:13:58');
INSERT INTO OFFER (offer_id, trip_id, driver_id, status, sent_at, responded_at) VALUES (1236, 415, 34, 'accepted', '2026-04-25 18:51:06', '2026-04-25 18:55:13');
INSERT INTO OFFER (offer_id, trip_id, driver_id, status, sent_at, responded_at) VALUES (1237, 415, 32, 'rejected', '2026-04-25 18:51:06', '2026-04-25 18:51:20');
INSERT INTO OFFER (offer_id, trip_id, driver_id, status, sent_at, responded_at) VALUES (1238, 415, 45, 'rejected', '2026-04-25 18:51:05', '2026-04-25 18:51:48');
INSERT INTO OFFER (offer_id, trip_id, driver_id, status, sent_at, responded_at) VALUES (1239, 415, 10, 'rejected', '2026-04-25 18:51:08', '2026-04-25 18:51:16');
INSERT INTO PAYMENT (payment_id, trip_id, amount, platform_fee, driver_earnings, method, status, paid_at) VALUES (332, 415, 8.1, 1.62, 6.48, 'card', 'completed', '2026-04-25 19:14:58');
INSERT INTO TRIP (trip_id, rider_id, driver_id, vehicle_id, origin_lat, origin_lng, origin_address, dest_lat, dest_lng, dest_address, status, distance_km, duration_minutes, price_estimated, price_final, requested_at, accepted_at, started_at, finished_at) VALUES (416, 75, 27, 27, 40.41696374, -3.71836233, 'Paseo Tecla Cañete 4 Puerta 3 , Madrid', 40.44077877, -3.64226702, 'Cañada de Baltasar Mayo 58, Madrid', 'completed', 8.85, 20, 15.27, 15.03, '2026-04-25 18:53:10', '2026-04-25 18:55:04', '2026-04-25 18:58:31', '2026-04-25 19:18:31');
INSERT INTO OFFER (offer_id, trip_id, driver_id, status, sent_at, responded_at) VALUES (1240, 416, 27, 'accepted', '2026-04-25 18:53:15', '2026-04-25 18:55:04');
INSERT INTO PAYMENT (payment_id, trip_id, amount, platform_fee, driver_earnings, method, status, paid_at) VALUES (333, 416, 15.03, 3.01, 12.02, 'cash', 'completed', '2026-04-25 19:20:31');
INSERT INTO TRIP (trip_id, rider_id, driver_id, vehicle_id, origin_lat, origin_lng, origin_address, dest_lat, dest_lng, dest_address, status, distance_km, duration_minutes, price_estimated, price_final, requested_at, accepted_at, started_at, finished_at) VALUES (417, 87, 41, 41, 40.38148974, -3.6446715, 'Glorieta Olga Iñiguez 36 Piso 0 , Madrid', 40.48603248, -3.66408554, 'Cuesta de Cloe Diez 5 Apt. 96 , Madrid', 'completed', 11.8, 27, 19.7, 21.26, '2026-04-25 18:50:54', '2026-04-25 18:53:54', '2026-04-25 19:00:59', '2026-04-25 19:27:59');
INSERT INTO OFFER (offer_id, trip_id, driver_id, status, sent_at, responded_at) VALUES (1241, 417, 41, 'accepted', '2026-04-25 18:50:57', '2026-04-25 18:53:54');
INSERT INTO PAYMENT (payment_id, trip_id, amount, platform_fee, driver_earnings, method, status, paid_at) VALUES (334, 417, 21.26, 4.25, 17.01, 'card', 'completed', '2026-04-25 19:28:59');
INSERT INTO TRIP (trip_id, rider_id, driver_id, vehicle_id, origin_lat, origin_lng, origin_address, dest_lat, dest_lng, dest_address, status, distance_km, duration_minutes, price_estimated, price_final, requested_at, accepted_at, started_at, finished_at) VALUES (418, 21, NULL, NULL, 40.44290162, -3.65517095, 'Paseo Severo Ribera 69 Apt. 26 , Madrid', 40.4887337, -3.66552481, 'Ronda Carlito Enríquez 83 Piso 3 , Madrid', 'cancelled', 5.22, NULL, 9.83, NULL, '2026-04-25 18:52:21', NULL, NULL, NULL);
INSERT INTO OFFER (offer_id, trip_id, driver_id, status, sent_at, responded_at) VALUES (1242, 418, 15, 'expired', '2026-04-25 18:52:25', NULL);
INSERT INTO OFFER (offer_id, trip_id, driver_id, status, sent_at, responded_at) VALUES (1243, 418, 6, 'rejected', '2026-04-25 18:52:25', '2026-04-25 18:53:12');
INSERT INTO OFFER (offer_id, trip_id, driver_id, status, sent_at, responded_at) VALUES (1244, 418, 33, 'expired', '2026-04-25 18:52:24', NULL);
INSERT INTO OFFER (offer_id, trip_id, driver_id, status, sent_at, responded_at) VALUES (1245, 418, 40, 'expired', '2026-04-25 18:52:26', NULL);
INSERT INTO OFFER (offer_id, trip_id, driver_id, status, sent_at, responded_at) VALUES (1246, 418, 9, 'rejected', '2026-04-25 18:52:22', '2026-04-25 18:53:20');
INSERT INTO TRIP (trip_id, rider_id, driver_id, vehicle_id, origin_lat, origin_lng, origin_address, dest_lat, dest_lng, dest_address, status, distance_km, duration_minutes, price_estimated, price_final, requested_at, accepted_at, started_at, finished_at) VALUES (419, 72, 28, 28, 40.474124, -3.64637677, 'Via de Lucila Crespi 3 Apt. 77 , Madrid', 40.42685849, -3.60232374, 'Glorieta Albina Raya 7, Madrid', 'completed', 7.17, 15, 12.75, 12.72, '2026-04-25 18:50:34', '2026-04-25 18:54:51', '2026-04-25 19:02:52', '2026-04-25 19:17:52');
INSERT INTO OFFER (offer_id, trip_id, driver_id, status, sent_at, responded_at) VALUES (1247, 419, 28, 'accepted', '2026-04-25 18:50:38', '2026-04-25 18:54:51');
INSERT INTO PAYMENT (payment_id, trip_id, amount, platform_fee, driver_earnings, method, status, paid_at) VALUES (335, 419, 12.72, 2.54, 10.18, 'card', 'pending', NULL);
INSERT INTO TRIP (trip_id, rider_id, driver_id, vehicle_id, origin_lat, origin_lng, origin_address, dest_lat, dest_lng, dest_address, status, distance_km, duration_minutes, price_estimated, price_final, requested_at, accepted_at, started_at, finished_at) VALUES (420, 43, 19, 19, 40.36595837, -3.69238341, 'C. de Teresita Mendez 485, Madrid', 40.4407971, -3.65093172, 'Callejón de Marc Mariño 15, Madrid', 'completed', 9.5, 20, 16.25, 15.18, '2026-04-25 18:52:15', '2026-04-25 18:55:00', '2026-04-25 18:57:48', '2026-04-25 19:17:48');
INSERT INTO OFFER (offer_id, trip_id, driver_id, status, sent_at, responded_at) VALUES (1248, 420, 19, 'accepted', '2026-04-25 18:52:20', '2026-04-25 18:55:00');
INSERT INTO OFFER (offer_id, trip_id, driver_id, status, sent_at, responded_at) VALUES (1249, 420, 44, 'rejected', '2026-04-25 18:52:20', '2026-04-25 18:52:36');
INSERT INTO OFFER (offer_id, trip_id, driver_id, status, sent_at, responded_at) VALUES (1250, 420, 31, 'expired', '2026-04-25 18:52:18', NULL);
INSERT INTO OFFER (offer_id, trip_id, driver_id, status, sent_at, responded_at) VALUES (1251, 420, 25, 'rejected', '2026-04-25 18:52:16', '2026-04-25 18:52:37');
INSERT INTO OFFER (offer_id, trip_id, driver_id, status, sent_at, responded_at) VALUES (1252, 420, 48, 'rejected', '2026-04-25 18:52:16', '2026-04-25 18:52:38');
INSERT INTO PAYMENT (payment_id, trip_id, amount, platform_fee, driver_earnings, method, status, paid_at) VALUES (336, 420, 15.18, 3.04, 12.14, 'wallet', 'pending', NULL);

INSERT INTO TRIP (trip_id, rider_id, driver_id, vehicle_id, origin_lat, origin_lng, origin_address, dest_lat, dest_lng, dest_address, status, distance_km, duration_minutes, price_estimated, price_final, requested_at, accepted_at, started_at, finished_at) VALUES (421, 57, 48, 48, 40.46061686, -3.6624356, 'Cuesta de Marta Folch 5 Apt. 42 , Madrid', 40.43572296, -3.63291161, 'Cuesta de Lorena Briones 8, Madrid', 'completed', 4.29, 8, 8.44, 9.2, '2026-04-25 18:51:32', '2026-04-25 18:52:39', '2026-04-25 18:56:39', '2026-04-25 19:04:39');
INSERT INTO OFFER (offer_id, trip_id, driver_id, status, sent_at, responded_at) VALUES (1253, 421, 46, 'rejected', '2026-04-25 18:51:34', '2026-04-25 18:52:29');
INSERT INTO OFFER (offer_id, trip_id, driver_id, status, sent_at, responded_at) VALUES (1254, 421, 48, 'accepted', '2026-04-25 18:51:36', '2026-04-25 18:52:39');
INSERT INTO OFFER (offer_id, trip_id, driver_id, status, sent_at, responded_at) VALUES (1255, 421, 47, 'expired', '2026-04-25 18:51:33', NULL);
INSERT INTO OFFER (offer_id, trip_id, driver_id, status, sent_at, responded_at) VALUES (1256, 421, 2, 'expired', '2026-04-25 18:51:36', NULL);
INSERT INTO OFFER (offer_id, trip_id, driver_id, status, sent_at, responded_at) VALUES (1257, 421, 5, 'expired', '2026-04-25 18:51:35', NULL);
INSERT INTO PAYMENT (payment_id, trip_id, amount, platform_fee, driver_earnings, method, status, paid_at) VALUES (337, 421, 9.2, 1.84, 7.36, 'cash', 'completed', '2026-04-25 19:05:39');
INSERT INTO TRIP (trip_id, rider_id, driver_id, vehicle_id, origin_lat, origin_lng, origin_address, dest_lat, dest_lng, dest_address, status, distance_km, duration_minutes, price_estimated, price_final, requested_at, accepted_at, started_at, finished_at) VALUES (422, 89, 46, 46, 40.42652532, -3.74772583, 'Calle de Agustina Pedrero 96, Madrid', 40.41063241, -3.71694065, 'Callejón Amaro Arco 8, Madrid', 'completed', 3.85, 7, 7.78, 7.21, '2026-04-25 18:50:38', '2026-04-25 18:55:34', '2026-04-25 19:02:55', '2026-04-25 19:09:55');
INSERT INTO OFFER (offer_id, trip_id, driver_id, status, sent_at, responded_at) VALUES (1258, 422, 46, 'accepted', '2026-04-25 18:50:42', '2026-04-25 18:55:34');
INSERT INTO OFFER (offer_id, trip_id, driver_id, status, sent_at, responded_at) VALUES (1259, 422, 2, 'rejected', '2026-04-25 18:50:42', '2026-04-25 18:50:52');
INSERT INTO OFFER (offer_id, trip_id, driver_id, status, sent_at, responded_at) VALUES (1260, 422, 3, 'rejected', '2026-04-25 18:50:43', '2026-04-25 18:51:04');
INSERT INTO OFFER (offer_id, trip_id, driver_id, status, sent_at, responded_at) VALUES (1261, 422, 31, 'rejected', '2026-04-25 18:50:41', '2026-04-25 18:50:58');
INSERT INTO PAYMENT (payment_id, trip_id, amount, platform_fee, driver_earnings, method, status, paid_at) VALUES (338, 422, 7.21, 1.44, 5.77, 'cash', 'completed', '2026-04-25 19:11:55');
INSERT INTO TRIP (trip_id, rider_id, driver_id, vehicle_id, origin_lat, origin_lng, origin_address, dest_lat, dest_lng, dest_address, status, distance_km, duration_minutes, price_estimated, price_final, requested_at, accepted_at, started_at, finished_at) VALUES (423, 64, 20, 20, 40.37065825, -3.71578161, 'Vial de Abilio Montaña 4 Puerta 2 , Madrid', 40.49760122, -3.60660574, 'Callejón de Roxana Orozco 41, Madrid', 'completed', 18.59, 42, 29.88, 28.52, '2026-04-25 18:52:52', '2026-04-25 18:54:12', '2026-04-25 19:03:07', '2026-04-25 19:45:07');
INSERT INTO OFFER (offer_id, trip_id, driver_id, status, sent_at, responded_at) VALUES (1262, 423, 20, 'accepted', '2026-04-25 18:52:56', '2026-04-25 18:54:12');
INSERT INTO OFFER (offer_id, trip_id, driver_id, status, sent_at, responded_at) VALUES (1263, 423, 48, 'rejected', '2026-04-25 18:52:57', '2026-04-25 18:53:39');
INSERT INTO PAYMENT (payment_id, trip_id, amount, platform_fee, driver_earnings, method, status, paid_at) VALUES (339, 423, 28.52, 5.7, 22.82, 'card', 'completed', '2026-04-25 19:46:07');
INSERT INTO TRIP (trip_id, rider_id, driver_id, vehicle_id, origin_lat, origin_lng, origin_address, dest_lat, dest_lng, dest_address, status, distance_km, duration_minutes, price_estimated, price_final, requested_at, accepted_at, started_at, finished_at) VALUES (424, 60, 22, 22, 40.48229921, -3.69907441, 'Glorieta de Estela Miguel 57, Madrid', 40.46027776, -3.68641693, 'Plaza Melania Samper 8 Puerta 5 , Madrid', 'completed', 2.82, 4, 6.23, 6.52, '2026-04-25 18:51:15', '2026-04-25 18:53:36', '2026-04-25 18:57:48', '2026-04-25 19:01:48');
INSERT INTO OFFER (offer_id, trip_id, driver_id, status, sent_at, responded_at) VALUES (1264, 424, 22, 'accepted', '2026-04-25 18:51:19', '2026-04-25 18:53:36');
INSERT INTO PAYMENT (payment_id, trip_id, amount, platform_fee, driver_earnings, method, status, paid_at) VALUES (340, 424, 6.52, 1.3, 5.22, 'cash', 'pending', NULL);
INSERT INTO TRIP (trip_id, rider_id, driver_id, vehicle_id, origin_lat, origin_lng, origin_address, dest_lat, dest_lng, dest_address, status, distance_km, duration_minutes, price_estimated, price_final, requested_at, accepted_at, started_at, finished_at) VALUES (425, 60, 38, 38, 40.35362998, -3.72136187, 'Callejón de Flor Amores 21, Madrid', 40.39136513, -3.64467504, 'Acceso Epifanio Iglesia 16 Puerta 0 , Madrid', 'completed', 9.49, 23, 16.23, 16.08, '2026-04-25 18:53:12', '2026-04-25 18:57:53', '2026-04-25 19:00:55', '2026-04-25 19:23:55');
INSERT INTO OFFER (offer_id, trip_id, driver_id, status, sent_at, responded_at) VALUES (1265, 425, 38, 'accepted', '2026-04-25 18:53:13', '2026-04-25 18:57:53');
INSERT INTO OFFER (offer_id, trip_id, driver_id, status, sent_at, responded_at) VALUES (1266, 425, 31, 'rejected', '2026-04-25 18:53:13', '2026-04-25 18:53:42');
INSERT INTO OFFER (offer_id, trip_id, driver_id, status, sent_at, responded_at) VALUES (1267, 425, 15, 'rejected', '2026-04-25 18:53:16', '2026-04-25 18:53:58');
INSERT INTO PAYMENT (payment_id, trip_id, amount, platform_fee, driver_earnings, method, status, paid_at) VALUES (341, 425, 16.08, 3.22, 12.86, 'wallet', 'completed', '2026-04-25 19:23:55');
INSERT INTO TRIP (trip_id, rider_id, driver_id, vehicle_id, origin_lat, origin_lng, origin_address, dest_lat, dest_lng, dest_address, status, distance_km, duration_minutes, price_estimated, price_final, requested_at, accepted_at, started_at, finished_at) VALUES (426, 57, 9, 9, 40.4395252, -3.63064871, 'Urbanización Ámbar Calleja 14, Madrid', 40.44194882, -3.60323916, 'Pasadizo de Remigio Esparza 23 Puerta 1 , Madrid', 'completed', 3.05, 9, 6.57, 6.43, '2026-04-25 18:52:47', '2026-04-25 18:57:28', '2026-04-25 19:04:39', '2026-04-25 19:13:39');
INSERT INTO OFFER (offer_id, trip_id, driver_id, status, sent_at, responded_at) VALUES (1268, 426, 9, 'accepted', '2026-04-25 18:52:49', '2026-04-25 18:57:28');
INSERT INTO OFFER (offer_id, trip_id, driver_id, status, sent_at, responded_at) VALUES (1269, 426, 32, 'rejected', '2026-04-25 18:52:48', '2026-04-25 18:53:14');
INSERT INTO OFFER (offer_id, trip_id, driver_id, status, sent_at, responded_at) VALUES (1270, 426, 45, 'expired', '2026-04-25 18:52:52', NULL);
INSERT INTO PAYMENT (payment_id, trip_id, amount, platform_fee, driver_earnings, method, status, paid_at) VALUES (342, 426, 6.43, 1.29, 5.14, 'cash', 'pending', NULL);
INSERT INTO TRIP (trip_id, rider_id, driver_id, vehicle_id, origin_lat, origin_lng, origin_address, dest_lat, dest_lng, dest_address, status, distance_km, duration_minutes, price_estimated, price_final, requested_at, accepted_at, started_at, finished_at) VALUES (427, 88, 2, 2, 40.36184606, -3.69272819, 'Ronda de Marita Abad 73 Piso 3 , Madrid', 40.3842793, -3.64962582, 'Avenida María Belén Llorens 73, Madrid', 'completed', 5.39, 11, 10.08, 9.65, '2026-04-25 18:52:00', '2026-04-25 18:56:05', '2026-04-25 19:01:38', '2026-04-25 19:12:38');
INSERT INTO OFFER (offer_id, trip_id, driver_id, status, sent_at, responded_at) VALUES (1271, 427, 2, 'accepted', '2026-04-25 18:52:02', '2026-04-25 18:56:05');
INSERT INTO OFFER (offer_id, trip_id, driver_id, status, sent_at, responded_at) VALUES (1272, 427, 10, 'rejected', '2026-04-25 18:52:03', '2026-04-25 18:52:17');
INSERT INTO OFFER (offer_id, trip_id, driver_id, status, sent_at, responded_at) VALUES (1273, 427, 9, 'rejected', '2026-04-25 18:52:01', '2026-04-25 18:52:27');
INSERT INTO OFFER (offer_id, trip_id, driver_id, status, sent_at, responded_at) VALUES (1274, 427, 1, 'rejected', '2026-04-25 18:52:01', '2026-04-25 18:52:14');
INSERT INTO PAYMENT (payment_id, trip_id, amount, platform_fee, driver_earnings, method, status, paid_at) VALUES (343, 427, 9.65, 1.93, 7.72, 'card', 'pending', NULL);
INSERT INTO TRIP (trip_id, rider_id, driver_id, vehicle_id, origin_lat, origin_lng, origin_address, dest_lat, dest_lng, dest_address, status, distance_km, duration_minutes, price_estimated, price_final, requested_at, accepted_at, started_at, finished_at) VALUES (428, 40, 7, 7, 40.46009137, -3.71174172, 'Cuesta de Lina Acedo 8 Puerta 4 , Madrid', 40.44445027, -3.60303782, 'Callejón Epifanio Abella 80 Puerta 0 , Madrid', 'completed', 12.19, 22, 20.29, 21.03, '2026-04-25 18:51:19', '2026-04-25 18:55:29', '2026-04-25 19:01:51', '2026-04-25 19:23:51');
INSERT INTO OFFER (offer_id, trip_id, driver_id, status, sent_at, responded_at) VALUES (1275, 428, 7, 'accepted', '2026-04-25 18:51:23', '2026-04-25 18:55:29');
INSERT INTO OFFER (offer_id, trip_id, driver_id, status, sent_at, responded_at) VALUES (1276, 428, 39, 'rejected', '2026-04-25 18:51:21', '2026-04-25 18:51:50');
INSERT INTO PAYMENT (payment_id, trip_id, amount, platform_fee, driver_earnings, method, status, paid_at) VALUES (344, 428, 21.03, 4.21, 16.82, 'card', 'pending', NULL);
INSERT INTO TRIP (trip_id, rider_id, driver_id, vehicle_id, origin_lat, origin_lng, origin_address, dest_lat, dest_lng, dest_address, status, distance_km, duration_minutes, price_estimated, price_final, requested_at, accepted_at, started_at, finished_at) VALUES (429, 91, 24, 24, 40.45132263, -3.73570968, 'Via Esperanza Cuevas 6, Madrid', 40.48898792, -3.61778699, 'Vial de Daniel Escrivá 6, Madrid', 'completed', 13.74, 31, 22.61, 22.8, '2026-04-25 18:52:34', '2026-04-25 18:57:00', '2026-04-25 19:02:29', '2026-04-25 19:33:29');
INSERT INTO OFFER (offer_id, trip_id, driver_id, status, sent_at, responded_at) VALUES (1277, 429, 24, 'accepted', '2026-04-25 18:52:37', '2026-04-25 18:57:00');
INSERT INTO OFFER (offer_id, trip_id, driver_id, status, sent_at, responded_at) VALUES (1278, 429, 48, 'rejected', '2026-04-25 18:52:35', '2026-04-25 18:52:52');
INSERT INTO OFFER (offer_id, trip_id, driver_id, status, sent_at, responded_at) VALUES (1279, 429, 30, 'expired', '2026-04-25 18:52:39', NULL);
INSERT INTO OFFER (offer_id, trip_id, driver_id, status, sent_at, responded_at) VALUES (1280, 429, 15, 'expired', '2026-04-25 18:52:38', NULL);
INSERT INTO OFFER (offer_id, trip_id, driver_id, status, sent_at, responded_at) VALUES (1281, 429, 20, 'expired', '2026-04-25 18:52:38', NULL);
INSERT INTO PAYMENT (payment_id, trip_id, amount, platform_fee, driver_earnings, method, status, paid_at) VALUES (345, 429, 22.8, 4.56, 18.24, 'wallet', 'completed', '2026-04-25 19:36:29');
INSERT INTO TRIP (trip_id, rider_id, driver_id, vehicle_id, origin_lat, origin_lng, origin_address, dest_lat, dest_lng, dest_address, status, distance_km, duration_minutes, price_estimated, price_final, requested_at, accepted_at, started_at, finished_at) VALUES (430, 30, 23, 23, 40.42995758, -3.73061057, 'Avenida Fulgencio Guardia 22 Puerta 2 , Madrid', 40.46964248, -3.64377113, 'Glorieta de Flor Peláez 64, Madrid', 'completed', 10.6, 26, 17.9, 18.54, '2026-04-25 18:51:24', '2026-04-25 18:52:40', '2026-04-25 19:01:33', '2026-04-25 19:27:33');
INSERT INTO OFFER (offer_id, trip_id, driver_id, status, sent_at, responded_at) VALUES (1282, 430, 23, 'accepted', '2026-04-25 18:51:25', '2026-04-25 18:52:40');
INSERT INTO OFFER (offer_id, trip_id, driver_id, status, sent_at, responded_at) VALUES (1283, 430, 4, 'rejected', '2026-04-25 18:51:28', '2026-04-25 18:52:13');
INSERT INTO OFFER (offer_id, trip_id, driver_id, status, sent_at, responded_at) VALUES (1284, 430, 37, 'expired', '2026-04-25 18:51:27', NULL);
INSERT INTO OFFER (offer_id, trip_id, driver_id, status, sent_at, responded_at) VALUES (1285, 430, 46, 'rejected', '2026-04-25 18:51:27', '2026-04-25 18:52:08');
INSERT INTO OFFER (offer_id, trip_id, driver_id, status, sent_at, responded_at) VALUES (1286, 430, 18, 'rejected', '2026-04-25 18:51:27', '2026-04-25 18:51:50');
INSERT INTO PAYMENT (payment_id, trip_id, amount, platform_fee, driver_earnings, method, status, paid_at) VALUES (346, 430, 18.54, 3.71, 14.83, 'card', 'completed', '2026-04-25 19:28:33');

INSERT INTO TRIP (trip_id, rider_id, driver_id, vehicle_id, origin_lat, origin_lng, origin_address, dest_lat, dest_lng, dest_address, status, distance_km, duration_minutes, price_estimated, price_final, requested_at, accepted_at, started_at, finished_at) VALUES (431, 99, 18, 18, 40.44030377, -3.65194111, 'C. de Alfonso Valera 2 Piso 7 , Madrid', 40.4793275, -3.65096341, 'Plaza Aitana Calatayud 43 Apt. 88 , Madrid', 'completed', 4.33, 13, 8.5, 9.06, '2026-04-25 18:51:24', '2026-04-25 18:55:12', '2026-04-25 18:58:41', '2026-04-25 19:11:41');
INSERT INTO OFFER (offer_id, trip_id, driver_id, status, sent_at, responded_at) VALUES (1287, 431, 18, 'accepted', '2026-04-25 18:51:28', '2026-04-25 18:55:12');
INSERT INTO PAYMENT (payment_id, trip_id, amount, platform_fee, driver_earnings, method, status, paid_at) VALUES (347, 431, 9.06, 1.81, 7.25, 'card', 'completed', '2026-04-25 19:16:41');
INSERT INTO TRIP (trip_id, rider_id, driver_id, vehicle_id, origin_lat, origin_lng, origin_address, dest_lat, dest_lng, dest_address, status, distance_km, duration_minutes, price_estimated, price_final, requested_at, accepted_at, started_at, finished_at) VALUES (432, 43, 50, 50, 40.47369011, -3.62564849, 'Alameda Josué Zabaleta 870 Piso 5 , Madrid', 40.44076579, -3.74952033, 'Plaza de Ignacia Barba 81 Piso 0 , Madrid', 'completed', 14.23, 33, 23.34, 22.09, '2026-04-25 18:53:07', '2026-04-25 18:57:43', '2026-04-25 19:04:05', '2026-04-25 19:37:05');
INSERT INTO OFFER (offer_id, trip_id, driver_id, status, sent_at, responded_at) VALUES (1288, 432, 50, 'accepted', '2026-04-25 18:53:09', '2026-04-25 18:57:43');
INSERT INTO OFFER (offer_id, trip_id, driver_id, status, sent_at, responded_at) VALUES (1289, 432, 37, 'rejected', '2026-04-25 18:53:10', '2026-04-25 18:53:41');
INSERT INTO OFFER (offer_id, trip_id, driver_id, status, sent_at, responded_at) VALUES (1290, 432, 13, 'rejected', '2026-04-25 18:53:12', '2026-04-25 18:53:40');
INSERT INTO OFFER (offer_id, trip_id, driver_id, status, sent_at, responded_at) VALUES (1291, 432, 35, 'expired', '2026-04-25 18:53:10', NULL);
INSERT INTO OFFER (offer_id, trip_id, driver_id, status, sent_at, responded_at) VALUES (1292, 432, 28, 'expired', '2026-04-25 18:53:08', NULL);
INSERT INTO PAYMENT (payment_id, trip_id, amount, platform_fee, driver_earnings, method, status, paid_at) VALUES (348, 432, 22.09, 4.42, 17.67, 'wallet', 'completed', '2026-04-25 19:37:05');
INSERT INTO TRIP (trip_id, rider_id, driver_id, vehicle_id, origin_lat, origin_lng, origin_address, dest_lat, dest_lng, dest_address, status, distance_km, duration_minutes, price_estimated, price_final, requested_at, accepted_at, started_at, finished_at) VALUES (433, 51, 6, 6, 40.40703468, -3.62471372, 'Paseo Javiera Juan 47 Piso 9 , Madrid', 40.41955014, -3.6088011, 'Alameda Graciana Bolaños 93 Apt. 90 , Madrid', 'completed', 2.25, 9, 5.38, 5.08, '2026-04-25 18:52:37', '2026-04-25 18:57:33', '2026-04-25 19:04:31', '2026-04-25 19:13:31');
INSERT INTO OFFER (offer_id, trip_id, driver_id, status, sent_at, responded_at) VALUES (1293, 433, 6, 'accepted', '2026-04-25 18:52:40', '2026-04-25 18:57:33');
INSERT INTO OFFER (offer_id, trip_id, driver_id, status, sent_at, responded_at) VALUES (1294, 433, 2, 'rejected', '2026-04-25 18:52:40', '2026-04-25 18:53:27');
INSERT INTO PAYMENT (payment_id, trip_id, amount, platform_fee, driver_earnings, method, status, paid_at) VALUES (349, 433, 5.08, 1.02, 4.06, 'wallet', 'completed', '2026-04-25 19:14:31');
INSERT INTO TRIP (trip_id, rider_id, driver_id, vehicle_id, origin_lat, origin_lng, origin_address, dest_lat, dest_lng, dest_address, status, distance_km, duration_minutes, price_estimated, price_final, requested_at, accepted_at, started_at, finished_at) VALUES (434, 18, 47, 47, 40.38466857, -3.67946054, 'Glorieta de Martirio Sáez 67, Madrid', 40.36893002, -3.61173908, 'Pasaje de Lupe Collado 61, Madrid', 'completed', 7.72, 20, 13.58, 13.59, '2026-04-25 18:51:53', '2026-04-25 18:53:49', '2026-04-25 18:58:43', '2026-04-25 19:18:43');
INSERT INTO OFFER (offer_id, trip_id, driver_id, status, sent_at, responded_at) VALUES (1295, 434, 47, 'accepted', '2026-04-25 18:51:57', '2026-04-25 18:53:49');
INSERT INTO OFFER (offer_id, trip_id, driver_id, status, sent_at, responded_at) VALUES (1296, 434, 14, 'expired', '2026-04-25 18:51:58', NULL);
INSERT INTO OFFER (offer_id, trip_id, driver_id, status, sent_at, responded_at) VALUES (1297, 434, 32, 'expired', '2026-04-25 18:51:54', NULL);
INSERT INTO PAYMENT (payment_id, trip_id, amount, platform_fee, driver_earnings, method, status, paid_at) VALUES (350, 434, 13.59, 2.72, 10.87, 'card', 'pending', NULL);
INSERT INTO TRIP (trip_id, rider_id, driver_id, vehicle_id, origin_lat, origin_lng, origin_address, dest_lat, dest_lng, dest_address, status, distance_km, duration_minutes, price_estimated, price_final, requested_at, accepted_at, started_at, finished_at) VALUES (435, 25, 31, 31, 40.45788899, -3.73983843, 'Vial Octavio Hervia 41 Puerta 6 , Madrid', 40.39236513, -3.6739181, 'Pasaje de Ale Martí 70, Madrid', 'completed', 10.32, 21, 17.48, 18.01, '2026-04-25 18:51:46', '2026-04-25 18:55:05', '2026-04-25 19:01:15', '2026-04-25 19:22:15');
INSERT INTO OFFER (offer_id, trip_id, driver_id, status, sent_at, responded_at) VALUES (1298, 435, 12, 'rejected', '2026-04-25 18:51:50', '2026-04-25 18:52:00');
INSERT INTO OFFER (offer_id, trip_id, driver_id, status, sent_at, responded_at) VALUES (1299, 435, 31, 'accepted', '2026-04-25 18:51:51', '2026-04-25 18:55:05');
INSERT INTO OFFER (offer_id, trip_id, driver_id, status, sent_at, responded_at) VALUES (1300, 435, 9, 'rejected', '2026-04-25 18:51:50', '2026-04-25 18:52:30');
INSERT INTO OFFER (offer_id, trip_id, driver_id, status, sent_at, responded_at) VALUES (1301, 435, 27, 'expired', '2026-04-25 18:51:48', NULL);
INSERT INTO PAYMENT (payment_id, trip_id, amount, platform_fee, driver_earnings, method, status, paid_at) VALUES (351, 435, 18.01, 3.6, 14.41, 'cash', 'completed', '2026-04-25 19:25:15');
INSERT INTO TRIP (trip_id, rider_id, driver_id, vehicle_id, origin_lat, origin_lng, origin_address, dest_lat, dest_lng, dest_address, status, distance_km, duration_minutes, price_estimated, price_final, requested_at, accepted_at, started_at, finished_at) VALUES (436, 45, 26, 26, 40.41731798, -3.69152606, 'Rambla de Natalia Abad 2 Apt. 44 , Madrid', 40.3970693, -3.64123908, 'Glorieta de Jacinto Cózar 32, Madrid', 'completed', 6.02, 12, 11.03, 11.16, '2026-04-25 18:52:19', '2026-04-25 18:54:52', '2026-04-25 18:59:06', '2026-04-25 19:11:06');
INSERT INTO OFFER (offer_id, trip_id, driver_id, status, sent_at, responded_at) VALUES (1302, 436, 26, 'accepted', '2026-04-25 18:52:23', '2026-04-25 18:54:52');
INSERT INTO OFFER (offer_id, trip_id, driver_id, status, sent_at, responded_at) VALUES (1303, 436, 45, 'expired', '2026-04-25 18:52:21', NULL);
INSERT INTO OFFER (offer_id, trip_id, driver_id, status, sent_at, responded_at) VALUES (1304, 436, 6, 'expired', '2026-04-25 18:52:21', NULL);
INSERT INTO OFFER (offer_id, trip_id, driver_id, status, sent_at, responded_at) VALUES (1305, 436, 11, 'expired', '2026-04-25 18:52:21', NULL);
INSERT INTO PAYMENT (payment_id, trip_id, amount, platform_fee, driver_earnings, method, status, paid_at) VALUES (352, 436, 11.16, 2.23, 8.93, 'wallet', 'pending', NULL);
INSERT INTO TRIP (trip_id, rider_id, driver_id, vehicle_id, origin_lat, origin_lng, origin_address, dest_lat, dest_lng, dest_address, status, distance_km, duration_minutes, price_estimated, price_final, requested_at, accepted_at, started_at, finished_at) VALUES (437, 71, 39, 39, 40.403578, -3.61744749, 'Urbanización de Alejandra Vicens 136 Apt. 10 , Madrid', 40.47952241, -3.71419601, 'Paseo de Leandra Peláez 46, Madrid', 'in_progress', 13.65, NULL, 22.48, NULL, '2026-04-25 18:50:35', '2026-04-25 18:55:11', '2026-04-25 19:03:44', NULL);
INSERT INTO OFFER (offer_id, trip_id, driver_id, status, sent_at, responded_at) VALUES (1306, 437, 39, 'accepted', '2026-04-25 18:50:36', '2026-04-25 18:55:11');
INSERT INTO OFFER (offer_id, trip_id, driver_id, status, sent_at, responded_at) VALUES (1307, 437, 25, 'expired', '2026-04-25 18:50:38', NULL);
INSERT INTO TRIP (trip_id, rider_id, driver_id, vehicle_id, origin_lat, origin_lng, origin_address, dest_lat, dest_lng, dest_address, status, distance_km, duration_minutes, price_estimated, price_final, requested_at, accepted_at, started_at, finished_at) VALUES (438, 7, 7, 7, 40.43874187, -3.73076894, 'C. de Perla Prada 856 Piso 5 , Madrid', 40.4115532, -3.69908711, 'Callejón de Natividad Rico 75, Madrid', 'completed', 4.63, 8, 8.95, 9.07, '2026-04-25 18:53:03', '2026-04-25 18:56:04', '2026-04-25 19:06:01', '2026-04-25 19:14:01');
INSERT INTO OFFER (offer_id, trip_id, driver_id, status, sent_at, responded_at) VALUES (1308, 438, 7, 'accepted', '2026-04-25 18:53:05', '2026-04-25 18:56:04');
INSERT INTO OFFER (offer_id, trip_id, driver_id, status, sent_at, responded_at) VALUES (1309, 438, 5, 'expired', '2026-04-25 18:53:08', NULL);
INSERT INTO OFFER (offer_id, trip_id, driver_id, status, sent_at, responded_at) VALUES (1310, 438, 13, 'rejected', '2026-04-25 18:53:07', '2026-04-25 18:53:55');
INSERT INTO OFFER (offer_id, trip_id, driver_id, status, sent_at, responded_at) VALUES (1311, 438, 40, 'rejected', '2026-04-25 18:53:04', '2026-04-25 18:53:35');
INSERT INTO PAYMENT (payment_id, trip_id, amount, platform_fee, driver_earnings, method, status, paid_at) VALUES (353, 438, 9.07, 1.81, 7.26, 'wallet', 'completed', '2026-04-25 19:19:01');
INSERT INTO TRIP (trip_id, rider_id, driver_id, vehicle_id, origin_lat, origin_lng, origin_address, dest_lat, dest_lng, dest_address, status, distance_km, duration_minutes, price_estimated, price_final, requested_at, accepted_at, started_at, finished_at) VALUES (439, 54, 5, 5, 40.42416457, -3.61859717, 'Avenida Amancio Galindo 9, Madrid', 40.42474885, -3.66036441, 'Ronda de Bernardita Patiño 11 Apt. 74 , Madrid', 'completed', 4.64, 9, 8.96, 9.61, '2026-04-25 18:51:19', '2026-04-25 18:55:12', '2026-04-25 19:02:11', '2026-04-25 19:11:11');
INSERT INTO OFFER (offer_id, trip_id, driver_id, status, sent_at, responded_at) VALUES (1312, 439, 5, 'accepted', '2026-04-25 18:51:20', '2026-04-25 18:55:12');
INSERT INTO OFFER (offer_id, trip_id, driver_id, status, sent_at, responded_at) VALUES (1313, 439, 36, 'expired', '2026-04-25 18:51:22', NULL);
INSERT INTO PAYMENT (payment_id, trip_id, amount, platform_fee, driver_earnings, method, status, paid_at) VALUES (354, 439, 9.61, 1.92, 7.69, 'card', 'pending', NULL);
INSERT INTO TRIP (trip_id, rider_id, driver_id, vehicle_id, origin_lat, origin_lng, origin_address, dest_lat, dest_lng, dest_address, status, distance_km, duration_minutes, price_estimated, price_final, requested_at, accepted_at, started_at, finished_at) VALUES (440, 71, 25, 25, 40.40374781, -3.6767757, 'Via de Edu Fuentes 87, Madrid', 40.43619607, -3.71703426, 'Vial de Pánfilo Duarte 17, Madrid', 'completed', 5.74, 9, 10.61, 11.39, '2026-04-25 18:50:36', '2026-04-25 18:53:12', '2026-04-25 18:55:30', '2026-04-25 19:04:30');
INSERT INTO OFFER (offer_id, trip_id, driver_id, status, sent_at, responded_at) VALUES (1314, 440, 25, 'accepted', '2026-04-25 18:50:38', '2026-04-25 18:53:12');
INSERT INTO OFFER (offer_id, trip_id, driver_id, status, sent_at, responded_at) VALUES (1315, 440, 5, 'expired', '2026-04-25 18:50:40', NULL);
INSERT INTO OFFER (offer_id, trip_id, driver_id, status, sent_at, responded_at) VALUES (1316, 440, 17, 'rejected', '2026-04-25 18:50:41', '2026-04-25 18:51:28');
INSERT INTO OFFER (offer_id, trip_id, driver_id, status, sent_at, responded_at) VALUES (1317, 440, 21, 'rejected', '2026-04-25 18:50:38', '2026-04-25 18:51:28');
INSERT INTO OFFER (offer_id, trip_id, driver_id, status, sent_at, responded_at) VALUES (1318, 440, 38, 'rejected', '2026-04-25 18:50:38', '2026-04-25 18:50:54');
INSERT INTO PAYMENT (payment_id, trip_id, amount, platform_fee, driver_earnings, method, status, paid_at) VALUES (355, 440, 11.39, 2.28, 9.11, 'wallet', 'pending', NULL);

INSERT INTO TRIP (trip_id, rider_id, driver_id, vehicle_id, origin_lat, origin_lng, origin_address, dest_lat, dest_lng, dest_address, status, distance_km, duration_minutes, price_estimated, price_final, requested_at, accepted_at, started_at, finished_at) VALUES (441, 21, 6, 6, 40.36606481, -3.71631888, 'Plaza Reynaldo Pascual 6, Madrid', 40.38356268, -3.68853087, 'Cuesta de Mamen Barrera 52, Madrid', 'completed', 3.65, 9, 7.47, 7.04, '2026-04-25 18:52:58', '2026-04-25 18:56:36', '2026-04-25 19:01:20', '2026-04-25 19:10:20');
INSERT INTO OFFER (offer_id, trip_id, driver_id, status, sent_at, responded_at) VALUES (1319, 441, 6, 'accepted', '2026-04-25 18:53:02', '2026-04-25 18:56:36');
INSERT INTO OFFER (offer_id, trip_id, driver_id, status, sent_at, responded_at) VALUES (1320, 441, 12, 'expired', '2026-04-25 18:53:03', NULL);
INSERT INTO OFFER (offer_id, trip_id, driver_id, status, sent_at, responded_at) VALUES (1321, 441, 30, 'expired', '2026-04-25 18:53:02', NULL);
INSERT INTO OFFER (offer_id, trip_id, driver_id, status, sent_at, responded_at) VALUES (1322, 441, 38, 'rejected', '2026-04-25 18:53:03', '2026-04-25 18:53:13');
INSERT INTO PAYMENT (payment_id, trip_id, amount, platform_fee, driver_earnings, method, status, paid_at) VALUES (356, 441, 7.04, 1.41, 5.63, 'wallet', 'completed', '2026-04-25 19:15:20');
INSERT INTO TRIP (trip_id, rider_id, driver_id, vehicle_id, origin_lat, origin_lng, origin_address, dest_lat, dest_lng, dest_address, status, distance_km, duration_minutes, price_estimated, price_final, requested_at, accepted_at, started_at, finished_at) VALUES (442, 22, NULL, NULL, 40.35406794, -3.61907165, 'Paseo de Chus Montaña 239 Piso 6 , Madrid', 40.49340246, -3.72543291, 'Vial de Etelvina Nevado 686, Madrid', 'requested', 19.46, NULL, 31.19, NULL, '2026-04-25 18:52:37', NULL, NULL, NULL);
INSERT INTO OFFER (offer_id, trip_id, driver_id, status, sent_at, responded_at) VALUES (1323, 442, 10, 'rejected', '2026-04-25 18:52:42', '2026-04-25 18:53:10');
INSERT INTO OFFER (offer_id, trip_id, driver_id, status, sent_at, responded_at) VALUES (1324, 442, 5, 'rejected', '2026-04-25 18:52:41', '2026-04-25 18:53:34');
INSERT INTO TRIP (trip_id, rider_id, driver_id, vehicle_id, origin_lat, origin_lng, origin_address, dest_lat, dest_lng, dest_address, status, distance_km, duration_minutes, price_estimated, price_final, requested_at, accepted_at, started_at, finished_at) VALUES (443, 60, 14, 14, 40.41027317, -3.6947095, 'Ronda de Manuela Barriga 306, Madrid', 40.45908024, -3.68438437, 'Paseo de Custodia Soto 89, Madrid', 'completed', 5.54, 13, 10.31, 9.71, '2026-04-25 18:52:08', '2026-04-25 18:56:42', '2026-04-25 19:03:05', '2026-04-25 19:16:05');
INSERT INTO OFFER (offer_id, trip_id, driver_id, status, sent_at, responded_at) VALUES (1325, 443, 14, 'accepted', '2026-04-25 18:52:11', '2026-04-25 18:56:42');
INSERT INTO OFFER (offer_id, trip_id, driver_id, status, sent_at, responded_at) VALUES (1326, 443, 36, 'rejected', '2026-04-25 18:52:13', '2026-04-25 18:52:31');
INSERT INTO OFFER (offer_id, trip_id, driver_id, status, sent_at, responded_at) VALUES (1327, 443, 7, 'rejected', '2026-04-25 18:52:10', '2026-04-25 18:52:21');
INSERT INTO OFFER (offer_id, trip_id, driver_id, status, sent_at, responded_at) VALUES (1328, 443, 40, 'rejected', '2026-04-25 18:52:12', '2026-04-25 18:52:46');
INSERT INTO PAYMENT (payment_id, trip_id, amount, platform_fee, driver_earnings, method, status, paid_at) VALUES (357, 443, 9.71, 1.94, 7.77, 'cash', 'pending', NULL);
INSERT INTO TRIP (trip_id, rider_id, driver_id, vehicle_id, origin_lat, origin_lng, origin_address, dest_lat, dest_lng, dest_address, status, distance_km, duration_minutes, price_estimated, price_final, requested_at, accepted_at, started_at, finished_at) VALUES (444, 54, 46, 46, 40.46025327, -3.63692683, 'Glorieta de Aarón Vilar 6 Apt. 14 , Madrid', 40.49283588, -3.62308936, 'Ronda de Obdulia Baró 6 Puerta 9 , Madrid', 'completed', 3.93, 5, 7.9, 7.14, '2026-04-25 18:51:51', '2026-04-25 18:54:11', '2026-04-25 19:01:32', '2026-04-25 19:06:32');
INSERT INTO OFFER (offer_id, trip_id, driver_id, status, sent_at, responded_at) VALUES (1329, 444, 46, 'accepted', '2026-04-25 18:51:53', '2026-04-25 18:54:11');
INSERT INTO OFFER (offer_id, trip_id, driver_id, status, sent_at, responded_at) VALUES (1330, 444, 44, 'expired', '2026-04-25 18:51:56', NULL);
INSERT INTO OFFER (offer_id, trip_id, driver_id, status, sent_at, responded_at) VALUES (1331, 444, 28, 'expired', '2026-04-25 18:51:56', NULL);
INSERT INTO PAYMENT (payment_id, trip_id, amount, platform_fee, driver_earnings, method, status, paid_at) VALUES (358, 444, 7.14, 1.43, 5.71, 'card', 'completed', '2026-04-25 19:10:32');
INSERT INTO TRIP (trip_id, rider_id, driver_id, vehicle_id, origin_lat, origin_lng, origin_address, dest_lat, dest_lng, dest_address, status, distance_km, duration_minutes, price_estimated, price_final, requested_at, accepted_at, started_at, finished_at) VALUES (445, 84, 4, 4, 40.37913193, -3.71568563, 'Callejón Andrea Gallego 61, Madrid', 40.46503691, -3.73638697, 'Urbanización Mónica Segovia 751 Puerta 8 , Madrid', 'completed', 9.81, 23, 16.71, 16.66, '2026-04-25 18:51:23', '2026-04-25 18:54:47', '2026-04-25 19:02:35', '2026-04-25 19:25:35');
INSERT INTO OFFER (offer_id, trip_id, driver_id, status, sent_at, responded_at) VALUES (1332, 445, 4, 'accepted', '2026-04-25 18:51:26', '2026-04-25 18:54:47');
INSERT INTO OFFER (offer_id, trip_id, driver_id, status, sent_at, responded_at) VALUES (1333, 445, 21, 'rejected', '2026-04-25 18:51:24', '2026-04-25 18:51:41');
INSERT INTO PAYMENT (payment_id, trip_id, amount, platform_fee, driver_earnings, method, status, paid_at) VALUES (359, 445, 16.66, 3.33, 13.33, 'wallet', 'completed', '2026-04-25 19:28:35');
INSERT INTO TRIP (trip_id, rider_id, driver_id, vehicle_id, origin_lat, origin_lng, origin_address, dest_lat, dest_lng, dest_address, status, distance_km, duration_minutes, price_estimated, price_final, requested_at, accepted_at, started_at, finished_at) VALUES (446, 95, 35, 35, 40.38078391, -3.60471831, 'Pasaje de Anselmo Alberdi 58, Madrid', 40.44728547, -3.67410244, 'Glorieta Marta Cantón 62, Madrid', 'completed', 10.67, 22, 18.0, 19.0, '2026-04-25 18:51:03', '2026-04-25 18:54:22', '2026-04-25 18:57:23', '2026-04-25 19:19:23');
INSERT INTO OFFER (offer_id, trip_id, driver_id, status, sent_at, responded_at) VALUES (1334, 446, 35, 'accepted', '2026-04-25 18:51:04', '2026-04-25 18:54:22');
INSERT INTO PAYMENT (payment_id, trip_id, amount, platform_fee, driver_earnings, method, status, paid_at) VALUES (360, 446, 19.0, 3.8, 15.2, 'cash', 'completed', '2026-04-25 19:22:23');
INSERT INTO TRIP (trip_id, rider_id, driver_id, vehicle_id, origin_lat, origin_lng, origin_address, dest_lat, dest_lng, dest_address, status, distance_km, duration_minutes, price_estimated, price_final, requested_at, accepted_at, started_at, finished_at) VALUES (447, 36, 16, 16, 40.43699273, -3.69180678, 'Cuesta de Juan Cañizares 11 Apt. 17 , Madrid', 40.35760104, -3.67422657, 'Pasadizo Gabriel Madrid 87 Piso 6 , Madrid', 'completed', 9.03, 20, 15.54, 16.9, '2026-04-25 18:50:22', '2026-04-25 18:53:53', '2026-04-25 19:03:40', '2026-04-25 19:23:40');
INSERT INTO OFFER (offer_id, trip_id, driver_id, status, sent_at, responded_at) VALUES (1335, 447, 16, 'accepted', '2026-04-25 18:50:23', '2026-04-25 18:53:53');
INSERT INTO OFFER (offer_id, trip_id, driver_id, status, sent_at, responded_at) VALUES (1336, 447, 2, 'rejected', '2026-04-25 18:50:23', '2026-04-25 18:51:03');
INSERT INTO PAYMENT (payment_id, trip_id, amount, platform_fee, driver_earnings, method, status, paid_at) VALUES (361, 447, 16.9, 3.38, 13.52, 'card', 'pending', NULL);
INSERT INTO TRIP (trip_id, rider_id, driver_id, vehicle_id, origin_lat, origin_lng, origin_address, dest_lat, dest_lng, dest_address, status, distance_km, duration_minutes, price_estimated, price_final, requested_at, accepted_at, started_at, finished_at) VALUES (448, 5, NULL, NULL, 40.39374741, -3.73074767, 'Via Pancho Nevado 96, Madrid', 40.3622364, -3.62464502, 'Cuesta Armida Rey 26 Puerta 7 , Madrid', 'requested', 12.29, NULL, 20.43, NULL, '2026-04-25 18:53:11', NULL, NULL, NULL);
INSERT INTO OFFER (offer_id, trip_id, driver_id, status, sent_at, responded_at) VALUES (1337, 448, 7, 'rejected', '2026-04-25 18:53:12', '2026-04-25 18:53:59');
INSERT INTO OFFER (offer_id, trip_id, driver_id, status, sent_at, responded_at) VALUES (1338, 448, 3, 'expired', '2026-04-25 18:53:13', NULL);
INSERT INTO OFFER (offer_id, trip_id, driver_id, status, sent_at, responded_at) VALUES (1339, 448, 21, 'expired', '2026-04-25 18:53:12', NULL);
INSERT INTO TRIP (trip_id, rider_id, driver_id, vehicle_id, origin_lat, origin_lng, origin_address, dest_lat, dest_lng, dest_address, status, distance_km, duration_minutes, price_estimated, price_final, requested_at, accepted_at, started_at, finished_at) VALUES (449, 42, 7, 7, 40.37675693, -3.65641568, 'Calle de Valeria Iriarte 53 Puerta 2 , Madrid', 40.49875756, -3.68319526, 'Via Baldomero Acosta 209, Madrid', 'in_progress', 13.86, NULL, 22.79, NULL, '2026-04-25 18:51:19', '2026-04-25 18:56:00', '2026-04-25 18:58:21', NULL);
INSERT INTO OFFER (offer_id, trip_id, driver_id, status, sent_at, responded_at) VALUES (1340, 449, 7, 'accepted', '2026-04-25 18:51:23', '2026-04-25 18:56:00');
INSERT INTO TRIP (trip_id, rider_id, driver_id, vehicle_id, origin_lat, origin_lng, origin_address, dest_lat, dest_lng, dest_address, status, distance_km, duration_minutes, price_estimated, price_final, requested_at, accepted_at, started_at, finished_at) VALUES (450, 83, 16, 16, 40.46035204, -3.66928196, 'Pasaje Salomé Velasco 246, Madrid', 40.44873006, -3.69928171, 'Acceso Baldomero Reig 95, Madrid', 'completed', 3.57, 11, 7.35, 6.69, '2026-04-25 18:51:11', '2026-04-25 18:55:50', '2026-04-25 19:01:14', '2026-04-25 19:12:14');
INSERT INTO OFFER (offer_id, trip_id, driver_id, status, sent_at, responded_at) VALUES (1341, 450, 16, 'accepted', '2026-04-25 18:51:14', '2026-04-25 18:55:50');
INSERT INTO OFFER (offer_id, trip_id, driver_id, status, sent_at, responded_at) VALUES (1342, 450, 2, 'rejected', '2026-04-25 18:51:15', '2026-04-25 18:51:29');
INSERT INTO PAYMENT (payment_id, trip_id, amount, platform_fee, driver_earnings, method, status, paid_at) VALUES (362, 450, 6.69, 1.34, 5.35, 'cash', 'completed', '2026-04-25 19:14:14');

INSERT INTO TRIP (trip_id, rider_id, driver_id, vehicle_id, origin_lat, origin_lng, origin_address, dest_lat, dest_lng, dest_address, status, distance_km, duration_minutes, price_estimated, price_final, requested_at, accepted_at, started_at, finished_at) VALUES (451, 27, 20, 20, 40.38350026, -3.66331909, 'Paseo de Ámbar Llabrés 27 Puerta 2 , Madrid', 40.40014001, -3.67765242, 'Avenida Javi Patiño 25 Apt. 50 , Madrid', 'completed', 2.44, 3, 5.66, 5.27, '2026-04-25 18:50:23', '2026-04-25 18:55:09', '2026-04-25 18:57:59', '2026-04-25 19:00:59');
INSERT INTO OFFER (offer_id, trip_id, driver_id, status, sent_at, responded_at) VALUES (1343, 451, 20, 'accepted', '2026-04-25 18:50:27', '2026-04-25 18:55:09');
INSERT INTO OFFER (offer_id, trip_id, driver_id, status, sent_at, responded_at) VALUES (1344, 451, 30, 'rejected', '2026-04-25 18:50:25', '2026-04-25 18:50:43');
INSERT INTO OFFER (offer_id, trip_id, driver_id, status, sent_at, responded_at) VALUES (1345, 451, 5, 'expired', '2026-04-25 18:50:24', NULL);
INSERT INTO OFFER (offer_id, trip_id, driver_id, status, sent_at, responded_at) VALUES (1346, 451, 26, 'expired', '2026-04-25 18:50:26', NULL);
INSERT INTO OFFER (offer_id, trip_id, driver_id, status, sent_at, responded_at) VALUES (1347, 451, 4, 'rejected', '2026-04-25 18:50:24', '2026-04-25 18:51:16');
INSERT INTO PAYMENT (payment_id, trip_id, amount, platform_fee, driver_earnings, method, status, paid_at) VALUES (363, 451, 5.27, 1.05, 4.22, 'cash', 'completed', '2026-04-25 19:03:59');
INSERT INTO TRIP (trip_id, rider_id, driver_id, vehicle_id, origin_lat, origin_lng, origin_address, dest_lat, dest_lng, dest_address, status, distance_km, duration_minutes, price_estimated, price_final, requested_at, accepted_at, started_at, finished_at) VALUES (452, 42, NULL, NULL, 40.36659454, -3.63532426, 'Pasaje de Bernardo Perez 718 Puerta 3 , Madrid', 40.41553631, -3.74227289, 'Cañada de Serafina Ayuso 57, Madrid', 'requested', 13.06, NULL, 21.59, NULL, '2026-04-25 18:51:11', NULL, NULL, NULL);
INSERT INTO OFFER (offer_id, trip_id, driver_id, status, sent_at, responded_at) VALUES (1348, 452, 44, 'expired', '2026-04-25 18:51:13', NULL);
INSERT INTO OFFER (offer_id, trip_id, driver_id, status, sent_at, responded_at) VALUES (1349, 452, 50, 'rejected', '2026-04-25 18:51:16', '2026-04-25 18:51:53');
INSERT INTO OFFER (offer_id, trip_id, driver_id, status, sent_at, responded_at) VALUES (1350, 452, 5, 'rejected', '2026-04-25 18:51:13', '2026-04-25 18:51:45');
INSERT INTO TRIP (trip_id, rider_id, driver_id, vehicle_id, origin_lat, origin_lng, origin_address, dest_lat, dest_lng, dest_address, status, distance_km, duration_minutes, price_estimated, price_final, requested_at, accepted_at, started_at, finished_at) VALUES (453, 37, 25, 25, 40.36064362, -3.7262357, 'Paseo de Loida Villena 47 Puerta 1 , Madrid', 40.39509523, -3.60727362, 'Alameda María Figueroa 14, Madrid', 'completed', 13.75, 31, 22.62, 23.95, '2026-04-25 18:53:03', '2026-04-25 18:57:14', '2026-04-25 19:04:58', '2026-04-25 19:35:58');
INSERT INTO OFFER (offer_id, trip_id, driver_id, status, sent_at, responded_at) VALUES (1351, 453, 25, 'accepted', '2026-04-25 18:53:04', '2026-04-25 18:57:14');
INSERT INTO OFFER (offer_id, trip_id, driver_id, status, sent_at, responded_at) VALUES (1352, 453, 46, 'expired', '2026-04-25 18:53:07', NULL);
INSERT INTO PAYMENT (payment_id, trip_id, amount, platform_fee, driver_earnings, method, status, paid_at) VALUES (364, 453, 23.95, 4.79, 19.16, 'card', 'pending', NULL);
INSERT INTO TRIP (trip_id, rider_id, driver_id, vehicle_id, origin_lat, origin_lng, origin_address, dest_lat, dest_lng, dest_address, status, distance_km, duration_minutes, price_estimated, price_final, requested_at, accepted_at, started_at, finished_at) VALUES (454, 14, 20, 20, 40.3534224, -3.65958637, 'Acceso de Luciana Palau 96, Madrid', 40.49529736, -3.65539578, 'Cuesta de Inocencio Fábregas 37, Madrid', 'completed', 15.75, 33, 25.62, 25.3, '2026-04-25 18:51:41', '2026-04-25 18:56:03', '2026-04-25 19:03:04', '2026-04-25 19:36:04');
INSERT INTO OFFER (offer_id, trip_id, driver_id, status, sent_at, responded_at) VALUES (1353, 454, 20, 'accepted', '2026-04-25 18:51:46', '2026-04-25 18:56:03');
INSERT INTO OFFER (offer_id, trip_id, driver_id, status, sent_at, responded_at) VALUES (1354, 454, 10, 'expired', '2026-04-25 18:51:45', NULL);
INSERT INTO OFFER (offer_id, trip_id, driver_id, status, sent_at, responded_at) VALUES (1355, 454, 40, 'rejected', '2026-04-25 18:51:44', '2026-04-25 18:52:08');
INSERT INTO OFFER (offer_id, trip_id, driver_id, status, sent_at, responded_at) VALUES (1356, 454, 37, 'rejected', '2026-04-25 18:51:43', '2026-04-25 18:52:24');
INSERT INTO PAYMENT (payment_id, trip_id, amount, platform_fee, driver_earnings, method, status, paid_at) VALUES (365, 454, 25.3, 5.06, 20.24, 'card', 'completed', '2026-04-25 19:37:04');
INSERT INTO TRIP (trip_id, rider_id, driver_id, vehicle_id, origin_lat, origin_lng, origin_address, dest_lat, dest_lng, dest_address, status, distance_km, duration_minutes, price_estimated, price_final, requested_at, accepted_at, started_at, finished_at) VALUES (455, 89, 13, 13, 40.40088829, -3.69169145, 'Cuesta Elena Mena 565, Madrid', 40.36493135, -3.74746167, 'Pasaje Odalys Bosch 891, Madrid', 'completed', 7.37, 12, 13.05, 12.84, '2026-04-25 18:52:52', '2026-04-25 18:57:49', '2026-04-25 19:07:11', '2026-04-25 19:19:11');
INSERT INTO OFFER (offer_id, trip_id, driver_id, status, sent_at, responded_at) VALUES (1357, 455, 13, 'accepted', '2026-04-25 18:52:54', '2026-04-25 18:57:49');
INSERT INTO OFFER (offer_id, trip_id, driver_id, status, sent_at, responded_at) VALUES (1358, 455, 34, 'rejected', '2026-04-25 18:52:55', '2026-04-25 18:53:21');
INSERT INTO OFFER (offer_id, trip_id, driver_id, status, sent_at, responded_at) VALUES (1359, 455, 40, 'rejected', '2026-04-25 18:52:54', '2026-04-25 18:53:06');
INSERT INTO PAYMENT (payment_id, trip_id, amount, platform_fee, driver_earnings, method, status, paid_at) VALUES (366, 455, 12.84, 2.57, 10.27, 'card', 'pending', NULL);
INSERT INTO TRIP (trip_id, rider_id, driver_id, vehicle_id, origin_lat, origin_lng, origin_address, dest_lat, dest_lng, dest_address, status, distance_km, duration_minutes, price_estimated, price_final, requested_at, accepted_at, started_at, finished_at) VALUES (456, 97, 25, 25, 40.35074324, -3.60752888, 'Cañada de Obdulia Sans 22, Madrid', 40.36695669, -3.72700118, 'Pasaje Salomón Sarmiento 4, Madrid', 'completed', 13.38, 27, 22.07, 22.73, '2026-04-25 18:50:15', '2026-04-25 18:54:50', '2026-04-25 19:01:27', '2026-04-25 19:28:27');
INSERT INTO OFFER (offer_id, trip_id, driver_id, status, sent_at, responded_at) VALUES (1360, 456, 25, 'accepted', '2026-04-25 18:50:17', '2026-04-25 18:54:50');
INSERT INTO PAYMENT (payment_id, trip_id, amount, platform_fee, driver_earnings, method, status, paid_at) VALUES (367, 456, 22.73, 4.55, 18.18, 'card', 'completed', '2026-04-25 19:31:27');
INSERT INTO TRIP (trip_id, rider_id, driver_id, vehicle_id, origin_lat, origin_lng, origin_address, dest_lat, dest_lng, dest_address, status, distance_km, duration_minutes, price_estimated, price_final, requested_at, accepted_at, started_at, finished_at) VALUES (457, 27, 18, 18, 40.46979363, -3.74670594, 'Urbanización de Andrés Felipe Murcia 31, Madrid', 40.37883407, -3.6992892, 'Callejón Azucena Almagro 631, Madrid', 'completed', 11.39, 27, 19.09, 18.24, '2026-04-25 18:52:03', '2026-04-25 18:56:59', '2026-04-25 19:03:51', '2026-04-25 19:30:51');
INSERT INTO OFFER (offer_id, trip_id, driver_id, status, sent_at, responded_at) VALUES (1361, 457, 18, 'accepted', '2026-04-25 18:52:04', '2026-04-25 18:56:59');
INSERT INTO OFFER (offer_id, trip_id, driver_id, status, sent_at, responded_at) VALUES (1362, 457, 48, 'rejected', '2026-04-25 18:52:07', '2026-04-25 18:52:47');
INSERT INTO OFFER (offer_id, trip_id, driver_id, status, sent_at, responded_at) VALUES (1363, 457, 40, 'rejected', '2026-04-25 18:52:05', '2026-04-25 18:52:37');
INSERT INTO OFFER (offer_id, trip_id, driver_id, status, sent_at, responded_at) VALUES (1364, 457, 37, 'expired', '2026-04-25 18:52:05', NULL);
INSERT INTO PAYMENT (payment_id, trip_id, amount, platform_fee, driver_earnings, method, status, paid_at) VALUES (368, 457, 18.24, 3.65, 14.59, 'wallet', 'completed', '2026-04-25 19:30:51');
INSERT INTO TRIP (trip_id, rider_id, driver_id, vehicle_id, origin_lat, origin_lng, origin_address, dest_lat, dest_lng, dest_address, status, distance_km, duration_minutes, price_estimated, price_final, requested_at, accepted_at, started_at, finished_at) VALUES (458, 35, 23, 23, 40.39375772, -3.64841025, 'C. de Sergio Bautista 6 Piso 9 , Madrid', 40.42235705, -3.71832722, 'Pasadizo Pánfilo Alberto 70, Madrid', 'completed', 8.38, 15, 14.57, 14.58, '2026-04-25 18:51:13', '2026-04-25 18:53:23', '2026-04-25 19:03:22', '2026-04-25 19:18:22');
INSERT INTO OFFER (offer_id, trip_id, driver_id, status, sent_at, responded_at) VALUES (1365, 458, 23, 'accepted', '2026-04-25 18:51:14', '2026-04-25 18:53:23');
INSERT INTO OFFER (offer_id, trip_id, driver_id, status, sent_at, responded_at) VALUES (1366, 458, 25, 'rejected', '2026-04-25 18:51:14', '2026-04-25 18:51:47');
INSERT INTO OFFER (offer_id, trip_id, driver_id, status, sent_at, responded_at) VALUES (1367, 458, 20, 'expired', '2026-04-25 18:51:17', NULL);
INSERT INTO OFFER (offer_id, trip_id, driver_id, status, sent_at, responded_at) VALUES (1368, 458, 31, 'expired', '2026-04-25 18:51:14', NULL);
INSERT INTO OFFER (offer_id, trip_id, driver_id, status, sent_at, responded_at) VALUES (1369, 458, 29, 'rejected', '2026-04-25 18:51:14', '2026-04-25 18:51:34');
INSERT INTO PAYMENT (payment_id, trip_id, amount, platform_fee, driver_earnings, method, status, paid_at) VALUES (369, 458, 14.58, 2.92, 11.66, 'card', 'pending', NULL);
INSERT INTO TRIP (trip_id, rider_id, driver_id, vehicle_id, origin_lat, origin_lng, origin_address, dest_lat, dest_lng, dest_address, status, distance_km, duration_minutes, price_estimated, price_final, requested_at, accepted_at, started_at, finished_at) VALUES (459, 26, 41, 41, 40.47039202, -3.71527784, 'Glorieta Azahar Tomé 2 Piso 7 , Madrid', 40.46381915, -3.6897332, 'Calle de Calixta Larrea 1, Madrid', 'completed', 2.93, 7, 6.4, 6.81, '2026-04-25 18:52:29', '2026-04-25 18:55:31', '2026-04-25 19:04:24', '2026-04-25 19:11:24');
INSERT INTO OFFER (offer_id, trip_id, driver_id, status, sent_at, responded_at) VALUES (1370, 459, 41, 'accepted', '2026-04-25 18:52:31', '2026-04-25 18:55:31');
INSERT INTO OFFER (offer_id, trip_id, driver_id, status, sent_at, responded_at) VALUES (1371, 459, 5, 'expired', '2026-04-25 18:52:34', NULL);
INSERT INTO PAYMENT (payment_id, trip_id, amount, platform_fee, driver_earnings, method, status, paid_at) VALUES (370, 459, 6.81, 1.36, 5.45, 'wallet', 'completed', '2026-04-25 19:11:24');
INSERT INTO TRIP (trip_id, rider_id, driver_id, vehicle_id, origin_lat, origin_lng, origin_address, dest_lat, dest_lng, dest_address, status, distance_km, duration_minutes, price_estimated, price_final, requested_at, accepted_at, started_at, finished_at) VALUES (460, 68, 47, 47, 40.43238202, -3.7451333, 'C. de Eladio Zaragoza 68, Madrid', 40.43400191, -3.63478207, 'Ronda Silvestre Hernando 66 Piso 5 , Madrid', 'completed', 12.25, 24, 20.38, 18.5, '2026-04-25 18:52:56', '2026-04-25 18:56:37', '2026-04-25 19:03:44', '2026-04-25 19:27:44');
INSERT INTO OFFER (offer_id, trip_id, driver_id, status, sent_at, responded_at) VALUES (1372, 460, 47, 'accepted', '2026-04-25 18:52:57', '2026-04-25 18:56:37');
INSERT INTO OFFER (offer_id, trip_id, driver_id, status, sent_at, responded_at) VALUES (1373, 460, 49, 'rejected', '2026-04-25 18:53:01', '2026-04-25 18:53:48');
INSERT INTO OFFER (offer_id, trip_id, driver_id, status, sent_at, responded_at) VALUES (1374, 460, 41, 'expired', '2026-04-25 18:52:59', NULL);
INSERT INTO OFFER (offer_id, trip_id, driver_id, status, sent_at, responded_at) VALUES (1375, 460, 34, 'expired', '2026-04-25 18:53:00', NULL);
INSERT INTO PAYMENT (payment_id, trip_id, amount, platform_fee, driver_earnings, method, status, paid_at) VALUES (371, 460, 18.5, 3.7, 14.8, 'card', 'completed', '2026-04-25 19:27:44');

INSERT INTO TRIP (trip_id, rider_id, driver_id, vehicle_id, origin_lat, origin_lng, origin_address, dest_lat, dest_lng, dest_address, status, distance_km, duration_minutes, price_estimated, price_final, requested_at, accepted_at, started_at, finished_at) VALUES (461, 2, 12, 12, 40.41389704, -3.62186647, 'Camino Laura Chamorro 452, Madrid', 40.35362188, -3.63401729, 'Acceso de Jose Angel Alegria 7 Piso 0 , Madrid', 'completed', 6.83, 16, 12.25, 13.33, '2026-04-25 18:52:35', '2026-04-25 18:57:24', '2026-04-25 19:05:29', '2026-04-25 19:21:29');
INSERT INTO OFFER (offer_id, trip_id, driver_id, status, sent_at, responded_at) VALUES (1376, 461, 12, 'accepted', '2026-04-25 18:52:37', '2026-04-25 18:57:24');
INSERT INTO PAYMENT (payment_id, trip_id, amount, platform_fee, driver_earnings, method, status, paid_at) VALUES (372, 461, 13.33, 2.67, 10.66, 'wallet', 'completed', '2026-04-25 19:23:29');
INSERT INTO TRIP (trip_id, rider_id, driver_id, vehicle_id, origin_lat, origin_lng, origin_address, dest_lat, dest_lng, dest_address, status, distance_km, duration_minutes, price_estimated, price_final, requested_at, accepted_at, started_at, finished_at) VALUES (462, 83, 16, 16, 40.4486735, -3.74929529, 'Alameda Fanny Sancho 31, Madrid', 40.49112081, -3.65763832, 'Acceso David Tena 618 Piso 4 , Madrid', 'completed', 11.21, 26, 18.82, 17.22, '2026-04-25 18:52:21', '2026-04-25 18:55:40', '2026-04-25 18:57:53', '2026-04-25 19:23:53');
INSERT INTO OFFER (offer_id, trip_id, driver_id, status, sent_at, responded_at) VALUES (1377, 462, 16, 'accepted', '2026-04-25 18:52:23', '2026-04-25 18:55:40');
INSERT INTO OFFER (offer_id, trip_id, driver_id, status, sent_at, responded_at) VALUES (1378, 462, 1, 'expired', '2026-04-25 18:52:24', NULL);
INSERT INTO OFFER (offer_id, trip_id, driver_id, status, sent_at, responded_at) VALUES (1379, 462, 17, 'rejected', '2026-04-25 18:52:23', '2026-04-25 18:52:34');
INSERT INTO PAYMENT (payment_id, trip_id, amount, platform_fee, driver_earnings, method, status, paid_at) VALUES (373, 462, 17.22, 3.44, 13.78, 'card', 'completed', '2026-04-25 19:25:53');
INSERT INTO TRIP (trip_id, rider_id, driver_id, vehicle_id, origin_lat, origin_lng, origin_address, dest_lat, dest_lng, dest_address, status, distance_km, duration_minutes, price_estimated, price_final, requested_at, accepted_at, started_at, finished_at) VALUES (463, 25, 40, 40, 40.39832203, -3.68653106, 'Cuesta Obdulia Royo 16 Apt. 38 , Madrid', 40.46106906, -3.62288472, 'Via Sebastián Aznar 82, Madrid', 'completed', 9.92, 21, 16.88, 15.99, '2026-04-25 18:51:30', '2026-04-25 18:55:13', '2026-04-25 19:04:12', '2026-04-25 19:25:12');
INSERT INTO OFFER (offer_id, trip_id, driver_id, status, sent_at, responded_at) VALUES (1380, 463, 40, 'accepted', '2026-04-25 18:51:35', '2026-04-25 18:55:13');
INSERT INTO OFFER (offer_id, trip_id, driver_id, status, sent_at, responded_at) VALUES (1381, 463, 18, 'rejected', '2026-04-25 18:51:34', '2026-04-25 18:52:13');
INSERT INTO OFFER (offer_id, trip_id, driver_id, status, sent_at, responded_at) VALUES (1382, 463, 30, 'expired', '2026-04-25 18:51:31', NULL);
INSERT INTO PAYMENT (payment_id, trip_id, amount, platform_fee, driver_earnings, method, status, paid_at) VALUES (374, 463, 15.99, 3.2, 12.79, 'card', 'pending', NULL);
INSERT INTO TRIP (trip_id, rider_id, driver_id, vehicle_id, origin_lat, origin_lng, origin_address, dest_lat, dest_lng, dest_address, status, distance_km, duration_minutes, price_estimated, price_final, requested_at, accepted_at, started_at, finished_at) VALUES (464, 61, 18, 18, 40.39341657, -3.67630951, 'Cañada Lupita Manuel 58, Madrid', 40.47639473, -3.73645995, 'Acceso Nicolás Cuenca 471, Madrid', 'completed', 11.38, 23, 19.07, 17.25, '2026-04-25 18:51:22', '2026-04-25 18:52:32', '2026-04-25 19:01:28', '2026-04-25 19:24:28');
INSERT INTO OFFER (offer_id, trip_id, driver_id, status, sent_at, responded_at) VALUES (1383, 464, 18, 'accepted', '2026-04-25 18:51:24', '2026-04-25 18:52:32');
INSERT INTO PAYMENT (payment_id, trip_id, amount, platform_fee, driver_earnings, method, status, paid_at) VALUES (375, 464, 17.25, 3.45, 13.8, 'card', 'pending', NULL);
INSERT INTO TRIP (trip_id, rider_id, driver_id, vehicle_id, origin_lat, origin_lng, origin_address, dest_lat, dest_lng, dest_address, status, distance_km, duration_minutes, price_estimated, price_final, requested_at, accepted_at, started_at, finished_at) VALUES (465, 60, NULL, NULL, 40.49413622, -3.62442912, 'Cañada Candelaria Pelayo 7, Madrid', 40.35144685, -3.64732788, 'Pasaje de Godofredo Saldaña 627 Apt. 36 , Madrid', 'cancelled', 16.04, NULL, 26.06, NULL, '2026-04-25 18:51:06', NULL, NULL, NULL);
INSERT INTO OFFER (offer_id, trip_id, driver_id, status, sent_at, responded_at) VALUES (1384, 465, 16, 'rejected', '2026-04-25 18:51:10', '2026-04-25 18:51:18');
INSERT INTO OFFER (offer_id, trip_id, driver_id, status, sent_at, responded_at) VALUES (1385, 465, 38, 'expired', '2026-04-25 18:51:11', NULL);
INSERT INTO OFFER (offer_id, trip_id, driver_id, status, sent_at, responded_at) VALUES (1386, 465, 9, 'rejected', '2026-04-25 18:51:11', '2026-04-25 18:51:39');
INSERT INTO TRIP (trip_id, rider_id, driver_id, vehicle_id, origin_lat, origin_lng, origin_address, dest_lat, dest_lng, dest_address, status, distance_km, duration_minutes, price_estimated, price_final, requested_at, accepted_at, started_at, finished_at) VALUES (466, 67, 19, 19, 40.44964184, -3.7048144, 'Calle Anna Agudo 415 Puerta 7 , Madrid', 40.45276474, -3.6931552, 'Acceso de Alberto Bermúdez 2 Apt. 54 , Madrid', 'completed', 1.34, 3, 4.01, 4.4, '2026-04-25 18:52:21', '2026-04-25 18:55:45', '2026-04-25 18:59:50', '2026-04-25 19:02:50');
INSERT INTO OFFER (offer_id, trip_id, driver_id, status, sent_at, responded_at) VALUES (1387, 466, 19, 'accepted', '2026-04-25 18:52:22', '2026-04-25 18:55:45');
INSERT INTO OFFER (offer_id, trip_id, driver_id, status, sent_at, responded_at) VALUES (1388, 466, 46, 'expired', '2026-04-25 18:52:24', NULL);
INSERT INTO PAYMENT (payment_id, trip_id, amount, platform_fee, driver_earnings, method, status, paid_at) VALUES (376, 466, 4.4, 0.88, 3.52, 'cash', 'completed', '2026-04-25 19:06:50');
INSERT INTO TRIP (trip_id, rider_id, driver_id, vehicle_id, origin_lat, origin_lng, origin_address, dest_lat, dest_lng, dest_address, status, distance_km, duration_minutes, price_estimated, price_final, requested_at, accepted_at, started_at, finished_at) VALUES (467, 41, 33, 33, 40.45112522, -3.66382776, 'Urbanización Hernando Sobrino 58, Madrid', 40.36806902, -3.67700911, 'Plaza de Marita Amorós 747, Madrid', 'completed', 9.33, 19, 16.0, 17.51, '2026-04-25 18:51:49', '2026-04-25 18:54:43', '2026-04-25 19:03:37', '2026-04-25 19:22:37');
INSERT INTO OFFER (offer_id, trip_id, driver_id, status, sent_at, responded_at) VALUES (1389, 467, 33, 'accepted', '2026-04-25 18:51:54', '2026-04-25 18:54:43');
INSERT INTO OFFER (offer_id, trip_id, driver_id, status, sent_at, responded_at) VALUES (1390, 467, 24, 'expired', '2026-04-25 18:51:50', NULL);
INSERT INTO OFFER (offer_id, trip_id, driver_id, status, sent_at, responded_at) VALUES (1391, 467, 10, 'expired', '2026-04-25 18:51:54', NULL);
INSERT INTO OFFER (offer_id, trip_id, driver_id, status, sent_at, responded_at) VALUES (1392, 467, 31, 'expired', '2026-04-25 18:51:53', NULL);
INSERT INTO OFFER (offer_id, trip_id, driver_id, status, sent_at, responded_at) VALUES (1393, 467, 22, 'expired', '2026-04-25 18:51:51', NULL);
INSERT INTO PAYMENT (payment_id, trip_id, amount, platform_fee, driver_earnings, method, status, paid_at) VALUES (377, 467, 17.51, 3.5, 14.01, 'wallet', 'completed', '2026-04-25 19:23:37');
INSERT INTO TRIP (trip_id, rider_id, driver_id, vehicle_id, origin_lat, origin_lng, origin_address, dest_lat, dest_lng, dest_address, status, distance_km, duration_minutes, price_estimated, price_final, requested_at, accepted_at, started_at, finished_at) VALUES (468, 79, 18, 18, 40.43359292, -3.60960186, 'Acceso Lupita Salvador 9, Madrid', 40.44254974, -3.70197514, 'Urbanización José Manuel Otero 3 Piso 5 , Madrid', 'completed', 10.3, 20, 17.45, 16.62, '2026-04-25 18:50:13', '2026-04-25 18:52:13', '2026-04-25 18:59:25', '2026-04-25 19:19:25');
INSERT INTO OFFER (offer_id, trip_id, driver_id, status, sent_at, responded_at) VALUES (1394, 468, 18, 'accepted', '2026-04-25 18:50:15', '2026-04-25 18:52:13');
INSERT INTO PAYMENT (payment_id, trip_id, amount, platform_fee, driver_earnings, method, status, paid_at) VALUES (378, 468, 16.62, 3.32, 13.3, 'cash', 'pending', NULL);
INSERT INTO TRIP (trip_id, rider_id, driver_id, vehicle_id, origin_lat, origin_lng, origin_address, dest_lat, dest_lng, dest_address, status, distance_km, duration_minutes, price_estimated, price_final, requested_at, accepted_at, started_at, finished_at) VALUES (469, 83, NULL, NULL, 40.43004938, -3.61303424, 'Urbanización de Esperanza Molins 96, Madrid', 40.43770351, -3.70322998, 'Cañada Palmira Manzanares 36 Puerta 7 , Madrid', 'cancelled', 10.05, NULL, 17.08, NULL, '2026-04-25 18:52:19', NULL, NULL, NULL);
INSERT INTO OFFER (offer_id, trip_id, driver_id, status, sent_at, responded_at) VALUES (1395, 469, 23, 'expired', '2026-04-25 18:52:21', NULL);
INSERT INTO OFFER (offer_id, trip_id, driver_id, status, sent_at, responded_at) VALUES (1396, 469, 28, 'expired', '2026-04-25 18:52:20', NULL);
INSERT INTO OFFER (offer_id, trip_id, driver_id, status, sent_at, responded_at) VALUES (1397, 469, 12, 'rejected', '2026-04-25 18:52:20', '2026-04-25 18:52:57');
INSERT INTO OFFER (offer_id, trip_id, driver_id, status, sent_at, responded_at) VALUES (1398, 469, 25, 'rejected', '2026-04-25 18:52:22', '2026-04-25 18:53:00');
INSERT INTO OFFER (offer_id, trip_id, driver_id, status, sent_at, responded_at) VALUES (1399, 469, 18, 'rejected', '2026-04-25 18:52:23', '2026-04-25 18:52:45');
INSERT INTO TRIP (trip_id, rider_id, driver_id, vehicle_id, origin_lat, origin_lng, origin_address, dest_lat, dest_lng, dest_address, status, distance_km, duration_minutes, price_estimated, price_final, requested_at, accepted_at, started_at, finished_at) VALUES (470, 34, 19, 19, 40.39315132, -3.62476684, 'Cañada de Lara Recio 1, Madrid', 40.3812404, -3.73695829, 'Cañada de César Cánovas 562, Madrid', 'completed', 12.52, 26, 20.78, 20.3, '2026-04-25 18:51:29', '2026-04-25 18:54:29', '2026-04-25 18:57:59', '2026-04-25 19:23:59');
INSERT INTO OFFER (offer_id, trip_id, driver_id, status, sent_at, responded_at) VALUES (1400, 470, 19, 'accepted', '2026-04-25 18:51:34', '2026-04-25 18:54:29');
INSERT INTO OFFER (offer_id, trip_id, driver_id, status, sent_at, responded_at) VALUES (1401, 470, 20, 'expired', '2026-04-25 18:51:32', NULL);
INSERT INTO OFFER (offer_id, trip_id, driver_id, status, sent_at, responded_at) VALUES (1402, 470, 36, 'expired', '2026-04-25 18:51:32', NULL);
INSERT INTO OFFER (offer_id, trip_id, driver_id, status, sent_at, responded_at) VALUES (1403, 470, 1, 'expired', '2026-04-25 18:51:33', NULL);
INSERT INTO OFFER (offer_id, trip_id, driver_id, status, sent_at, responded_at) VALUES (1404, 470, 48, 'expired', '2026-04-25 18:51:33', NULL);
INSERT INTO PAYMENT (payment_id, trip_id, amount, platform_fee, driver_earnings, method, status, paid_at) VALUES (379, 470, 20.3, 4.06, 16.24, 'cash', 'completed', '2026-04-25 19:26:59');

INSERT INTO TRIP (trip_id, rider_id, driver_id, vehicle_id, origin_lat, origin_lng, origin_address, dest_lat, dest_lng, dest_address, status, distance_km, duration_minutes, price_estimated, price_final, requested_at, accepted_at, started_at, finished_at) VALUES (471, 94, NULL, NULL, 40.45265054, -3.73291717, 'Pasadizo Iris Romero 64, Madrid', 40.39658774, -3.69956618, 'Cuesta Jessica Vilanova 31, Madrid', 'cancelled', 7.24, NULL, 12.86, NULL, '2026-04-25 18:50:57', NULL, NULL, NULL);
INSERT INTO OFFER (offer_id, trip_id, driver_id, status, sent_at, responded_at) VALUES (1405, 471, 15, 'rejected', '2026-04-25 18:51:01', '2026-04-25 18:51:32');
INSERT INTO OFFER (offer_id, trip_id, driver_id, status, sent_at, responded_at) VALUES (1406, 471, 35, 'rejected', '2026-04-25 18:51:02', '2026-04-25 18:51:54');
INSERT INTO OFFER (offer_id, trip_id, driver_id, status, sent_at, responded_at) VALUES (1407, 471, 25, 'expired', '2026-04-25 18:51:00', NULL);
INSERT INTO OFFER (offer_id, trip_id, driver_id, status, sent_at, responded_at) VALUES (1408, 471, 47, 'expired', '2026-04-25 18:51:02', NULL);
INSERT INTO OFFER (offer_id, trip_id, driver_id, status, sent_at, responded_at) VALUES (1409, 471, 1, 'rejected', '2026-04-25 18:51:01', '2026-04-25 18:51:36');
INSERT INTO TRIP (trip_id, rider_id, driver_id, vehicle_id, origin_lat, origin_lng, origin_address, dest_lat, dest_lng, dest_address, status, distance_km, duration_minutes, price_estimated, price_final, requested_at, accepted_at, started_at, finished_at) VALUES (472, 21, 25, 25, 40.44153801, -3.71245416, 'Acceso Maxi Pinedo 820 Apt. 89 , Madrid', 40.36071284, -3.68325935, 'Urbanización de Heraclio Oliver 8 Piso 0 , Madrid', 'completed', 9.54, 24, 16.31, 14.89, '2026-04-25 18:51:18', '2026-04-25 18:52:24', '2026-04-25 18:54:57', '2026-04-25 19:18:57');
INSERT INTO OFFER (offer_id, trip_id, driver_id, status, sent_at, responded_at) VALUES (1410, 472, 33, 'rejected', '2026-04-25 18:51:21', '2026-04-25 18:52:07');
INSERT INTO OFFER (offer_id, trip_id, driver_id, status, sent_at, responded_at) VALUES (1411, 472, 25, 'accepted', '2026-04-25 18:51:19', '2026-04-25 18:52:24');
INSERT INTO OFFER (offer_id, trip_id, driver_id, status, sent_at, responded_at) VALUES (1412, 472, 36, 'rejected', '2026-04-25 18:51:21', '2026-04-25 18:51:37');
INSERT INTO OFFER (offer_id, trip_id, driver_id, status, sent_at, responded_at) VALUES (1413, 472, 45, 'rejected', '2026-04-25 18:51:22', '2026-04-25 18:51:57');
INSERT INTO OFFER (offer_id, trip_id, driver_id, status, sent_at, responded_at) VALUES (1414, 472, 47, 'expired', '2026-04-25 18:51:23', NULL);
INSERT INTO PAYMENT (payment_id, trip_id, amount, platform_fee, driver_earnings, method, status, paid_at) VALUES (380, 472, 14.89, 2.98, 11.91, 'wallet', 'completed', '2026-04-25 19:18:57');
INSERT INTO TRIP (trip_id, rider_id, driver_id, vehicle_id, origin_lat, origin_lng, origin_address, dest_lat, dest_lng, dest_address, status, distance_km, duration_minutes, price_estimated, price_final, requested_at, accepted_at, started_at, finished_at) VALUES (473, 12, 16, 16, 40.46058087, -3.62469929, 'Alameda Albino Rincón 84 Puerta 1 , Madrid', 40.48754724, -3.66735708, 'C. Carmen Becerra 74, Madrid', 'completed', 5.6, 14, 10.4, 9.66, '2026-04-25 18:51:49', '2026-04-25 18:56:41', '2026-04-25 19:01:32', '2026-04-25 19:15:32');
INSERT INTO OFFER (offer_id, trip_id, driver_id, status, sent_at, responded_at) VALUES (1415, 473, 16, 'accepted', '2026-04-25 18:51:52', '2026-04-25 18:56:41');
INSERT INTO OFFER (offer_id, trip_id, driver_id, status, sent_at, responded_at) VALUES (1416, 473, 40, 'rejected', '2026-04-25 18:51:51', '2026-04-25 18:52:37');
INSERT INTO OFFER (offer_id, trip_id, driver_id, status, sent_at, responded_at) VALUES (1417, 473, 30, 'rejected', '2026-04-25 18:51:52', '2026-04-25 18:52:22');
INSERT INTO OFFER (offer_id, trip_id, driver_id, status, sent_at, responded_at) VALUES (1418, 473, 44, 'expired', '2026-04-25 18:51:50', NULL);
INSERT INTO PAYMENT (payment_id, trip_id, amount, platform_fee, driver_earnings, method, status, paid_at) VALUES (381, 473, 9.66, 1.93, 7.73, 'card', 'pending', NULL);
INSERT INTO TRIP (trip_id, rider_id, driver_id, vehicle_id, origin_lat, origin_lng, origin_address, dest_lat, dest_lng, dest_address, status, distance_km, duration_minutes, price_estimated, price_final, requested_at, accepted_at, started_at, finished_at) VALUES (474, 31, 38, 38, 40.47332468, -3.70115543, 'C. de Micaela Batlle 40 Puerta 8 , Madrid', 40.47212086, -3.67730139, 'Cañada de Florentino Quintanilla 80, Madrid', 'completed', 2.65, 10, 5.97, 6.33, '2026-04-25 18:51:31', '2026-04-25 18:56:30', '2026-04-25 19:03:55', '2026-04-25 19:13:55');
INSERT INTO OFFER (offer_id, trip_id, driver_id, status, sent_at, responded_at) VALUES (1419, 474, 38, 'accepted', '2026-04-25 18:51:36', '2026-04-25 18:56:30');
INSERT INTO PAYMENT (payment_id, trip_id, amount, platform_fee, driver_earnings, method, status, paid_at) VALUES (382, 474, 6.33, 1.27, 5.06, 'wallet', 'completed', '2026-04-25 19:18:55');
INSERT INTO TRIP (trip_id, rider_id, driver_id, vehicle_id, origin_lat, origin_lng, origin_address, dest_lat, dest_lng, dest_address, status, distance_km, duration_minutes, price_estimated, price_final, requested_at, accepted_at, started_at, finished_at) VALUES (475, 48, 46, 46, 40.44625486, -3.73199453, 'Urbanización Gil Avilés 1, Madrid', 40.37793387, -3.66047563, 'Pasadizo Esmeralda Elorza 455 Piso 0 , Madrid', 'completed', 10.98, 23, 18.47, 20.29, '2026-04-25 18:51:38', '2026-04-25 18:55:59', '2026-04-25 19:05:11', '2026-04-25 19:28:11');
INSERT INTO OFFER (offer_id, trip_id, driver_id, status, sent_at, responded_at) VALUES (1420, 475, 46, 'accepted', '2026-04-25 18:51:42', '2026-04-25 18:55:59');
INSERT INTO OFFER (offer_id, trip_id, driver_id, status, sent_at, responded_at) VALUES (1421, 475, 32, 'expired', '2026-04-25 18:51:39', NULL);
INSERT INTO OFFER (offer_id, trip_id, driver_id, status, sent_at, responded_at) VALUES (1422, 475, 31, 'rejected', '2026-04-25 18:51:39', '2026-04-25 18:51:50');
INSERT INTO PAYMENT (payment_id, trip_id, amount, platform_fee, driver_earnings, method, status, paid_at) VALUES (383, 475, 20.29, 4.06, 16.23, 'card', 'completed', '2026-04-25 19:32:11');
INSERT INTO TRIP (trip_id, rider_id, driver_id, vehicle_id, origin_lat, origin_lng, origin_address, dest_lat, dest_lng, dest_address, status, distance_km, duration_minutes, price_estimated, price_final, requested_at, accepted_at, started_at, finished_at) VALUES (476, 45, 25, 25, 40.4556562, -3.66810048, 'Via de Petrona Montenegro 631, Madrid', 40.47916989, -3.65024974, 'Pasaje Palmira Marquez 65, Madrid', 'completed', 3.28, 5, 6.92, 7.16, '2026-04-25 18:51:39', '2026-04-25 18:56:23', '2026-04-25 19:02:40', '2026-04-25 19:07:40');
INSERT INTO OFFER (offer_id, trip_id, driver_id, status, sent_at, responded_at) VALUES (1423, 476, 25, 'accepted', '2026-04-25 18:51:42', '2026-04-25 18:56:23');
INSERT INTO OFFER (offer_id, trip_id, driver_id, status, sent_at, responded_at) VALUES (1424, 476, 17, 'rejected', '2026-04-25 18:51:40', '2026-04-25 18:52:38');
INSERT INTO PAYMENT (payment_id, trip_id, amount, platform_fee, driver_earnings, method, status, paid_at) VALUES (384, 476, 7.16, 1.43, 5.73, 'wallet', 'completed', '2026-04-25 19:08:40');
INSERT INTO TRIP (trip_id, rider_id, driver_id, vehicle_id, origin_lat, origin_lng, origin_address, dest_lat, dest_lng, dest_address, status, distance_km, duration_minutes, price_estimated, price_final, requested_at, accepted_at, started_at, finished_at) VALUES (477, 50, 35, 35, 40.36707356, -3.64126606, 'Ronda León Arjona 30, Madrid', 40.39348525, -3.70896976, 'Vial de Hipólito Arenas 964, Madrid', 'completed', 8.07, 21, 14.11, 15.31, '2026-04-25 18:53:01', '2026-04-25 18:54:33', '2026-04-25 18:59:48', '2026-04-25 19:20:48');
INSERT INTO OFFER (offer_id, trip_id, driver_id, status, sent_at, responded_at) VALUES (1425, 477, 35, 'accepted', '2026-04-25 18:53:06', '2026-04-25 18:54:33');
INSERT INTO OFFER (offer_id, trip_id, driver_id, status, sent_at, responded_at) VALUES (1426, 477, 4, 'rejected', '2026-04-25 18:53:03', '2026-04-25 18:53:47');
INSERT INTO OFFER (offer_id, trip_id, driver_id, status, sent_at, responded_at) VALUES (1427, 477, 6, 'rejected', '2026-04-25 18:53:03', '2026-04-25 18:54:00');
INSERT INTO OFFER (offer_id, trip_id, driver_id, status, sent_at, responded_at) VALUES (1428, 477, 24, 'expired', '2026-04-25 18:53:02', NULL);
INSERT INTO OFFER (offer_id, trip_id, driver_id, status, sent_at, responded_at) VALUES (1429, 477, 25, 'expired', '2026-04-25 18:53:03', NULL);
INSERT INTO PAYMENT (payment_id, trip_id, amount, platform_fee, driver_earnings, method, status, paid_at) VALUES (385, 477, 15.31, 3.06, 12.25, 'card', 'pending', NULL);
INSERT INTO TRIP (trip_id, rider_id, driver_id, vehicle_id, origin_lat, origin_lng, origin_address, dest_lat, dest_lng, dest_address, status, distance_km, duration_minutes, price_estimated, price_final, requested_at, accepted_at, started_at, finished_at) VALUES (478, 51, 19, 19, 40.42232262, -3.70373861, 'Calle de Gerardo Carreño 93 Puerta 7 , Madrid', 40.40750846, -3.71483481, 'Acceso Omar Casals 9 Puerta 5 , Madrid', 'cancelled', 2.05, NULL, 5.07, NULL, '2026-04-25 18:50:29', '2026-04-25 18:53:54', NULL, NULL);
INSERT INTO OFFER (offer_id, trip_id, driver_id, status, sent_at, responded_at) VALUES (1430, 478, 19, 'accepted', '2026-04-25 18:50:30', '2026-04-25 18:53:54');
INSERT INTO OFFER (offer_id, trip_id, driver_id, status, sent_at, responded_at) VALUES (1431, 478, 7, 'rejected', '2026-04-25 18:50:31', '2026-04-25 18:51:09');
INSERT INTO OFFER (offer_id, trip_id, driver_id, status, sent_at, responded_at) VALUES (1432, 478, 34, 'rejected', '2026-04-25 18:50:31', '2026-04-25 18:50:57');
INSERT INTO OFFER (offer_id, trip_id, driver_id, status, sent_at, responded_at) VALUES (1433, 478, 12, 'expired', '2026-04-25 18:50:32', NULL);
INSERT INTO OFFER (offer_id, trip_id, driver_id, status, sent_at, responded_at) VALUES (1434, 478, 9, 'rejected', '2026-04-25 18:50:33', '2026-04-25 18:50:39');
INSERT INTO TRIP (trip_id, rider_id, driver_id, vehicle_id, origin_lat, origin_lng, origin_address, dest_lat, dest_lng, dest_address, status, distance_km, duration_minutes, price_estimated, price_final, requested_at, accepted_at, started_at, finished_at) VALUES (479, 66, 39, 39, 40.47152785, -3.71943088, 'Cañada Teobaldo Pla 4 Piso 2 , Madrid', 40.37411302, -3.65973931, 'Cañada de Roberto Carbó 8 Puerta 6 , Madrid', 'completed', 12.68, 23, 21.02, 22.28, '2026-04-25 18:50:18', '2026-04-25 18:54:13', '2026-04-25 19:01:01', '2026-04-25 19:24:01');
INSERT INTO OFFER (offer_id, trip_id, driver_id, status, sent_at, responded_at) VALUES (1435, 479, 39, 'accepted', '2026-04-25 18:50:21', '2026-04-25 18:54:13');
INSERT INTO OFFER (offer_id, trip_id, driver_id, status, sent_at, responded_at) VALUES (1436, 479, 16, 'expired', '2026-04-25 18:50:23', NULL);
INSERT INTO OFFER (offer_id, trip_id, driver_id, status, sent_at, responded_at) VALUES (1437, 479, 41, 'expired', '2026-04-25 18:50:23', NULL);
INSERT INTO OFFER (offer_id, trip_id, driver_id, status, sent_at, responded_at) VALUES (1438, 479, 35, 'rejected', '2026-04-25 18:50:19', '2026-04-25 18:51:16');
INSERT INTO OFFER (offer_id, trip_id, driver_id, status, sent_at, responded_at) VALUES (1439, 479, 29, 'rejected', '2026-04-25 18:50:23', '2026-04-25 18:50:42');
INSERT INTO PAYMENT (payment_id, trip_id, amount, platform_fee, driver_earnings, method, status, paid_at) VALUES (386, 479, 22.28, 4.46, 17.82, 'wallet', 'completed', '2026-04-25 19:25:01');
INSERT INTO TRIP (trip_id, rider_id, driver_id, vehicle_id, origin_lat, origin_lng, origin_address, dest_lat, dest_lng, dest_address, status, distance_km, duration_minutes, price_estimated, price_final, requested_at, accepted_at, started_at, finished_at) VALUES (480, 67, 19, 19, 40.48605143, -3.71421246, 'C. Timoteo Barco 89 Apt. 70 , Madrid', 40.45438468, -3.74214912, 'Cañada de Samanta Feijoo 826, Madrid', 'completed', 4.69, 10, 9.04, 9.08, '2026-04-25 18:51:40', '2026-04-25 18:56:39', '2026-04-25 19:06:27', '2026-04-25 19:16:27');
INSERT INTO OFFER (offer_id, trip_id, driver_id, status, sent_at, responded_at) VALUES (1440, 480, 19, 'accepted', '2026-04-25 18:51:43', '2026-04-25 18:56:39');
INSERT INTO PAYMENT (payment_id, trip_id, amount, platform_fee, driver_earnings, method, status, paid_at) VALUES (387, 480, 9.08, 1.82, 7.26, 'card', 'completed', '2026-04-25 19:19:27');

INSERT INTO TRIP (trip_id, rider_id, driver_id, vehicle_id, origin_lat, origin_lng, origin_address, dest_lat, dest_lng, dest_address, status, distance_km, duration_minutes, price_estimated, price_final, requested_at, accepted_at, started_at, finished_at) VALUES (481, 56, NULL, NULL, 40.47395235, -3.6787817, 'Calle Eusebia Seguí 36, Madrid', 40.40002653, -3.68604721, 'Vial Calisto Manrique 9 Puerta 6 , Madrid', 'requested', 8.25, NULL, 14.38, NULL, '2026-04-25 18:52:54', NULL, NULL, NULL);
INSERT INTO OFFER (offer_id, trip_id, driver_id, status, sent_at, responded_at) VALUES (1441, 481, 9, 'expired', '2026-04-25 18:52:55', NULL);
INSERT INTO OFFER (offer_id, trip_id, driver_id, status, sent_at, responded_at) VALUES (1442, 481, 49, 'expired', '2026-04-25 18:52:58', NULL);
INSERT INTO OFFER (offer_id, trip_id, driver_id, status, sent_at, responded_at) VALUES (1443, 481, 48, 'rejected', '2026-04-25 18:52:57', '2026-04-25 18:53:30');
INSERT INTO TRIP (trip_id, rider_id, driver_id, vehicle_id, origin_lat, origin_lng, origin_address, dest_lat, dest_lng, dest_address, status, distance_km, duration_minutes, price_estimated, price_final, requested_at, accepted_at, started_at, finished_at) VALUES (482, 24, 5, 5, 40.37051038, -3.62752273, 'Ronda Julio Domingo 55 Apt. 33 , Madrid', 40.38513771, -3.72318798, 'Rambla Quique Padilla 8, Madrid', 'completed', 10.74, 25, 18.11, 16.72, '2026-04-25 18:50:47', '2026-04-25 18:53:16', '2026-04-25 18:57:22', '2026-04-25 19:22:22');
INSERT INTO OFFER (offer_id, trip_id, driver_id, status, sent_at, responded_at) VALUES (1444, 482, 5, 'accepted', '2026-04-25 18:50:52', '2026-04-25 18:53:16');
INSERT INTO OFFER (offer_id, trip_id, driver_id, status, sent_at, responded_at) VALUES (1445, 482, 28, 'rejected', '2026-04-25 18:50:51', '2026-04-25 18:51:30');
INSERT INTO OFFER (offer_id, trip_id, driver_id, status, sent_at, responded_at) VALUES (1446, 482, 26, 'expired', '2026-04-25 18:50:52', NULL);
INSERT INTO OFFER (offer_id, trip_id, driver_id, status, sent_at, responded_at) VALUES (1447, 482, 49, 'expired', '2026-04-25 18:50:49', NULL);
INSERT INTO PAYMENT (payment_id, trip_id, amount, platform_fee, driver_earnings, method, status, paid_at) VALUES (388, 482, 16.72, 3.34, 13.38, 'card', 'completed', '2026-04-25 19:25:22');
INSERT INTO TRIP (trip_id, rider_id, driver_id, vehicle_id, origin_lat, origin_lng, origin_address, dest_lat, dest_lng, dest_address, status, distance_km, duration_minutes, price_estimated, price_final, requested_at, accepted_at, started_at, finished_at) VALUES (483, 39, 5, 5, 40.43793539, -3.61336017, 'Pasadizo de Amor Alberdi 573, Madrid', 40.49931058, -3.6619119, 'Alameda Tania Andrade 79, Madrid', 'completed', 8.69, 18, 15.04, 14.61, '2026-04-25 18:50:13', '2026-04-25 18:54:44', '2026-04-25 19:03:19', '2026-04-25 19:21:19');
INSERT INTO OFFER (offer_id, trip_id, driver_id, status, sent_at, responded_at) VALUES (1448, 483, 5, 'accepted', '2026-04-25 18:50:15', '2026-04-25 18:54:44');
INSERT INTO PAYMENT (payment_id, trip_id, amount, platform_fee, driver_earnings, method, status, paid_at) VALUES (389, 483, 14.61, 2.92, 11.69, 'wallet', 'completed', '2026-04-25 19:23:19');
INSERT INTO TRIP (trip_id, rider_id, driver_id, vehicle_id, origin_lat, origin_lng, origin_address, dest_lat, dest_lng, dest_address, status, distance_km, duration_minutes, price_estimated, price_final, requested_at, accepted_at, started_at, finished_at) VALUES (484, 27, 10, 10, 40.41743554, -3.67206627, 'Cuesta de Eladio Domingo 8, Madrid', 40.42651959, -3.619833, 'Calle de Clara Cerdá 69, Madrid', 'completed', 5.88, 16, 10.82, 11.05, '2026-04-25 18:52:18', '2026-04-25 18:53:54', '2026-04-25 19:02:45', '2026-04-25 19:18:45');
INSERT INTO OFFER (offer_id, trip_id, driver_id, status, sent_at, responded_at) VALUES (1449, 484, 10, 'accepted', '2026-04-25 18:52:22', '2026-04-25 18:53:54');
INSERT INTO OFFER (offer_id, trip_id, driver_id, status, sent_at, responded_at) VALUES (1450, 484, 7, 'rejected', '2026-04-25 18:52:19', '2026-04-25 18:52:36');
INSERT INTO OFFER (offer_id, trip_id, driver_id, status, sent_at, responded_at) VALUES (1451, 484, 46, 'expired', '2026-04-25 18:52:23', NULL);
INSERT INTO PAYMENT (payment_id, trip_id, amount, platform_fee, driver_earnings, method, status, paid_at) VALUES (390, 484, 11.05, 2.21, 8.84, 'card', 'pending', NULL);
INSERT INTO TRIP (trip_id, rider_id, driver_id, vehicle_id, origin_lat, origin_lng, origin_address, dest_lat, dest_lng, dest_address, status, distance_km, duration_minutes, price_estimated, price_final, requested_at, accepted_at, started_at, finished_at) VALUES (485, 52, 10, 10, 40.38759773, -3.74293713, 'Pasadizo Amando Barroso 83 Piso 2 , Madrid', 40.35241489, -3.69260227, 'Cañada de Evelia Montaña 143, Madrid', 'completed', 6.82, 18, 12.23, 12.87, '2026-04-25 18:51:16', '2026-04-25 18:55:55', '2026-04-25 19:00:46', '2026-04-25 19:18:46');
INSERT INTO OFFER (offer_id, trip_id, driver_id, status, sent_at, responded_at) VALUES (1452, 485, 10, 'accepted', '2026-04-25 18:51:20', '2026-04-25 18:55:55');
INSERT INTO OFFER (offer_id, trip_id, driver_id, status, sent_at, responded_at) VALUES (1453, 485, 38, 'rejected', '2026-04-25 18:51:19', '2026-04-25 18:51:43');
INSERT INTO OFFER (offer_id, trip_id, driver_id, status, sent_at, responded_at) VALUES (1454, 485, 8, 'rejected', '2026-04-25 18:51:21', '2026-04-25 18:51:58');
INSERT INTO OFFER (offer_id, trip_id, driver_id, status, sent_at, responded_at) VALUES (1455, 485, 29, 'rejected', '2026-04-25 18:51:19', '2026-04-25 18:51:49');
INSERT INTO OFFER (offer_id, trip_id, driver_id, status, sent_at, responded_at) VALUES (1456, 485, 30, 'rejected', '2026-04-25 18:51:18', '2026-04-25 18:51:30');
INSERT INTO PAYMENT (payment_id, trip_id, amount, platform_fee, driver_earnings, method, status, paid_at) VALUES (391, 485, 12.87, 2.57, 10.3, 'card', 'completed', '2026-04-25 19:23:46');
INSERT INTO TRIP (trip_id, rider_id, driver_id, vehicle_id, origin_lat, origin_lng, origin_address, dest_lat, dest_lng, dest_address, status, distance_km, duration_minutes, price_estimated, price_final, requested_at, accepted_at, started_at, finished_at) VALUES (486, 25, 11, 11, 40.47496386, -3.71294997, 'Rambla de Germán Diego 15, Madrid', 40.48379054, -3.7284516, 'Glorieta Herberto Arellano 91 Apt. 36 , Madrid', 'completed', 1.98, 8, 4.97, 4.67, '2026-04-25 18:51:33', '2026-04-25 18:55:11', '2026-04-25 18:59:02', '2026-04-25 19:07:02');
INSERT INTO OFFER (offer_id, trip_id, driver_id, status, sent_at, responded_at) VALUES (1457, 486, 11, 'accepted', '2026-04-25 18:51:35', '2026-04-25 18:55:11');
INSERT INTO OFFER (offer_id, trip_id, driver_id, status, sent_at, responded_at) VALUES (1458, 486, 3, 'rejected', '2026-04-25 18:51:35', '2026-04-25 18:52:33');
INSERT INTO PAYMENT (payment_id, trip_id, amount, platform_fee, driver_earnings, method, status, paid_at) VALUES (392, 486, 4.67, 0.93, 3.74, 'wallet', 'pending', NULL);
INSERT INTO TRIP (trip_id, rider_id, driver_id, vehicle_id, origin_lat, origin_lng, origin_address, dest_lat, dest_lng, dest_address, status, distance_km, duration_minutes, price_estimated, price_final, requested_at, accepted_at, started_at, finished_at) VALUES (487, 43, 7, 7, 40.48814145, -3.67198298, 'Paseo de Bautista Ballester 285, Madrid', 40.49800492, -3.69032859, 'Rambla Eustaquio Aznar 18 Piso 7 , Madrid', 'completed', 2.31, 6, 5.46, 5.78, '2026-04-25 18:53:06', '2026-04-25 18:55:24', '2026-04-25 19:02:42', '2026-04-25 19:08:42');
INSERT INTO OFFER (offer_id, trip_id, driver_id, status, sent_at, responded_at) VALUES (1459, 487, 7, 'accepted', '2026-04-25 18:53:09', '2026-04-25 18:55:24');
INSERT INTO OFFER (offer_id, trip_id, driver_id, status, sent_at, responded_at) VALUES (1460, 487, 17, 'rejected', '2026-04-25 18:53:10', '2026-04-25 18:53:25');
INSERT INTO OFFER (offer_id, trip_id, driver_id, status, sent_at, responded_at) VALUES (1461, 487, 9, 'rejected', '2026-04-25 18:53:08', '2026-04-25 18:53:45');
INSERT INTO OFFER (offer_id, trip_id, driver_id, status, sent_at, responded_at) VALUES (1462, 487, 13, 'expired', '2026-04-25 18:53:07', NULL);
INSERT INTO OFFER (offer_id, trip_id, driver_id, status, sent_at, responded_at) VALUES (1463, 487, 16, 'rejected', '2026-04-25 18:53:07', '2026-04-25 18:53:16');
INSERT INTO PAYMENT (payment_id, trip_id, amount, platform_fee, driver_earnings, method, status, paid_at) VALUES (393, 487, 5.78, 1.16, 4.62, 'wallet', 'pending', NULL);
INSERT INTO TRIP (trip_id, rider_id, driver_id, vehicle_id, origin_lat, origin_lng, origin_address, dest_lat, dest_lng, dest_address, status, distance_km, duration_minutes, price_estimated, price_final, requested_at, accepted_at, started_at, finished_at) VALUES (488, 75, 42, 42, 40.45587276, -3.71741774, 'Calle Jorge Cobos 16, Madrid', 40.42144986, -3.69878579, 'Pasadizo Bernarda Olivares 3, Madrid', 'completed', 4.34, 8, 8.51, 7.66, '2026-04-25 18:52:36', '2026-04-25 18:57:30', '2026-04-25 18:59:56', '2026-04-25 19:07:56');
INSERT INTO OFFER (offer_id, trip_id, driver_id, status, sent_at, responded_at) VALUES (1464, 488, 42, 'accepted', '2026-04-25 18:52:39', '2026-04-25 18:57:30');
INSERT INTO OFFER (offer_id, trip_id, driver_id, status, sent_at, responded_at) VALUES (1465, 488, 3, 'rejected', '2026-04-25 18:52:38', '2026-04-25 18:52:56');
INSERT INTO OFFER (offer_id, trip_id, driver_id, status, sent_at, responded_at) VALUES (1466, 488, 11, 'rejected', '2026-04-25 18:52:41', '2026-04-25 18:53:14');
INSERT INTO OFFER (offer_id, trip_id, driver_id, status, sent_at, responded_at) VALUES (1467, 488, 48, 'rejected', '2026-04-25 18:52:37', '2026-04-25 18:53:32');
INSERT INTO OFFER (offer_id, trip_id, driver_id, status, sent_at, responded_at) VALUES (1468, 488, 40, 'rejected', '2026-04-25 18:52:38', '2026-04-25 18:53:08');
INSERT INTO PAYMENT (payment_id, trip_id, amount, platform_fee, driver_earnings, method, status, paid_at) VALUES (394, 488, 7.66, 1.53, 6.13, 'card', 'pending', NULL);
INSERT INTO TRIP (trip_id, rider_id, driver_id, vehicle_id, origin_lat, origin_lng, origin_address, dest_lat, dest_lng, dest_address, status, distance_km, duration_minutes, price_estimated, price_final, requested_at, accepted_at, started_at, finished_at) VALUES (489, 16, NULL, NULL, 40.43033797, -3.62767551, 'Ronda de Hipólito Carbó 72 Piso 8 , Madrid', 40.45458748, -3.69443492, 'Glorieta de Luz Peiró 889 Piso 1 , Madrid', 'requested', 7.88, NULL, 13.82, NULL, '2026-04-25 18:51:29', NULL, NULL, NULL);
INSERT INTO OFFER (offer_id, trip_id, driver_id, status, sent_at, responded_at) VALUES (1469, 489, 32, 'expired', '2026-04-25 18:51:34', NULL);
INSERT INTO OFFER (offer_id, trip_id, driver_id, status, sent_at, responded_at) VALUES (1470, 489, 42, 'rejected', '2026-04-25 18:51:30', '2026-04-25 18:52:09');
INSERT INTO OFFER (offer_id, trip_id, driver_id, status, sent_at, responded_at) VALUES (1471, 489, 47, 'rejected', '2026-04-25 18:51:34', '2026-04-25 18:51:43');
INSERT INTO TRIP (trip_id, rider_id, driver_id, vehicle_id, origin_lat, origin_lng, origin_address, dest_lat, dest_lng, dest_address, status, distance_km, duration_minutes, price_estimated, price_final, requested_at, accepted_at, started_at, finished_at) VALUES (490, 11, 38, 38, 40.4460312, -3.69753682, 'Vial de Benito Real 59 Puerta 2 , Madrid', 40.41724388, -3.71452079, 'Via Leyre Noriega 1 Piso 7 , Madrid', 'completed', 3.71, 8, 7.56, 7.47, '2026-04-25 18:52:10', '2026-04-25 18:55:22', '2026-04-25 19:03:13', '2026-04-25 19:11:13');
INSERT INTO OFFER (offer_id, trip_id, driver_id, status, sent_at, responded_at) VALUES (1472, 490, 38, 'accepted', '2026-04-25 18:52:12', '2026-04-25 18:55:22');
INSERT INTO PAYMENT (payment_id, trip_id, amount, platform_fee, driver_earnings, method, status, paid_at) VALUES (395, 490, 7.47, 1.49, 5.98, 'card', 'completed', '2026-04-25 19:11:13');

INSERT INTO TRIP (trip_id, rider_id, driver_id, vehicle_id, origin_lat, origin_lng, origin_address, dest_lat, dest_lng, dest_address, status, distance_km, duration_minutes, price_estimated, price_final, requested_at, accepted_at, started_at, finished_at) VALUES (491, 19, 40, 40, 40.45073172, -3.67033551, 'Calle Gisela Solano 92, Madrid', 40.35143697, -3.68564394, 'Pasaje de Celso Vélez 2 Puerta 0 , Madrid', 'completed', 11.15, 25, 18.73, 20.3, '2026-04-25 18:51:41', '2026-04-25 18:56:27', '2026-04-25 19:04:21', '2026-04-25 19:29:21');
INSERT INTO OFFER (offer_id, trip_id, driver_id, status, sent_at, responded_at) VALUES (1473, 491, 40, 'accepted', '2026-04-25 18:51:42', '2026-04-25 18:56:27');
INSERT INTO PAYMENT (payment_id, trip_id, amount, platform_fee, driver_earnings, method, status, paid_at) VALUES (396, 491, 20.3, 4.06, 16.24, 'card', 'completed', '2026-04-25 19:31:21');
INSERT INTO TRIP (trip_id, rider_id, driver_id, vehicle_id, origin_lat, origin_lng, origin_address, dest_lat, dest_lng, dest_address, status, distance_km, duration_minutes, price_estimated, price_final, requested_at, accepted_at, started_at, finished_at) VALUES (492, 17, 40, 40, 40.36933527, -3.69431814, 'Camino de Amelia Jordá 24 Apt. 43 , Madrid', 40.49733894, -3.60012889, 'Cuesta de Vera Fábregas 97, Madrid', 'completed', 17.64, 37, 28.46, 30.78, '2026-04-25 18:51:18', '2026-04-25 18:52:31', '2026-04-25 19:00:36', '2026-04-25 19:37:36');
INSERT INTO OFFER (offer_id, trip_id, driver_id, status, sent_at, responded_at) VALUES (1474, 492, 40, 'accepted', '2026-04-25 18:51:22', '2026-04-25 18:52:31');
INSERT INTO OFFER (offer_id, trip_id, driver_id, status, sent_at, responded_at) VALUES (1475, 492, 36, 'rejected', '2026-04-25 18:51:20', '2026-04-25 18:51:33');
INSERT INTO OFFER (offer_id, trip_id, driver_id, status, sent_at, responded_at) VALUES (1476, 492, 49, 'rejected', '2026-04-25 18:51:20', '2026-04-25 18:52:00');
INSERT INTO OFFER (offer_id, trip_id, driver_id, status, sent_at, responded_at) VALUES (1477, 492, 31, 'rejected', '2026-04-25 18:51:22', '2026-04-25 18:51:36');
INSERT INTO OFFER (offer_id, trip_id, driver_id, status, sent_at, responded_at) VALUES (1478, 492, 22, 'expired', '2026-04-25 18:51:23', NULL);
INSERT INTO PAYMENT (payment_id, trip_id, amount, platform_fee, driver_earnings, method, status, paid_at) VALUES (397, 492, 30.78, 6.16, 24.62, 'card', 'completed', '2026-04-25 19:42:36');
INSERT INTO TRIP (trip_id, rider_id, driver_id, vehicle_id, origin_lat, origin_lng, origin_address, dest_lat, dest_lng, dest_address, status, distance_km, duration_minutes, price_estimated, price_final, requested_at, accepted_at, started_at, finished_at) VALUES (493, 51, 9, 9, 40.39160175, -3.61278719, 'Acceso de Fito Campos 66 Piso 5 , Madrid', 40.47535996, -3.70316881, 'Alameda de Dan Fábregas 66 Puerta 5 , Madrid', 'cancelled', 13.68, NULL, 22.52, NULL, '2026-04-25 18:53:11', '2026-04-25 18:54:15', NULL, NULL);
INSERT INTO OFFER (offer_id, trip_id, driver_id, status, sent_at, responded_at) VALUES (1479, 493, 9, 'accepted', '2026-04-25 18:53:14', '2026-04-25 18:54:15');
INSERT INTO TRIP (trip_id, rider_id, driver_id, vehicle_id, origin_lat, origin_lng, origin_address, dest_lat, dest_lng, dest_address, status, distance_km, duration_minutes, price_estimated, price_final, requested_at, accepted_at, started_at, finished_at) VALUES (494, 72, 32, 32, 40.43874718, -3.6572099, 'Camino de Milagros Salom 9 Puerta 5 , Madrid', 40.45117005, -3.67415825, 'Avenida de Leticia Arellano 8 Puerta 2 , Madrid', 'completed', 2.33, 7, 5.5, 5.05, '2026-04-25 18:52:56', '2026-04-25 18:55:51', '2026-04-25 18:58:30', '2026-04-25 19:05:30');
INSERT INTO OFFER (offer_id, trip_id, driver_id, status, sent_at, responded_at) VALUES (1480, 494, 32, 'accepted', '2026-04-25 18:52:58', '2026-04-25 18:55:51');
INSERT INTO OFFER (offer_id, trip_id, driver_id, status, sent_at, responded_at) VALUES (1481, 494, 21, 'rejected', '2026-04-25 18:52:59', '2026-04-25 18:53:07');
INSERT INTO OFFER (offer_id, trip_id, driver_id, status, sent_at, responded_at) VALUES (1482, 494, 49, 'expired', '2026-04-25 18:52:59', NULL);
INSERT INTO OFFER (offer_id, trip_id, driver_id, status, sent_at, responded_at) VALUES (1483, 494, 18, 'rejected', '2026-04-25 18:53:00', '2026-04-25 18:53:08');
INSERT INTO OFFER (offer_id, trip_id, driver_id, status, sent_at, responded_at) VALUES (1484, 494, 47, 'expired', '2026-04-25 18:53:01', NULL);
INSERT INTO PAYMENT (payment_id, trip_id, amount, platform_fee, driver_earnings, method, status, paid_at) VALUES (398, 494, 5.05, 1.01, 4.04, 'card', 'completed', '2026-04-25 19:05:30');
INSERT INTO TRIP (trip_id, rider_id, driver_id, vehicle_id, origin_lat, origin_lng, origin_address, dest_lat, dest_lng, dest_address, status, distance_km, duration_minutes, price_estimated, price_final, requested_at, accepted_at, started_at, finished_at) VALUES (495, 27, 47, 47, 40.36173478, -3.60599587, 'Acceso de Adán Arana 25 Puerta 1 , Madrid', 40.37419295, -3.6759791, 'Via de Elba Chamorro 18, Madrid', 'completed', 7.89, 15, 13.83, 12.7, '2026-04-25 18:50:26', '2026-04-25 18:52:04', '2026-04-25 18:57:01', '2026-04-25 19:12:01');
INSERT INTO OFFER (offer_id, trip_id, driver_id, status, sent_at, responded_at) VALUES (1485, 495, 47, 'accepted', '2026-04-25 18:50:30', '2026-04-25 18:52:04');
INSERT INTO PAYMENT (payment_id, trip_id, amount, platform_fee, driver_earnings, method, status, paid_at) VALUES (399, 495, 12.7, 2.54, 10.16, 'card', 'completed', '2026-04-25 19:14:01');
INSERT INTO TRIP (trip_id, rider_id, driver_id, vehicle_id, origin_lat, origin_lng, origin_address, dest_lat, dest_lng, dest_address, status, distance_km, duration_minutes, price_estimated, price_final, requested_at, accepted_at, started_at, finished_at) VALUES (496, 64, NULL, NULL, 40.40251469, -3.70952782, 'Ronda Rafaela Azcona 55, Madrid', 40.40039942, -3.6336274, 'Via Guadalupe Revilla 34 Apt. 93 , Madrid', 'cancelled', 8.43, NULL, 14.64, NULL, '2026-04-25 18:50:57', NULL, NULL, NULL);
INSERT INTO OFFER (offer_id, trip_id, driver_id, status, sent_at, responded_at) VALUES (1486, 496, 26, 'expired', '2026-04-25 18:51:02', NULL);
INSERT INTO TRIP (trip_id, rider_id, driver_id, vehicle_id, origin_lat, origin_lng, origin_address, dest_lat, dest_lng, dest_address, status, distance_km, duration_minutes, price_estimated, price_final, requested_at, accepted_at, started_at, finished_at) VALUES (497, 61, 9, 9, 40.36313608, -3.6297139, 'Calle Amor Almansa 41, Madrid', 40.4586646, -3.60617492, 'Urbanización de Fabián Carrasco 32, Madrid', 'completed', 10.92, 26, 18.38, 18.97, '2026-04-25 18:51:11', '2026-04-25 18:53:17', '2026-04-25 18:59:09', '2026-04-25 19:25:09');
INSERT INTO OFFER (offer_id, trip_id, driver_id, status, sent_at, responded_at) VALUES (1487, 497, 9, 'accepted', '2026-04-25 18:51:16', '2026-04-25 18:53:17');
INSERT INTO OFFER (offer_id, trip_id, driver_id, status, sent_at, responded_at) VALUES (1488, 497, 34, 'expired', '2026-04-25 18:51:14', NULL);
INSERT INTO OFFER (offer_id, trip_id, driver_id, status, sent_at, responded_at) VALUES (1489, 497, 46, 'expired', '2026-04-25 18:51:16', NULL);
INSERT INTO OFFER (offer_id, trip_id, driver_id, status, sent_at, responded_at) VALUES (1490, 497, 19, 'rejected', '2026-04-25 18:51:14', '2026-04-25 18:51:55');
INSERT INTO PAYMENT (payment_id, trip_id, amount, platform_fee, driver_earnings, method, status, paid_at) VALUES (400, 497, 18.97, 3.79, 15.18, 'card', 'completed', '2026-04-25 19:25:09');
INSERT INTO TRIP (trip_id, rider_id, driver_id, vehicle_id, origin_lat, origin_lng, origin_address, dest_lat, dest_lng, dest_address, status, distance_km, duration_minutes, price_estimated, price_final, requested_at, accepted_at, started_at, finished_at) VALUES (498, 29, 16, 16, 40.44641484, -3.71676548, 'Calle de Desiderio González 931, Madrid', 40.42249492, -3.70190905, 'Glorieta de Luisa Torrens 55, Madrid', 'completed', 3.13, 5, 6.7, 6.7, '2026-04-25 18:52:06', '2026-04-25 18:56:16', '2026-04-25 19:01:36', '2026-04-25 19:06:36');
INSERT INTO OFFER (offer_id, trip_id, driver_id, status, sent_at, responded_at) VALUES (1491, 498, 16, 'accepted', '2026-04-25 18:52:08', '2026-04-25 18:56:16');
INSERT INTO OFFER (offer_id, trip_id, driver_id, status, sent_at, responded_at) VALUES (1492, 498, 10, 'rejected', '2026-04-25 18:52:07', '2026-04-25 18:52:32');
INSERT INTO OFFER (offer_id, trip_id, driver_id, status, sent_at, responded_at) VALUES (1493, 498, 28, 'expired', '2026-04-25 18:52:08', NULL);
INSERT INTO OFFER (offer_id, trip_id, driver_id, status, sent_at, responded_at) VALUES (1494, 498, 34, 'expired', '2026-04-25 18:52:10', NULL);
INSERT INTO PAYMENT (payment_id, trip_id, amount, platform_fee, driver_earnings, method, status, paid_at) VALUES (401, 498, 6.7, 1.34, 5.36, 'card', 'completed', '2026-04-25 19:10:36');
INSERT INTO TRIP (trip_id, rider_id, driver_id, vehicle_id, origin_lat, origin_lng, origin_address, dest_lat, dest_lng, dest_address, status, distance_km, duration_minutes, price_estimated, price_final, requested_at, accepted_at, started_at, finished_at) VALUES (499, 46, 39, 39, 40.41950077, -3.653122, 'Paseo de Ana Belén Tamayo 1 Puerta 8 , Madrid', 40.42931236, -3.6333631, 'Pasaje Ángeles Riquelme 98 Piso 7 , Madrid', 'completed', 2.45, 7, 5.68, 5.45, '2026-04-25 18:52:12', '2026-04-25 18:56:42', '2026-04-25 19:05:24', '2026-04-25 19:12:24');
INSERT INTO OFFER (offer_id, trip_id, driver_id, status, sent_at, responded_at) VALUES (1495, 499, 39, 'accepted', '2026-04-25 18:52:16', '2026-04-25 18:56:42');
INSERT INTO OFFER (offer_id, trip_id, driver_id, status, sent_at, responded_at) VALUES (1496, 499, 1, 'rejected', '2026-04-25 18:52:14', '2026-04-25 18:53:00');
INSERT INTO OFFER (offer_id, trip_id, driver_id, status, sent_at, responded_at) VALUES (1497, 499, 4, 'expired', '2026-04-25 18:52:13', NULL);
INSERT INTO OFFER (offer_id, trip_id, driver_id, status, sent_at, responded_at) VALUES (1498, 499, 41, 'expired', '2026-04-25 18:52:17', NULL);
INSERT INTO OFFER (offer_id, trip_id, driver_id, status, sent_at, responded_at) VALUES (1499, 499, 20, 'rejected', '2026-04-25 18:52:17', '2026-04-25 18:52:52');
INSERT INTO PAYMENT (payment_id, trip_id, amount, platform_fee, driver_earnings, method, status, paid_at) VALUES (402, 499, 5.45, 1.09, 4.36, 'cash', 'completed', '2026-04-25 19:13:24');
INSERT INTO TRIP (trip_id, rider_id, driver_id, vehicle_id, origin_lat, origin_lng, origin_address, dest_lat, dest_lng, dest_address, status, distance_km, duration_minutes, price_estimated, price_final, requested_at, accepted_at, started_at, finished_at) VALUES (500, 22, 32, 32, 40.46052737, -3.68952198, 'Urbanización de Pío Reyes 99, Madrid', 40.37483019, -3.6414664, 'Acceso Matilde Acero 94, Madrid', 'completed', 10.91, 24, 18.37, 19.33, '2026-04-25 18:52:39', '2026-04-25 18:55:13', '2026-04-25 18:59:11', '2026-04-25 19:23:11');
INSERT INTO OFFER (offer_id, trip_id, driver_id, status, sent_at, responded_at) VALUES (1500, 500, 32, 'accepted', '2026-04-25 18:52:41', '2026-04-25 18:55:13');
INSERT INTO OFFER (offer_id, trip_id, driver_id, status, sent_at, responded_at) VALUES (1501, 500, 40, 'expired', '2026-04-25 18:52:44', NULL);
INSERT INTO OFFER (offer_id, trip_id, driver_id, status, sent_at, responded_at) VALUES (1502, 500, 19, 'expired', '2026-04-25 18:52:43', NULL);
INSERT INTO PAYMENT (payment_id, trip_id, amount, platform_fee, driver_earnings, method, status, paid_at) VALUES (403, 500, 19.33, 3.87, 15.46, 'wallet', 'pending', NULL);

INSERT INTO TRIP (trip_id, rider_id, driver_id, vehicle_id, origin_lat, origin_lng, origin_address, dest_lat, dest_lng, dest_address, status, distance_km, duration_minutes, price_estimated, price_final, requested_at, accepted_at, started_at, finished_at) VALUES (501, 46, 8, 8, 40.40184746, -3.6934366, 'Via Albano Gonzalez 29 Apt. 73 , Madrid', 40.43134797, -3.63810442, 'Alameda Serafina Arnaiz 612, Madrid', 'completed', 6.96, 13, 12.44, 12.65, '2026-04-25 18:50:16', '2026-04-25 18:52:26', '2026-04-25 18:54:47', '2026-04-25 19:07:47');
INSERT INTO OFFER (offer_id, trip_id, driver_id, status, sent_at, responded_at) VALUES (1503, 501, 8, 'accepted', '2026-04-25 18:50:18', '2026-04-25 18:52:26');
INSERT INTO OFFER (offer_id, trip_id, driver_id, status, sent_at, responded_at) VALUES (1504, 501, 3, 'expired', '2026-04-25 18:50:18', NULL);
INSERT INTO OFFER (offer_id, trip_id, driver_id, status, sent_at, responded_at) VALUES (1505, 501, 14, 'rejected', '2026-04-25 18:50:17', '2026-04-25 18:50:27');
INSERT INTO OFFER (offer_id, trip_id, driver_id, status, sent_at, responded_at) VALUES (1506, 501, 41, 'expired', '2026-04-25 18:50:20', NULL);
INSERT INTO OFFER (offer_id, trip_id, driver_id, status, sent_at, responded_at) VALUES (1507, 501, 32, 'expired', '2026-04-25 18:50:19', NULL);
INSERT INTO PAYMENT (payment_id, trip_id, amount, platform_fee, driver_earnings, method, status, paid_at) VALUES (404, 501, 12.65, 2.53, 10.12, 'card', 'completed', '2026-04-25 19:11:47');
INSERT INTO TRIP (trip_id, rider_id, driver_id, vehicle_id, origin_lat, origin_lng, origin_address, dest_lat, dest_lng, dest_address, status, distance_km, duration_minutes, price_estimated, price_final, requested_at, accepted_at, started_at, finished_at) VALUES (502, 15, 24, 24, 40.43398008, -3.72060039, 'Glorieta de Jorge Marqués 39, Madrid', 40.46210578, -3.62212308, 'C. Delfina Saldaña 32, Madrid', 'completed', 11.37, 26, 19.05, 18.4, '2026-04-25 18:51:36', '2026-04-25 18:53:04', '2026-04-25 18:59:12', '2026-04-25 19:25:12');
INSERT INTO OFFER (offer_id, trip_id, driver_id, status, sent_at, responded_at) VALUES (1508, 502, 24, 'accepted', '2026-04-25 18:51:38', '2026-04-25 18:53:04');
INSERT INTO OFFER (offer_id, trip_id, driver_id, status, sent_at, responded_at) VALUES (1509, 502, 50, 'expired', '2026-04-25 18:51:38', NULL);
INSERT INTO PAYMENT (payment_id, trip_id, amount, platform_fee, driver_earnings, method, status, paid_at) VALUES (405, 502, 18.4, 3.68, 14.72, 'cash', 'completed', '2026-04-25 19:26:12');
INSERT INTO TRIP (trip_id, rider_id, driver_id, vehicle_id, origin_lat, origin_lng, origin_address, dest_lat, dest_lng, dest_address, status, distance_km, duration_minutes, price_estimated, price_final, requested_at, accepted_at, started_at, finished_at) VALUES (503, 15, 27, 27, 40.38944997, -3.71007429, 'C. de Rosalinda Sales 94 Puerta 1 , Madrid', 40.46210805, -3.74144624, 'Via Ramiro Vallés 788 Puerta 2 , Madrid', 'completed', 8.78, 18, 15.17, 16.33, '2026-04-25 18:50:50', '2026-04-25 18:52:09', '2026-04-25 19:00:52', '2026-04-25 19:18:52');
INSERT INTO OFFER (offer_id, trip_id, driver_id, status, sent_at, responded_at) VALUES (1510, 503, 27, 'accepted', '2026-04-25 18:50:53', '2026-04-25 18:52:09');
INSERT INTO OFFER (offer_id, trip_id, driver_id, status, sent_at, responded_at) VALUES (1511, 503, 9, 'rejected', '2026-04-25 18:50:54', '2026-04-25 18:51:13');
INSERT INTO OFFER (offer_id, trip_id, driver_id, status, sent_at, responded_at) VALUES (1512, 503, 24, 'rejected', '2026-04-25 18:50:52', '2026-04-25 18:51:18');
INSERT INTO OFFER (offer_id, trip_id, driver_id, status, sent_at, responded_at) VALUES (1513, 503, 18, 'rejected', '2026-04-25 18:50:53', '2026-04-25 18:51:40');
INSERT INTO PAYMENT (payment_id, trip_id, amount, platform_fee, driver_earnings, method, status, paid_at) VALUES (406, 503, 16.33, 3.27, 13.06, 'card', 'pending', NULL);
INSERT INTO TRIP (trip_id, rider_id, driver_id, vehicle_id, origin_lat, origin_lng, origin_address, dest_lat, dest_lng, dest_address, status, distance_km, duration_minutes, price_estimated, price_final, requested_at, accepted_at, started_at, finished_at) VALUES (504, 6, 6, 6, 40.38609329, -3.74034969, 'Rambla de Aristides Almagro 93 Apt. 94 , Madrid', 40.46857127, -3.64883674, 'Cañada Cleto Marco 64 Apt. 05 , Madrid', 'completed', 13.67, 26, 22.5, 24.52, '2026-04-25 18:52:44', '2026-04-25 18:55:22', '2026-04-25 18:58:39', '2026-04-25 19:24:39');
INSERT INTO OFFER (offer_id, trip_id, driver_id, status, sent_at, responded_at) VALUES (1514, 504, 6, 'accepted', '2026-04-25 18:52:47', '2026-04-25 18:55:22');
INSERT INTO OFFER (offer_id, trip_id, driver_id, status, sent_at, responded_at) VALUES (1515, 504, 22, 'rejected', '2026-04-25 18:52:48', '2026-04-25 18:53:42');
INSERT INTO OFFER (offer_id, trip_id, driver_id, status, sent_at, responded_at) VALUES (1516, 504, 35, 'rejected', '2026-04-25 18:52:45', '2026-04-25 18:53:27');
INSERT INTO OFFER (offer_id, trip_id, driver_id, status, sent_at, responded_at) VALUES (1517, 504, 12, 'expired', '2026-04-25 18:52:49', NULL);
INSERT INTO OFFER (offer_id, trip_id, driver_id, status, sent_at, responded_at) VALUES (1518, 504, 24, 'expired', '2026-04-25 18:52:47', NULL);
INSERT INTO PAYMENT (payment_id, trip_id, amount, platform_fee, driver_earnings, method, status, paid_at) VALUES (407, 504, 24.52, 4.9, 19.62, 'card', 'completed', '2026-04-25 19:25:39');
INSERT INTO TRIP (trip_id, rider_id, driver_id, vehicle_id, origin_lat, origin_lng, origin_address, dest_lat, dest_lng, dest_address, status, distance_km, duration_minutes, price_estimated, price_final, requested_at, accepted_at, started_at, finished_at) VALUES (505, 52, 39, 39, 40.46590634, -3.70629271, 'Camino Jenny Mosquera 9 Puerta 0 , Madrid', 40.35702045, -3.61705723, 'Cuesta de Lola Figuerola 27 Apt. 23 , Madrid', 'completed', 15.63, 36, 25.45, 24.78, '2026-04-25 18:53:07', '2026-04-25 18:55:23', '2026-04-25 19:04:47', '2026-04-25 19:40:47');
INSERT INTO OFFER (offer_id, trip_id, driver_id, status, sent_at, responded_at) VALUES (1519, 505, 39, 'accepted', '2026-04-25 18:53:09', '2026-04-25 18:55:23');
INSERT INTO OFFER (offer_id, trip_id, driver_id, status, sent_at, responded_at) VALUES (1520, 505, 15, 'expired', '2026-04-25 18:53:12', NULL);
INSERT INTO PAYMENT (payment_id, trip_id, amount, platform_fee, driver_earnings, method, status, paid_at) VALUES (408, 505, 24.78, 4.96, 19.82, 'wallet', 'completed', '2026-04-25 19:45:47');
INSERT INTO TRIP (trip_id, rider_id, driver_id, vehicle_id, origin_lat, origin_lng, origin_address, dest_lat, dest_lng, dest_address, status, distance_km, duration_minutes, price_estimated, price_final, requested_at, accepted_at, started_at, finished_at) VALUES (506, 92, 25, 25, 40.40670525, -3.68922074, 'Callejón Samu Alsina 80 Puerta 5 , Madrid', 40.44888, -3.68592724, 'Urbanización de Pascuala Jurado 11, Madrid', 'completed', 4.7, 9, 9.05, 9.76, '2026-04-25 18:51:12', '2026-04-25 18:56:00', '2026-04-25 19:04:52', '2026-04-25 19:13:52');
INSERT INTO OFFER (offer_id, trip_id, driver_id, status, sent_at, responded_at) VALUES (1521, 506, 25, 'accepted', '2026-04-25 18:51:15', '2026-04-25 18:56:00');
INSERT INTO OFFER (offer_id, trip_id, driver_id, status, sent_at, responded_at) VALUES (1522, 506, 5, 'rejected', '2026-04-25 18:51:14', '2026-04-25 18:51:38');
INSERT INTO OFFER (offer_id, trip_id, driver_id, status, sent_at, responded_at) VALUES (1523, 506, 42, 'expired', '2026-04-25 18:51:16', NULL);
INSERT INTO OFFER (offer_id, trip_id, driver_id, status, sent_at, responded_at) VALUES (1524, 506, 40, 'rejected', '2026-04-25 18:51:15', '2026-04-25 18:51:25');
INSERT INTO OFFER (offer_id, trip_id, driver_id, status, sent_at, responded_at) VALUES (1525, 506, 23, 'rejected', '2026-04-25 18:51:14', '2026-04-25 18:51:45');
INSERT INTO PAYMENT (payment_id, trip_id, amount, platform_fee, driver_earnings, method, status, paid_at) VALUES (409, 506, 9.76, 1.95, 7.81, 'card', 'completed', '2026-04-25 19:14:52');
INSERT INTO TRIP (trip_id, rider_id, driver_id, vehicle_id, origin_lat, origin_lng, origin_address, dest_lat, dest_lng, dest_address, status, distance_km, duration_minutes, price_estimated, price_final, requested_at, accepted_at, started_at, finished_at) VALUES (507, 96, 25, 25, 40.43825645, -3.70569166, 'Calle Rosa María Montalbán 41, Madrid', 40.37261946, -3.61568541, 'Calle de Esteban Valentín 88, Madrid', 'completed', 12.37, 23, 20.55, 21.49, '2026-04-25 18:51:03', '2026-04-25 18:55:00', '2026-04-25 19:03:43', '2026-04-25 19:26:43');
INSERT INTO OFFER (offer_id, trip_id, driver_id, status, sent_at, responded_at) VALUES (1526, 507, 25, 'accepted', '2026-04-25 18:51:07', '2026-04-25 18:55:00');
INSERT INTO OFFER (offer_id, trip_id, driver_id, status, sent_at, responded_at) VALUES (1527, 507, 47, 'rejected', '2026-04-25 18:51:06', '2026-04-25 18:52:02');
INSERT INTO PAYMENT (payment_id, trip_id, amount, platform_fee, driver_earnings, method, status, paid_at) VALUES (410, 507, 21.49, 4.3, 17.19, 'card', 'pending', NULL);
INSERT INTO TRIP (trip_id, rider_id, driver_id, vehicle_id, origin_lat, origin_lng, origin_address, dest_lat, dest_lng, dest_address, status, distance_km, duration_minutes, price_estimated, price_final, requested_at, accepted_at, started_at, finished_at) VALUES (508, 62, 38, 38, 40.38848915, -3.74479513, 'Vial de Maribel Villar 595, Madrid', 40.44229242, -3.64648643, 'Rambla de Obdulia Porcel 8 Apt. 57 , Madrid', 'in_progress', 12.44, NULL, 20.66, NULL, '2026-04-25 18:51:57', '2026-04-25 18:55:06', '2026-04-25 19:04:08', NULL);
INSERT INTO OFFER (offer_id, trip_id, driver_id, status, sent_at, responded_at) VALUES (1528, 508, 38, 'accepted', '2026-04-25 18:51:59', '2026-04-25 18:55:06');
INSERT INTO OFFER (offer_id, trip_id, driver_id, status, sent_at, responded_at) VALUES (1529, 508, 32, 'rejected', '2026-04-25 18:52:02', '2026-04-25 18:52:18');
INSERT INTO OFFER (offer_id, trip_id, driver_id, status, sent_at, responded_at) VALUES (1530, 508, 35, 'expired', '2026-04-25 18:51:58', NULL);
INSERT INTO TRIP (trip_id, rider_id, driver_id, vehicle_id, origin_lat, origin_lng, origin_address, dest_lat, dest_lng, dest_address, status, distance_km, duration_minutes, price_estimated, price_final, requested_at, accepted_at, started_at, finished_at) VALUES (509, 30, 16, 16, 40.39502998, -3.63252503, 'Avenida Germán Mancebo 77 Apt. 26 , Madrid', 40.35888802, -3.67635239, 'Vial Amarilis Quintanilla 301, Madrid', 'completed', 6.31, 11, 11.46, 11.06, '2026-04-25 18:50:47', '2026-04-25 18:52:58', '2026-04-25 19:02:20', '2026-04-25 19:13:20');
INSERT INTO OFFER (offer_id, trip_id, driver_id, status, sent_at, responded_at) VALUES (1531, 509, 16, 'accepted', '2026-04-25 18:50:50', '2026-04-25 18:52:58');
INSERT INTO PAYMENT (payment_id, trip_id, amount, platform_fee, driver_earnings, method, status, paid_at) VALUES (411, 509, 11.06, 2.21, 8.85, 'card', 'pending', NULL);
INSERT INTO TRIP (trip_id, rider_id, driver_id, vehicle_id, origin_lat, origin_lng, origin_address, dest_lat, dest_lng, dest_address, status, distance_km, duration_minutes, price_estimated, price_final, requested_at, accepted_at, started_at, finished_at) VALUES (510, 1, 1, 1, 40.43684293, -3.68307373, 'Plaza de Eufemia Soto 6, Madrid', 40.36411146, -3.71962835, 'Calle Pacífica Coloma 89 Puerta 6 , Madrid', 'completed', 9.04, 22, 15.56, 14.91, '2026-04-25 18:51:28', '2026-04-25 18:55:03', '2026-04-25 18:58:33', '2026-04-25 19:20:33');
INSERT INTO OFFER (offer_id, trip_id, driver_id, status, sent_at, responded_at) VALUES (1532, 510, 1, 'accepted', '2026-04-25 18:51:33', '2026-04-25 18:55:03');
INSERT INTO OFFER (offer_id, trip_id, driver_id, status, sent_at, responded_at) VALUES (1533, 510, 22, 'rejected', '2026-04-25 18:51:30', '2026-04-25 18:52:17');
INSERT INTO PAYMENT (payment_id, trip_id, amount, platform_fee, driver_earnings, method, status, paid_at) VALUES (412, 510, 14.91, 2.98, 11.93, 'cash', 'completed', '2026-04-25 19:22:33');

INSERT INTO TRIP (trip_id, rider_id, driver_id, vehicle_id, origin_lat, origin_lng, origin_address, dest_lat, dest_lng, dest_address, status, distance_km, duration_minutes, price_estimated, price_final, requested_at, accepted_at, started_at, finished_at) VALUES (511, 33, 7, 7, 40.49802982, -3.73764496, 'Pasaje de Fanny Casanova 92 Apt. 73 , Madrid', 40.48715331, -3.6877246, 'Glorieta de Florencia Torre 32 Apt. 50 , Madrid', 'completed', 5.67, 15, 10.5, 9.71, '2026-04-25 18:52:45', '2026-04-25 18:56:49', '2026-04-25 19:02:48', '2026-04-25 19:17:48');
INSERT INTO OFFER (offer_id, trip_id, driver_id, status, sent_at, responded_at) VALUES (1534, 511, 7, 'accepted', '2026-04-25 18:52:50', '2026-04-25 18:56:49');
INSERT INTO PAYMENT (payment_id, trip_id, amount, platform_fee, driver_earnings, method, status, paid_at) VALUES (413, 511, 9.71, 1.94, 7.77, 'wallet', 'completed', '2026-04-25 19:21:48');
INSERT INTO TRIP (trip_id, rider_id, driver_id, vehicle_id, origin_lat, origin_lng, origin_address, dest_lat, dest_lng, dest_address, status, distance_km, duration_minutes, price_estimated, price_final, requested_at, accepted_at, started_at, finished_at) VALUES (512, 64, 24, 24, 40.37095342, -3.62468595, 'Vial Esperanza Escobar 23, Madrid', 40.47897754, -3.72733068, 'Cañada Ana Belén Iglesias 112 Apt. 12 , Madrid', 'completed', 16.54, 32, 26.81, 25.75, '2026-04-25 18:52:21', '2026-04-25 18:54:41', '2026-04-25 19:03:43', '2026-04-25 19:35:43');
INSERT INTO OFFER (offer_id, trip_id, driver_id, status, sent_at, responded_at) VALUES (1535, 512, 24, 'accepted', '2026-04-25 18:52:25', '2026-04-25 18:54:41');
INSERT INTO PAYMENT (payment_id, trip_id, amount, platform_fee, driver_earnings, method, status, paid_at) VALUES (414, 512, 25.75, 5.15, 20.6, 'card', 'completed', '2026-04-25 19:39:43');
INSERT INTO TRIP (trip_id, rider_id, driver_id, vehicle_id, origin_lat, origin_lng, origin_address, dest_lat, dest_lng, dest_address, status, distance_km, duration_minutes, price_estimated, price_final, requested_at, accepted_at, started_at, finished_at) VALUES (513, 71, 29, 29, 40.40175492, -3.72191051, 'Paseo Pablo Nicolau 47, Madrid', 40.3536432, -3.66620835, 'C. Paula Suarez 80, Madrid', 'in_progress', 8.17, NULL, 14.25, NULL, '2026-04-25 18:52:42', '2026-04-25 18:56:21', '2026-04-25 19:02:09', NULL);
INSERT INTO OFFER (offer_id, trip_id, driver_id, status, sent_at, responded_at) VALUES (1536, 513, 29, 'accepted', '2026-04-25 18:52:45', '2026-04-25 18:56:21');
INSERT INTO OFFER (offer_id, trip_id, driver_id, status, sent_at, responded_at) VALUES (1537, 513, 42, 'expired', '2026-04-25 18:52:44', NULL);
INSERT INTO OFFER (offer_id, trip_id, driver_id, status, sent_at, responded_at) VALUES (1538, 513, 32, 'rejected', '2026-04-25 18:52:43', '2026-04-25 18:53:08');
INSERT INTO OFFER (offer_id, trip_id, driver_id, status, sent_at, responded_at) VALUES (1539, 513, 34, 'expired', '2026-04-25 18:52:45', NULL);
INSERT INTO TRIP (trip_id, rider_id, driver_id, vehicle_id, origin_lat, origin_lng, origin_address, dest_lat, dest_lng, dest_address, status, distance_km, duration_minutes, price_estimated, price_final, requested_at, accepted_at, started_at, finished_at) VALUES (514, 52, 36, 36, 40.48917781, -3.61334507, 'Glorieta de Clara Reina 8 Puerta 1 , Madrid', 40.38384382, -3.66433088, 'Vial de Lucio Belmonte 775, Madrid', 'completed', 12.99, 27, 21.48, 20.08, '2026-04-25 18:52:07', '2026-04-25 18:56:13', '2026-04-25 19:04:26', '2026-04-25 19:31:26');
INSERT INTO OFFER (offer_id, trip_id, driver_id, status, sent_at, responded_at) VALUES (1540, 514, 36, 'accepted', '2026-04-25 18:52:08', '2026-04-25 18:56:13');
INSERT INTO OFFER (offer_id, trip_id, driver_id, status, sent_at, responded_at) VALUES (1541, 514, 7, 'rejected', '2026-04-25 18:52:10', '2026-04-25 18:52:24');
INSERT INTO OFFER (offer_id, trip_id, driver_id, status, sent_at, responded_at) VALUES (1542, 514, 43, 'rejected', '2026-04-25 18:52:08', '2026-04-25 18:52:38');
INSERT INTO OFFER (offer_id, trip_id, driver_id, status, sent_at, responded_at) VALUES (1543, 514, 46, 'expired', '2026-04-25 18:52:09', NULL);
INSERT INTO PAYMENT (payment_id, trip_id, amount, platform_fee, driver_earnings, method, status, paid_at) VALUES (415, 514, 20.08, 4.02, 16.06, 'card', 'completed', '2026-04-25 19:31:26');
INSERT INTO TRIP (trip_id, rider_id, driver_id, vehicle_id, origin_lat, origin_lng, origin_address, dest_lat, dest_lng, dest_address, status, distance_km, duration_minutes, price_estimated, price_final, requested_at, accepted_at, started_at, finished_at) VALUES (515, 47, 18, 18, 40.37988253, -3.65589012, 'Cañada de Vasco Cañizares 10, Madrid', 40.46144754, -3.74972269, 'Cuesta Ignacio Robledo 3 Puerta 1 , Madrid', 'completed', 13.8, 29, 22.7, 21.54, '2026-04-25 18:51:50', '2026-04-25 18:56:16', '2026-04-25 19:03:49', '2026-04-25 19:32:49');
INSERT INTO OFFER (offer_id, trip_id, driver_id, status, sent_at, responded_at) VALUES (1544, 515, 18, 'accepted', '2026-04-25 18:51:54', '2026-04-25 18:56:16');
INSERT INTO OFFER (offer_id, trip_id, driver_id, status, sent_at, responded_at) VALUES (1545, 515, 11, 'rejected', '2026-04-25 18:51:55', '2026-04-25 18:52:28');
INSERT INTO PAYMENT (payment_id, trip_id, amount, platform_fee, driver_earnings, method, status, paid_at) VALUES (416, 515, 21.54, 4.31, 17.23, 'card', 'pending', NULL);
INSERT INTO TRIP (trip_id, rider_id, driver_id, vehicle_id, origin_lat, origin_lng, origin_address, dest_lat, dest_lng, dest_address, status, distance_km, duration_minutes, price_estimated, price_final, requested_at, accepted_at, started_at, finished_at) VALUES (516, 16, 12, 12, 40.40458927, -3.60850652, 'Pasaje de Desiderio Taboada 60, Madrid', 40.44157426, -3.60545102, 'Pasadizo Renato Pastor 85 Apt. 40 , Madrid', 'cancelled', 4.12, NULL, 8.18, NULL, '2026-04-25 18:51:37', '2026-04-25 18:56:33', NULL, NULL);
INSERT INTO OFFER (offer_id, trip_id, driver_id, status, sent_at, responded_at) VALUES (1546, 516, 12, 'accepted', '2026-04-25 18:51:39', '2026-04-25 18:56:33');
INSERT INTO OFFER (offer_id, trip_id, driver_id, status, sent_at, responded_at) VALUES (1547, 516, 31, 'rejected', '2026-04-25 18:51:40', '2026-04-25 18:51:55');
INSERT INTO TRIP (trip_id, rider_id, driver_id, vehicle_id, origin_lat, origin_lng, origin_address, dest_lat, dest_lng, dest_address, status, distance_km, duration_minutes, price_estimated, price_final, requested_at, accepted_at, started_at, finished_at) VALUES (517, 33, 19, 19, 40.49426186, -3.70425471, 'Pasadizo Angélica Casals 71 Piso 6 , Madrid', 40.46399913, -3.74699415, 'Acceso Dorita Ferrando 38 Piso 8 , Madrid', 'completed', 5.81, 9, 10.71, 11.69, '2026-04-25 18:52:55', '2026-04-25 18:55:42', '2026-04-25 19:00:09', '2026-04-25 19:09:09');
INSERT INTO OFFER (offer_id, trip_id, driver_id, status, sent_at, responded_at) VALUES (1548, 517, 19, 'accepted', '2026-04-25 18:53:00', '2026-04-25 18:55:42');
INSERT INTO OFFER (offer_id, trip_id, driver_id, status, sent_at, responded_at) VALUES (1549, 517, 40, 'rejected', '2026-04-25 18:53:00', '2026-04-25 18:53:47');
INSERT INTO PAYMENT (payment_id, trip_id, amount, platform_fee, driver_earnings, method, status, paid_at) VALUES (417, 517, 11.69, 2.34, 9.35, 'cash', 'completed', '2026-04-25 19:10:09');
INSERT INTO TRIP (trip_id, rider_id, driver_id, vehicle_id, origin_lat, origin_lng, origin_address, dest_lat, dest_lng, dest_address, status, distance_km, duration_minutes, price_estimated, price_final, requested_at, accepted_at, started_at, finished_at) VALUES (518, 60, 17, 17, 40.38224268, -3.63558618, 'Acceso Elvira Briones 13 Piso 3 , Madrid', 40.4077992, -3.62629907, 'Rambla de Samuel Agullo 724, Madrid', 'completed', 3.02, 8, 6.53, 6.9, '2026-04-25 18:50:27', '2026-04-25 18:53:03', '2026-04-25 19:00:09', '2026-04-25 19:08:09');
INSERT INTO OFFER (offer_id, trip_id, driver_id, status, sent_at, responded_at) VALUES (1550, 518, 17, 'accepted', '2026-04-25 18:50:32', '2026-04-25 18:53:03');
INSERT INTO OFFER (offer_id, trip_id, driver_id, status, sent_at, responded_at) VALUES (1551, 518, 31, 'expired', '2026-04-25 18:50:32', NULL);
INSERT INTO PAYMENT (payment_id, trip_id, amount, platform_fee, driver_earnings, method, status, paid_at) VALUES (418, 518, 6.9, 1.38, 5.52, 'card', 'pending', NULL);
INSERT INTO TRIP (trip_id, rider_id, driver_id, vehicle_id, origin_lat, origin_lng, origin_address, dest_lat, dest_lng, dest_address, status, distance_km, duration_minutes, price_estimated, price_final, requested_at, accepted_at, started_at, finished_at) VALUES (519, 52, 11, 11, 40.37147912, -3.71523531, 'Callejón Imelda Malo 8, Madrid', 40.49909617, -3.7467026, 'Camino de Chelo Varela 4 Apt. 54 , Madrid', 'completed', 14.59, 33, 23.88, 25.16, '2026-04-25 18:50:44', '2026-04-25 18:53:49', '2026-04-25 19:01:53', '2026-04-25 19:34:53');
INSERT INTO OFFER (offer_id, trip_id, driver_id, status, sent_at, responded_at) VALUES (1552, 519, 11, 'accepted', '2026-04-25 18:50:48', '2026-04-25 18:53:49');
INSERT INTO OFFER (offer_id, trip_id, driver_id, status, sent_at, responded_at) VALUES (1553, 519, 25, 'rejected', '2026-04-25 18:50:46', '2026-04-25 18:51:32');
INSERT INTO PAYMENT (payment_id, trip_id, amount, platform_fee, driver_earnings, method, status, paid_at) VALUES (419, 519, 25.16, 5.03, 20.13, 'card', 'completed', '2026-04-25 19:36:53');
INSERT INTO TRIP (trip_id, rider_id, driver_id, vehicle_id, origin_lat, origin_lng, origin_address, dest_lat, dest_lng, dest_address, status, distance_km, duration_minutes, price_estimated, price_final, requested_at, accepted_at, started_at, finished_at) VALUES (520, 87, 46, 46, 40.37615076, -3.71620151, 'Alameda Martina Calvet 35 Piso 2 , Madrid', 40.41459884, -3.7430235, 'Camino de Borja Ugarte 42 Piso 3 , Madrid', 'completed', 5.2, 15, 9.8, 9.0, '2026-04-25 18:51:35', '2026-04-25 18:54:12', '2026-04-25 19:03:08', '2026-04-25 19:18:08');
INSERT INTO OFFER (offer_id, trip_id, driver_id, status, sent_at, responded_at) VALUES (1554, 520, 46, 'accepted', '2026-04-25 18:51:36', '2026-04-25 18:54:12');
INSERT INTO PAYMENT (payment_id, trip_id, amount, platform_fee, driver_earnings, method, status, paid_at) VALUES (420, 520, 9.0, 1.8, 7.2, 'cash', 'completed', '2026-04-25 19:21:08');

INSERT INTO TRIP (trip_id, rider_id, driver_id, vehicle_id, origin_lat, origin_lng, origin_address, dest_lat, dest_lng, dest_address, status, distance_km, duration_minutes, price_estimated, price_final, requested_at, accepted_at, started_at, finished_at) VALUES (521, 15, 13, 13, 40.41253328, -3.68563924, 'Acceso de Fulgencio Paredes 886, Madrid', 40.42259373, -3.73650916, 'Acceso de Albert Barrera 184, Madrid', 'in_progress', 5.76, NULL, 10.64, NULL, '2026-04-25 18:51:37', '2026-04-25 18:53:25', '2026-04-25 18:57:12', NULL);
INSERT INTO OFFER (offer_id, trip_id, driver_id, status, sent_at, responded_at) VALUES (1555, 521, 13, 'accepted', '2026-04-25 18:51:42', '2026-04-25 18:53:25');
INSERT INTO OFFER (offer_id, trip_id, driver_id, status, sent_at, responded_at) VALUES (1556, 521, 7, 'rejected', '2026-04-25 18:51:40', '2026-04-25 18:51:47');
INSERT INTO OFFER (offer_id, trip_id, driver_id, status, sent_at, responded_at) VALUES (1557, 521, 23, 'expired', '2026-04-25 18:51:42', NULL);
INSERT INTO OFFER (offer_id, trip_id, driver_id, status, sent_at, responded_at) VALUES (1558, 521, 39, 'rejected', '2026-04-25 18:51:39', '2026-04-25 18:52:00');
INSERT INTO OFFER (offer_id, trip_id, driver_id, status, sent_at, responded_at) VALUES (1559, 521, 33, 'expired', '2026-04-25 18:51:39', NULL);
INSERT INTO TRIP (trip_id, rider_id, driver_id, vehicle_id, origin_lat, origin_lng, origin_address, dest_lat, dest_lng, dest_address, status, distance_km, duration_minutes, price_estimated, price_final, requested_at, accepted_at, started_at, finished_at) VALUES (522, 81, 5, 5, 40.46758265, -3.68248437, 'Pasadizo de Rodolfo Antón 60, Madrid', 40.37369609, -3.66853705, 'Rambla de Leonor Albero 881, Madrid', 'completed', 10.54, 26, 17.81, 19.23, '2026-04-25 18:52:58', '2026-04-25 18:54:53', '2026-04-25 18:58:47', '2026-04-25 19:24:47');
INSERT INTO OFFER (offer_id, trip_id, driver_id, status, sent_at, responded_at) VALUES (1560, 522, 5, 'accepted', '2026-04-25 18:53:00', '2026-04-25 18:54:53');
INSERT INTO OFFER (offer_id, trip_id, driver_id, status, sent_at, responded_at) VALUES (1561, 522, 40, 'expired', '2026-04-25 18:53:02', NULL);
INSERT INTO OFFER (offer_id, trip_id, driver_id, status, sent_at, responded_at) VALUES (1562, 522, 2, 'expired', '2026-04-25 18:53:03', NULL);
INSERT INTO OFFER (offer_id, trip_id, driver_id, status, sent_at, responded_at) VALUES (1563, 522, 47, 'expired', '2026-04-25 18:53:03', NULL);
INSERT INTO OFFER (offer_id, trip_id, driver_id, status, sent_at, responded_at) VALUES (1564, 522, 20, 'rejected', '2026-04-25 18:53:02', '2026-04-25 18:53:31');
INSERT INTO PAYMENT (payment_id, trip_id, amount, platform_fee, driver_earnings, method, status, paid_at) VALUES (421, 522, 19.23, 3.85, 15.38, 'card', 'pending', NULL);
INSERT INTO TRIP (trip_id, rider_id, driver_id, vehicle_id, origin_lat, origin_lng, origin_address, dest_lat, dest_lng, dest_address, status, distance_km, duration_minutes, price_estimated, price_final, requested_at, accepted_at, started_at, finished_at) VALUES (523, 50, 23, 23, 40.40186378, -3.62253399, 'Pasaje de Cándida Pulido 22 Puerta 5 , Madrid', 40.41001568, -3.73655535, 'Ronda de Brunilda Arribas 48, Madrid', 'completed', 12.69, 29, 21.04, 19.62, '2026-04-25 18:50:17', '2026-04-25 18:53:00', '2026-04-25 19:02:56', '2026-04-25 19:31:56');
INSERT INTO OFFER (offer_id, trip_id, driver_id, status, sent_at, responded_at) VALUES (1565, 523, 23, 'accepted', '2026-04-25 18:50:19', '2026-04-25 18:53:00');
INSERT INTO OFFER (offer_id, trip_id, driver_id, status, sent_at, responded_at) VALUES (1566, 523, 30, 'expired', '2026-04-25 18:50:18', NULL);
INSERT INTO OFFER (offer_id, trip_id, driver_id, status, sent_at, responded_at) VALUES (1567, 523, 14, 'rejected', '2026-04-25 18:50:19', '2026-04-25 18:50:55');
INSERT INTO PAYMENT (payment_id, trip_id, amount, platform_fee, driver_earnings, method, status, paid_at) VALUES (422, 523, 19.62, 3.92, 15.7, 'card', 'completed', '2026-04-25 19:34:56');
INSERT INTO TRIP (trip_id, rider_id, driver_id, vehicle_id, origin_lat, origin_lng, origin_address, dest_lat, dest_lng, dest_address, status, distance_km, duration_minutes, price_estimated, price_final, requested_at, accepted_at, started_at, finished_at) VALUES (524, 57, 37, 37, 40.38829615, -3.65823402, 'Camino de Blanca Zamorano 97 Piso 1 , Madrid', 40.41048242, -3.61494573, 'Acceso de Marianela Aguado 8 Puerta 3 , Madrid', 'completed', 5.4, 12, 10.1, 9.35, '2026-04-25 18:52:06', '2026-04-25 18:55:48', '2026-04-25 19:00:51', '2026-04-25 19:12:51');
INSERT INTO OFFER (offer_id, trip_id, driver_id, status, sent_at, responded_at) VALUES (1568, 524, 37, 'accepted', '2026-04-25 18:52:08', '2026-04-25 18:55:48');
INSERT INTO OFFER (offer_id, trip_id, driver_id, status, sent_at, responded_at) VALUES (1569, 524, 19, 'expired', '2026-04-25 18:52:08', NULL);
INSERT INTO OFFER (offer_id, trip_id, driver_id, status, sent_at, responded_at) VALUES (1570, 524, 45, 'expired', '2026-04-25 18:52:11', NULL);
INSERT INTO OFFER (offer_id, trip_id, driver_id, status, sent_at, responded_at) VALUES (1571, 524, 14, 'rejected', '2026-04-25 18:52:08', '2026-04-25 18:52:17');
INSERT INTO OFFER (offer_id, trip_id, driver_id, status, sent_at, responded_at) VALUES (1572, 524, 31, 'expired', '2026-04-25 18:52:08', NULL);
INSERT INTO PAYMENT (payment_id, trip_id, amount, platform_fee, driver_earnings, method, status, paid_at) VALUES (423, 524, 9.35, 1.87, 7.48, 'card', 'pending', NULL);
INSERT INTO TRIP (trip_id, rider_id, driver_id, vehicle_id, origin_lat, origin_lng, origin_address, dest_lat, dest_lng, dest_address, status, distance_km, duration_minutes, price_estimated, price_final, requested_at, accepted_at, started_at, finished_at) VALUES (525, 74, 19, 19, 40.48015804, -3.70500494, 'Pasaje Haroldo Múñiz 85, Madrid', 40.45659174, -3.64268941, 'Urbanización Lino Sarmiento 60 Apt. 78 , Madrid', 'completed', 7.4, 13, 13.1, 14.33, '2026-04-25 18:52:23', '2026-04-25 18:54:40', '2026-04-25 18:58:13', '2026-04-25 19:11:13');
INSERT INTO OFFER (offer_id, trip_id, driver_id, status, sent_at, responded_at) VALUES (1573, 525, 19, 'accepted', '2026-04-25 18:52:27', '2026-04-25 18:54:40');
INSERT INTO OFFER (offer_id, trip_id, driver_id, status, sent_at, responded_at) VALUES (1574, 525, 39, 'rejected', '2026-04-25 18:52:27', '2026-04-25 18:53:01');
INSERT INTO OFFER (offer_id, trip_id, driver_id, status, sent_at, responded_at) VALUES (1575, 525, 6, 'expired', '2026-04-25 18:52:28', NULL);
INSERT INTO PAYMENT (payment_id, trip_id, amount, platform_fee, driver_earnings, method, status, paid_at) VALUES (424, 525, 14.33, 2.87, 11.46, 'cash', 'pending', NULL);
INSERT INTO TRIP (trip_id, rider_id, driver_id, vehicle_id, origin_lat, origin_lng, origin_address, dest_lat, dest_lng, dest_address, status, distance_km, duration_minutes, price_estimated, price_final, requested_at, accepted_at, started_at, finished_at) VALUES (526, 42, 32, 32, 40.47875045, -3.64206986, 'Avenida Marc Dalmau 75, Madrid', 40.47877466, -3.68729168, 'Callejón Silvia Tamarit 58, Madrid', 'completed', 5.02, 12, 9.53, 9.64, '2026-04-25 18:52:42', '2026-04-25 18:55:45', '2026-04-25 18:58:11', '2026-04-25 19:10:11');
INSERT INTO OFFER (offer_id, trip_id, driver_id, status, sent_at, responded_at) VALUES (1576, 526, 32, 'accepted', '2026-04-25 18:52:43', '2026-04-25 18:55:45');
INSERT INTO OFFER (offer_id, trip_id, driver_id, status, sent_at, responded_at) VALUES (1577, 526, 5, 'expired', '2026-04-25 18:52:45', NULL);
INSERT INTO PAYMENT (payment_id, trip_id, amount, platform_fee, driver_earnings, method, status, paid_at) VALUES (425, 526, 9.64, 1.93, 7.71, 'wallet', 'completed', '2026-04-25 19:10:11');
INSERT INTO TRIP (trip_id, rider_id, driver_id, vehicle_id, origin_lat, origin_lng, origin_address, dest_lat, dest_lng, dest_address, status, distance_km, duration_minutes, price_estimated, price_final, requested_at, accepted_at, started_at, finished_at) VALUES (527, 20, 25, 25, 40.46493293, -3.72590836, 'Cañada de Rocío Carrasco 95 Puerta 4 , Madrid', 40.35740259, -3.64749624, 'Vial de Adelina Villalobos 19, Madrid', 'in_progress', 14.77, NULL, 24.16, NULL, '2026-04-25 18:50:18', '2026-04-25 18:51:24', '2026-04-25 19:01:23', NULL);
INSERT INTO OFFER (offer_id, trip_id, driver_id, status, sent_at, responded_at) VALUES (1578, 527, 25, 'accepted', '2026-04-25 18:50:22', '2026-04-25 18:51:24');
INSERT INTO OFFER (offer_id, trip_id, driver_id, status, sent_at, responded_at) VALUES (1579, 527, 43, 'expired', '2026-04-25 18:50:23', NULL);
INSERT INTO OFFER (offer_id, trip_id, driver_id, status, sent_at, responded_at) VALUES (1580, 527, 7, 'rejected', '2026-04-25 18:50:22', '2026-04-25 18:50:35');
INSERT INTO OFFER (offer_id, trip_id, driver_id, status, sent_at, responded_at) VALUES (1581, 527, 46, 'expired', '2026-04-25 18:50:21', NULL);
INSERT INTO OFFER (offer_id, trip_id, driver_id, status, sent_at, responded_at) VALUES (1582, 527, 9, 'rejected', '2026-04-25 18:50:22', '2026-04-25 18:50:28');
INSERT INTO TRIP (trip_id, rider_id, driver_id, vehicle_id, origin_lat, origin_lng, origin_address, dest_lat, dest_lng, dest_address, status, distance_km, duration_minutes, price_estimated, price_final, requested_at, accepted_at, started_at, finished_at) VALUES (528, 62, 47, 47, 40.47237106, -3.73786428, 'Rambla de Jerónimo Rivas 86, Madrid', 40.40320815, -3.73679001, 'Rambla de Ruperto Arco 11, Madrid', 'completed', 7.68, 19, 13.52, 12.56, '2026-04-25 18:52:34', '2026-04-25 18:55:15', '2026-04-25 19:02:00', '2026-04-25 19:21:00');
INSERT INTO OFFER (offer_id, trip_id, driver_id, status, sent_at, responded_at) VALUES (1583, 528, 47, 'accepted', '2026-04-25 18:52:38', '2026-04-25 18:55:15');
INSERT INTO PAYMENT (payment_id, trip_id, amount, platform_fee, driver_earnings, method, status, paid_at) VALUES (426, 528, 12.56, 2.51, 10.05, 'card', 'completed', '2026-04-25 19:24:00');
INSERT INTO TRIP (trip_id, rider_id, driver_id, vehicle_id, origin_lat, origin_lng, origin_address, dest_lat, dest_lng, dest_address, status, distance_km, duration_minutes, price_estimated, price_final, requested_at, accepted_at, started_at, finished_at) VALUES (529, 35, 1, 1, 40.43382885, -3.61465909, 'Plaza Leire Alcolea 69 Piso 3 , Madrid', 40.38396182, -3.68569833, 'Ronda Sergio Madrigal 56 Piso 8 , Madrid', 'completed', 9.63, 18, 16.45, 16.75, '2026-04-25 18:52:07', '2026-04-25 18:56:49', '2026-04-25 19:02:38', '2026-04-25 19:20:38');
INSERT INTO OFFER (offer_id, trip_id, driver_id, status, sent_at, responded_at) VALUES (1584, 529, 1, 'accepted', '2026-04-25 18:52:12', '2026-04-25 18:56:49');
INSERT INTO PAYMENT (payment_id, trip_id, amount, platform_fee, driver_earnings, method, status, paid_at) VALUES (427, 529, 16.75, 3.35, 13.4, 'card', 'completed', '2026-04-25 19:25:38');
INSERT INTO TRIP (trip_id, rider_id, driver_id, vehicle_id, origin_lat, origin_lng, origin_address, dest_lat, dest_lng, dest_address, status, distance_km, duration_minutes, price_estimated, price_final, requested_at, accepted_at, started_at, finished_at) VALUES (530, 98, 44, 44, 40.48574925, -3.66385087, 'Paseo Elías Otero 687, Madrid', 40.46790085, -3.66671511, 'Camino de Esther Sáez 319, Madrid', 'completed', 2.01, 4, 5.01, 4.89, '2026-04-25 18:51:49', '2026-04-25 18:55:50', '2026-04-25 19:02:00', '2026-04-25 19:06:00');
INSERT INTO OFFER (offer_id, trip_id, driver_id, status, sent_at, responded_at) VALUES (1585, 530, 44, 'accepted', '2026-04-25 18:51:52', '2026-04-25 18:55:50');
INSERT INTO OFFER (offer_id, trip_id, driver_id, status, sent_at, responded_at) VALUES (1586, 530, 6, 'rejected', '2026-04-25 18:51:52', '2026-04-25 18:52:00');
INSERT INTO OFFER (offer_id, trip_id, driver_id, status, sent_at, responded_at) VALUES (1587, 530, 18, 'expired', '2026-04-25 18:51:54', NULL);
INSERT INTO OFFER (offer_id, trip_id, driver_id, status, sent_at, responded_at) VALUES (1588, 530, 16, 'rejected', '2026-04-25 18:51:51', '2026-04-25 18:52:30');
INSERT INTO OFFER (offer_id, trip_id, driver_id, status, sent_at, responded_at) VALUES (1589, 530, 42, 'rejected', '2026-04-25 18:51:53', '2026-04-25 18:52:41');
INSERT INTO PAYMENT (payment_id, trip_id, amount, platform_fee, driver_earnings, method, status, paid_at) VALUES (428, 530, 4.89, 0.98, 3.91, 'cash', 'completed', '2026-04-25 19:08:00');

INSERT INTO TRIP (trip_id, rider_id, driver_id, vehicle_id, origin_lat, origin_lng, origin_address, dest_lat, dest_lng, dest_address, status, distance_km, duration_minutes, price_estimated, price_final, requested_at, accepted_at, started_at, finished_at) VALUES (531, 80, 35, 35, 40.49151503, -3.64810709, 'Vial Hernán Baena 374, Madrid', 40.40525448, -3.63857561, 'Glorieta Esperanza Benítez 671, Madrid', 'completed', 9.63, 23, 16.45, 15.24, '2026-04-25 18:51:34', '2026-04-25 18:53:28', '2026-04-25 18:58:46', '2026-04-25 19:21:46');
INSERT INTO OFFER (offer_id, trip_id, driver_id, status, sent_at, responded_at) VALUES (1590, 531, 35, 'accepted', '2026-04-25 18:51:38', '2026-04-25 18:53:28');
INSERT INTO OFFER (offer_id, trip_id, driver_id, status, sent_at, responded_at) VALUES (1591, 531, 28, 'rejected', '2026-04-25 18:51:38', '2026-04-25 18:52:18');
INSERT INTO PAYMENT (payment_id, trip_id, amount, platform_fee, driver_earnings, method, status, paid_at) VALUES (429, 531, 15.24, 3.05, 12.19, 'card', 'completed', '2026-04-25 19:21:46');
INSERT INTO TRIP (trip_id, rider_id, driver_id, vehicle_id, origin_lat, origin_lng, origin_address, dest_lat, dest_lng, dest_address, status, distance_km, duration_minutes, price_estimated, price_final, requested_at, accepted_at, started_at, finished_at) VALUES (532, 15, 11, 11, 40.43578865, -3.74696326, 'Alameda Mar Ponce 9 Puerta 9 , Madrid', 40.40340237, -3.68249882, 'Pasadizo Chema Dávila 7 Piso 9 , Madrid', 'completed', 8.01, 15, 14.02, 13.87, '2026-04-25 18:53:00', '2026-04-25 18:55:26', '2026-04-25 19:00:30', '2026-04-25 19:15:30');
INSERT INTO OFFER (offer_id, trip_id, driver_id, status, sent_at, responded_at) VALUES (1592, 532, 11, 'accepted', '2026-04-25 18:53:01', '2026-04-25 18:55:26');
INSERT INTO OFFER (offer_id, trip_id, driver_id, status, sent_at, responded_at) VALUES (1593, 532, 31, 'rejected', '2026-04-25 18:53:04', '2026-04-25 18:53:48');
INSERT INTO OFFER (offer_id, trip_id, driver_id, status, sent_at, responded_at) VALUES (1594, 532, 21, 'rejected', '2026-04-25 18:53:03', '2026-04-25 18:53:47');
INSERT INTO PAYMENT (payment_id, trip_id, amount, platform_fee, driver_earnings, method, status, paid_at) VALUES (430, 532, 13.87, 2.77, 11.1, 'card', 'completed', '2026-04-25 19:18:30');
INSERT INTO TRIP (trip_id, rider_id, driver_id, vehicle_id, origin_lat, origin_lng, origin_address, dest_lat, dest_lng, dest_address, status, distance_km, duration_minutes, price_estimated, price_final, requested_at, accepted_at, started_at, finished_at) VALUES (533, 8, 31, 31, 40.47371288, -3.71549342, 'Callejón de Adora Caballero 7, Madrid', 40.43191739, -3.68561183, 'Plaza Chucho Cervera 29 Puerta 0 , Madrid', 'completed', 5.7, 12, 10.55, 10.0, '2026-04-25 18:51:52', '2026-04-25 18:53:06', '2026-04-25 18:57:15', '2026-04-25 19:09:15');
INSERT INTO OFFER (offer_id, trip_id, driver_id, status, sent_at, responded_at) VALUES (1595, 533, 31, 'accepted', '2026-04-25 18:51:54', '2026-04-25 18:53:06');
INSERT INTO PAYMENT (payment_id, trip_id, amount, platform_fee, driver_earnings, method, status, paid_at) VALUES (431, 533, 10.0, 2.0, 8.0, 'card', 'pending', NULL);
INSERT INTO TRIP (trip_id, rider_id, driver_id, vehicle_id, origin_lat, origin_lng, origin_address, dest_lat, dest_lng, dest_address, status, distance_km, duration_minutes, price_estimated, price_final, requested_at, accepted_at, started_at, finished_at) VALUES (534, 29, 14, 14, 40.49189363, -3.68437265, 'Plaza Jenaro Fabra 3 Piso 1 , Madrid', 40.35913407, -3.61401633, 'Calle Gerónimo Cobo 214, Madrid', 'completed', 16.68, 31, 27.02, 27.84, '2026-04-25 18:51:57', '2026-04-25 18:54:12', '2026-04-25 18:58:41', '2026-04-25 19:29:41');
INSERT INTO OFFER (offer_id, trip_id, driver_id, status, sent_at, responded_at) VALUES (1596, 534, 14, 'accepted', '2026-04-25 18:51:59', '2026-04-25 18:54:12');
INSERT INTO OFFER (offer_id, trip_id, driver_id, status, sent_at, responded_at) VALUES (1597, 534, 5, 'rejected', '2026-04-25 18:52:02', '2026-04-25 18:52:07');
INSERT INTO PAYMENT (payment_id, trip_id, amount, platform_fee, driver_earnings, method, status, paid_at) VALUES (432, 534, 27.84, 5.57, 22.27, 'cash', 'completed', '2026-04-25 19:31:41');
INSERT INTO TRIP (trip_id, rider_id, driver_id, vehicle_id, origin_lat, origin_lng, origin_address, dest_lat, dest_lng, dest_address, status, distance_km, duration_minutes, price_estimated, price_final, requested_at, accepted_at, started_at, finished_at) VALUES (535, 8, 13, 13, 40.4184303, -3.69648014, 'C. de Eliseo Tenorio 9, Madrid', 40.4208697, -3.63927171, 'Pasadizo de Ana Belén Cal 33, Madrid', 'completed', 6.36, 11, 11.54, 10.43, '2026-04-25 18:51:15', '2026-04-25 18:55:55', '2026-04-25 19:03:39', '2026-04-25 19:14:39');
INSERT INTO OFFER (offer_id, trip_id, driver_id, status, sent_at, responded_at) VALUES (1598, 535, 13, 'accepted', '2026-04-25 18:51:16', '2026-04-25 18:55:55');
INSERT INTO PAYMENT (payment_id, trip_id, amount, platform_fee, driver_earnings, method, status, paid_at) VALUES (433, 535, 10.43, 2.09, 8.34, 'card', 'completed', '2026-04-25 19:17:39');
INSERT INTO TRIP (trip_id, rider_id, driver_id, vehicle_id, origin_lat, origin_lng, origin_address, dest_lat, dest_lng, dest_address, status, distance_km, duration_minutes, price_estimated, price_final, requested_at, accepted_at, started_at, finished_at) VALUES (536, 32, 29, 29, 40.41768758, -3.73224966, 'Pasadizo Rico Cabrero 1, Madrid', 40.44981548, -3.70615567, 'Calle Andrés Azorin 471 Apt. 22 , Madrid', 'completed', 4.59, 10, 8.88, 8.97, '2026-04-25 18:50:59', '2026-04-25 18:55:13', '2026-04-25 18:58:26', '2026-04-25 19:08:26');
INSERT INTO OFFER (offer_id, trip_id, driver_id, status, sent_at, responded_at) VALUES (1599, 536, 29, 'accepted', '2026-04-25 18:51:03', '2026-04-25 18:55:13');
INSERT INTO OFFER (offer_id, trip_id, driver_id, status, sent_at, responded_at) VALUES (1600, 536, 48, 'expired', '2026-04-25 18:51:04', NULL);
INSERT INTO OFFER (offer_id, trip_id, driver_id, status, sent_at, responded_at) VALUES (1601, 536, 36, 'rejected', '2026-04-25 18:51:02', '2026-04-25 18:51:28');
INSERT INTO OFFER (offer_id, trip_id, driver_id, status, sent_at, responded_at) VALUES (1602, 536, 47, 'expired', '2026-04-25 18:51:02', NULL);
INSERT INTO PAYMENT (payment_id, trip_id, amount, platform_fee, driver_earnings, method, status, paid_at) VALUES (434, 536, 8.97, 1.79, 7.18, 'card', 'pending', NULL);
INSERT INTO TRIP (trip_id, rider_id, driver_id, vehicle_id, origin_lat, origin_lng, origin_address, dest_lat, dest_lng, dest_address, status, distance_km, duration_minutes, price_estimated, price_final, requested_at, accepted_at, started_at, finished_at) VALUES (537, 66, 25, 25, 40.46387939, -3.73138195, 'Alameda de Poncio Chamorro 96, Madrid', 40.36986187, -3.64137235, 'Paseo Milagros Saavedra 73 Puerta 2 , Madrid', 'completed', 14.45, 31, 23.67, 25.05, '2026-04-25 18:51:20', '2026-04-25 18:56:05', '2026-04-25 19:02:51', '2026-04-25 19:33:51');
INSERT INTO OFFER (offer_id, trip_id, driver_id, status, sent_at, responded_at) VALUES (1603, 537, 25, 'accepted', '2026-04-25 18:51:21', '2026-04-25 18:56:05');
INSERT INTO PAYMENT (payment_id, trip_id, amount, platform_fee, driver_earnings, method, status, paid_at) VALUES (435, 537, 25.05, 5.01, 20.04, 'wallet', 'completed', '2026-04-25 19:36:51');
INSERT INTO TRIP (trip_id, rider_id, driver_id, vehicle_id, origin_lat, origin_lng, origin_address, dest_lat, dest_lng, dest_address, status, distance_km, duration_minutes, price_estimated, price_final, requested_at, accepted_at, started_at, finished_at) VALUES (538, 87, 11, 11, 40.38590295, -3.64227589, 'Urbanización de Vilma Delgado 4 Piso 6 , Madrid', 40.4111485, -3.61485784, 'Calle Juan Francisco Uría 65, Madrid', 'completed', 4.14, 11, 8.21, 7.72, '2026-04-25 18:52:58', '2026-04-25 18:54:36', '2026-04-25 19:03:22', '2026-04-25 19:14:22');
INSERT INTO OFFER (offer_id, trip_id, driver_id, status, sent_at, responded_at) VALUES (1604, 538, 11, 'accepted', '2026-04-25 18:53:02', '2026-04-25 18:54:36');
INSERT INTO OFFER (offer_id, trip_id, driver_id, status, sent_at, responded_at) VALUES (1605, 538, 24, 'rejected', '2026-04-25 18:53:03', '2026-04-25 18:53:27');
INSERT INTO OFFER (offer_id, trip_id, driver_id, status, sent_at, responded_at) VALUES (1606, 538, 49, 'rejected', '2026-04-25 18:53:01', '2026-04-25 18:53:28');
INSERT INTO OFFER (offer_id, trip_id, driver_id, status, sent_at, responded_at) VALUES (1607, 538, 8, 'expired', '2026-04-25 18:53:02', NULL);
INSERT INTO OFFER (offer_id, trip_id, driver_id, status, sent_at, responded_at) VALUES (1608, 538, 17, 'rejected', '2026-04-25 18:52:59', '2026-04-25 18:53:27');
INSERT INTO PAYMENT (payment_id, trip_id, amount, platform_fee, driver_earnings, method, status, paid_at) VALUES (436, 538, 7.72, 1.54, 6.18, 'cash', 'completed', '2026-04-25 19:18:22');
INSERT INTO TRIP (trip_id, rider_id, driver_id, vehicle_id, origin_lat, origin_lng, origin_address, dest_lat, dest_lng, dest_address, status, distance_km, duration_minutes, price_estimated, price_final, requested_at, accepted_at, started_at, finished_at) VALUES (539, 80, 26, 26, 40.41920765, -3.73339459, 'Paseo de Ibán Páez 81, Madrid', 40.3555945, -3.68447019, 'Via Candelas Fuente 21, Madrid', 'completed', 8.91, 21, 15.37, 15.94, '2026-04-25 18:50:35', '2026-04-25 18:55:15', '2026-04-25 19:03:09', '2026-04-25 19:24:09');
INSERT INTO OFFER (offer_id, trip_id, driver_id, status, sent_at, responded_at) VALUES (1609, 539, 26, 'accepted', '2026-04-25 18:50:38', '2026-04-25 18:55:15');
INSERT INTO OFFER (offer_id, trip_id, driver_id, status, sent_at, responded_at) VALUES (1610, 539, 30, 'expired', '2026-04-25 18:50:39', NULL);
INSERT INTO OFFER (offer_id, trip_id, driver_id, status, sent_at, responded_at) VALUES (1611, 539, 29, 'rejected', '2026-04-25 18:50:36', '2026-04-25 18:51:12');
INSERT INTO PAYMENT (payment_id, trip_id, amount, platform_fee, driver_earnings, method, status, paid_at) VALUES (437, 539, 15.94, 3.19, 12.75, 'wallet', 'completed', '2026-04-25 19:29:09');
INSERT INTO TRIP (trip_id, rider_id, driver_id, vehicle_id, origin_lat, origin_lng, origin_address, dest_lat, dest_lng, dest_address, status, distance_km, duration_minutes, price_estimated, price_final, requested_at, accepted_at, started_at, finished_at) VALUES (540, 52, 36, 36, 40.36471569, -3.73942542, 'Pasadizo de Rafael Planas 97 Piso 0 , Madrid', 40.38268338, -3.62609727, 'Glorieta de Ambrosio Torrijos 17 Puerta 5 , Madrid', 'completed', 12.74, 30, 21.11, 21.61, '2026-04-25 18:50:18', '2026-04-25 18:51:28', '2026-04-25 18:55:40', '2026-04-25 19:25:40');
INSERT INTO OFFER (offer_id, trip_id, driver_id, status, sent_at, responded_at) VALUES (1612, 540, 36, 'accepted', '2026-04-25 18:50:23', '2026-04-25 18:51:28');
INSERT INTO OFFER (offer_id, trip_id, driver_id, status, sent_at, responded_at) VALUES (1613, 540, 27, 'rejected', '2026-04-25 18:50:21', '2026-04-25 18:50:46');
INSERT INTO OFFER (offer_id, trip_id, driver_id, status, sent_at, responded_at) VALUES (1614, 540, 50, 'expired', '2026-04-25 18:50:19', NULL);
INSERT INTO PAYMENT (payment_id, trip_id, amount, platform_fee, driver_earnings, method, status, paid_at) VALUES (438, 540, 21.61, 4.32, 17.29, 'card', 'completed', '2026-04-25 19:28:40');

INSERT INTO TRIP (trip_id, rider_id, driver_id, vehicle_id, origin_lat, origin_lng, origin_address, dest_lat, dest_lng, dest_address, status, distance_km, duration_minutes, price_estimated, price_final, requested_at, accepted_at, started_at, finished_at) VALUES (541, 4, 26, 26, 40.49965835, -3.7009721, 'Via Feliciana Palmer 3, Madrid', 40.37544834, -3.70510779, 'Acceso Ibán Pulido 3, Madrid', 'completed', 13.79, 30, 22.68, 20.64, '2026-04-25 18:51:51', '2026-04-25 18:54:22', '2026-04-25 19:02:27', '2026-04-25 19:32:27');
INSERT INTO OFFER (offer_id, trip_id, driver_id, status, sent_at, responded_at) VALUES (1615, 541, 26, 'accepted', '2026-04-25 18:51:54', '2026-04-25 18:54:22');
INSERT INTO OFFER (offer_id, trip_id, driver_id, status, sent_at, responded_at) VALUES (1616, 541, 24, 'expired', '2026-04-25 18:51:55', NULL);
INSERT INTO OFFER (offer_id, trip_id, driver_id, status, sent_at, responded_at) VALUES (1617, 541, 37, 'rejected', '2026-04-25 18:51:54', '2026-04-25 18:52:41');
INSERT INTO OFFER (offer_id, trip_id, driver_id, status, sent_at, responded_at) VALUES (1618, 541, 3, 'rejected', '2026-04-25 18:51:55', '2026-04-25 18:52:23');
INSERT INTO PAYMENT (payment_id, trip_id, amount, platform_fee, driver_earnings, method, status, paid_at) VALUES (439, 541, 20.64, 4.13, 16.51, 'card', 'completed', '2026-04-25 19:34:27');
INSERT INTO TRIP (trip_id, rider_id, driver_id, vehicle_id, origin_lat, origin_lng, origin_address, dest_lat, dest_lng, dest_address, status, distance_km, duration_minutes, price_estimated, price_final, requested_at, accepted_at, started_at, finished_at) VALUES (542, 66, 4, 4, 40.46979772, -3.68395103, 'Avenida de Octavia Grande 77 Apt. 04 , Madrid', 40.44712848, -3.66561155, 'Paseo Manuela Águila 60 Puerta 7 , Madrid', 'completed', 3.24, 6, 6.86, 7.37, '2026-04-25 18:52:39', '2026-04-25 18:56:35', '2026-04-25 19:04:37', '2026-04-25 19:10:37');
INSERT INTO OFFER (offer_id, trip_id, driver_id, status, sent_at, responded_at) VALUES (1619, 542, 4, 'accepted', '2026-04-25 18:52:41', '2026-04-25 18:56:35');
INSERT INTO OFFER (offer_id, trip_id, driver_id, status, sent_at, responded_at) VALUES (1620, 542, 44, 'expired', '2026-04-25 18:52:43', NULL);
INSERT INTO OFFER (offer_id, trip_id, driver_id, status, sent_at, responded_at) VALUES (1621, 542, 22, 'rejected', '2026-04-25 18:52:41', '2026-04-25 18:53:14');
INSERT INTO PAYMENT (payment_id, trip_id, amount, platform_fee, driver_earnings, method, status, paid_at) VALUES (440, 542, 7.37, 1.47, 5.9, 'wallet', 'pending', NULL);
INSERT INTO TRIP (trip_id, rider_id, driver_id, vehicle_id, origin_lat, origin_lng, origin_address, dest_lat, dest_lng, dest_address, status, distance_km, duration_minutes, price_estimated, price_final, requested_at, accepted_at, started_at, finished_at) VALUES (543, 83, 19, 19, 40.38676197, -3.68228312, 'Avenida Dominga Palacios 54, Madrid', 40.39085316, -3.64504761, 'Callejón de Juliana Iborra 89, Madrid', 'completed', 4.16, 12, 8.24, 8.62, '2026-04-25 18:53:00', '2026-04-25 18:55:34', '2026-04-25 19:05:22', '2026-04-25 19:17:22');
INSERT INTO OFFER (offer_id, trip_id, driver_id, status, sent_at, responded_at) VALUES (1622, 543, 19, 'accepted', '2026-04-25 18:53:04', '2026-04-25 18:55:34');
INSERT INTO PAYMENT (payment_id, trip_id, amount, platform_fee, driver_earnings, method, status, paid_at) VALUES (441, 543, 8.62, 1.72, 6.9, 'wallet', 'completed', '2026-04-25 19:17:22');
INSERT INTO TRIP (trip_id, rider_id, driver_id, vehicle_id, origin_lat, origin_lng, origin_address, dest_lat, dest_lng, dest_address, status, distance_km, duration_minutes, price_estimated, price_final, requested_at, accepted_at, started_at, finished_at) VALUES (544, 14, 39, 39, 40.37158673, -3.64338511, 'Calle de Adoración Duarte 200, Madrid', 40.49688399, -3.70095936, 'Glorieta de Toribio Luque 30 Apt. 08 , Madrid', 'completed', 15.31, 31, 24.96, 24.91, '2026-04-25 18:52:25', '2026-04-25 18:54:56', '2026-04-25 19:03:57', '2026-04-25 19:34:57');
INSERT INTO OFFER (offer_id, trip_id, driver_id, status, sent_at, responded_at) VALUES (1623, 544, 39, 'accepted', '2026-04-25 18:52:29', '2026-04-25 18:54:56');
INSERT INTO PAYMENT (payment_id, trip_id, amount, platform_fee, driver_earnings, method, status, paid_at) VALUES (442, 544, 24.91, 4.98, 19.93, 'card', 'pending', NULL);
INSERT INTO TRIP (trip_id, rider_id, driver_id, vehicle_id, origin_lat, origin_lng, origin_address, dest_lat, dest_lng, dest_address, status, distance_km, duration_minutes, price_estimated, price_final, requested_at, accepted_at, started_at, finished_at) VALUES (545, 37, 36, 36, 40.49278547, -3.66559061, 'Camino de Anacleto Carrión 8 Apt. 59 , Madrid', 40.4001487, -3.63666633, 'Ronda Jonatan Criado 4 Piso 0 , Madrid', 'completed', 10.77, 21, 18.16, 16.66, '2026-04-25 18:52:11', '2026-04-25 18:53:31', '2026-04-25 19:02:58', '2026-04-25 19:23:58');
INSERT INTO OFFER (offer_id, trip_id, driver_id, status, sent_at, responded_at) VALUES (1624, 545, 36, 'accepted', '2026-04-25 18:52:15', '2026-04-25 18:53:31');
INSERT INTO OFFER (offer_id, trip_id, driver_id, status, sent_at, responded_at) VALUES (1625, 545, 25, 'expired', '2026-04-25 18:52:16', NULL);
INSERT INTO OFFER (offer_id, trip_id, driver_id, status, sent_at, responded_at) VALUES (1626, 545, 49, 'rejected', '2026-04-25 18:52:15', '2026-04-25 18:53:08');
INSERT INTO OFFER (offer_id, trip_id, driver_id, status, sent_at, responded_at) VALUES (1627, 545, 10, 'expired', '2026-04-25 18:52:15', NULL);
INSERT INTO OFFER (offer_id, trip_id, driver_id, status, sent_at, responded_at) VALUES (1628, 545, 7, 'expired', '2026-04-25 18:52:14', NULL);
INSERT INTO PAYMENT (payment_id, trip_id, amount, platform_fee, driver_earnings, method, status, paid_at) VALUES (443, 545, 16.66, 3.33, 13.33, 'card', 'pending', NULL);
INSERT INTO TRIP (trip_id, rider_id, driver_id, vehicle_id, origin_lat, origin_lng, origin_address, dest_lat, dest_lng, dest_address, status, distance_km, duration_minutes, price_estimated, price_final, requested_at, accepted_at, started_at, finished_at) VALUES (546, 23, 39, 39, 40.41360335, -3.72549589, 'C. de Gisela Benavente 53 Apt. 60 , Madrid', 40.48778075, -3.70438781, 'Pasadizo Alex Pi 90, Madrid', 'completed', 8.56, 18, 14.84, 14.88, '2026-04-25 18:51:40', '2026-04-25 18:52:44', '2026-04-25 18:57:31', '2026-04-25 19:15:31');
INSERT INTO OFFER (offer_id, trip_id, driver_id, status, sent_at, responded_at) VALUES (1629, 546, 39, 'accepted', '2026-04-25 18:51:44', '2026-04-25 18:52:44');
INSERT INTO PAYMENT (payment_id, trip_id, amount, platform_fee, driver_earnings, method, status, paid_at) VALUES (444, 546, 14.88, 2.98, 11.9, 'card', 'completed', '2026-04-25 19:19:31');
INSERT INTO TRIP (trip_id, rider_id, driver_id, vehicle_id, origin_lat, origin_lng, origin_address, dest_lat, dest_lng, dest_address, status, distance_km, duration_minutes, price_estimated, price_final, requested_at, accepted_at, started_at, finished_at) VALUES (547, 87, 44, 44, 40.46347543, -3.71028578, 'Camino Flavia Avilés 75 Apt. 35 , Madrid', 40.37581498, -3.71024002, 'Alameda de Yéssica Moles 92 Apt. 76 , Madrid', 'completed', 9.73, 20, 16.59, 15.67, '2026-04-25 18:51:30', '2026-04-25 18:55:28', '2026-04-25 19:00:54', '2026-04-25 19:20:54');
INSERT INTO OFFER (offer_id, trip_id, driver_id, status, sent_at, responded_at) VALUES (1630, 547, 44, 'accepted', '2026-04-25 18:51:31', '2026-04-25 18:55:28');
INSERT INTO OFFER (offer_id, trip_id, driver_id, status, sent_at, responded_at) VALUES (1631, 547, 4, 'rejected', '2026-04-25 18:51:31', '2026-04-25 18:52:13');
INSERT INTO OFFER (offer_id, trip_id, driver_id, status, sent_at, responded_at) VALUES (1632, 547, 46, 'expired', '2026-04-25 18:51:33', NULL);
INSERT INTO OFFER (offer_id, trip_id, driver_id, status, sent_at, responded_at) VALUES (1633, 547, 26, 'rejected', '2026-04-25 18:51:31', '2026-04-25 18:51:55');
INSERT INTO PAYMENT (payment_id, trip_id, amount, platform_fee, driver_earnings, method, status, paid_at) VALUES (445, 547, 15.67, 3.13, 12.54, 'card', 'pending', NULL);
INSERT INTO TRIP (trip_id, rider_id, driver_id, vehicle_id, origin_lat, origin_lng, origin_address, dest_lat, dest_lng, dest_address, status, distance_km, duration_minutes, price_estimated, price_final, requested_at, accepted_at, started_at, finished_at) VALUES (548, 55, 42, 42, 40.47529519, -3.74299418, 'Pasadizo Andrés Acuña 39 Piso 0 , Madrid', 40.45119566, -3.73737854, 'Rambla Álvaro Gisbert 52, Madrid', 'completed', 2.75, 9, 6.12, 6.49, '2026-04-25 18:50:26', '2026-04-25 18:52:33', '2026-04-25 18:59:42', '2026-04-25 19:08:42');
INSERT INTO OFFER (offer_id, trip_id, driver_id, status, sent_at, responded_at) VALUES (1634, 548, 42, 'accepted', '2026-04-25 18:50:30', '2026-04-25 18:52:33');
INSERT INTO OFFER (offer_id, trip_id, driver_id, status, sent_at, responded_at) VALUES (1635, 548, 5, 'rejected', '2026-04-25 18:50:29', '2026-04-25 18:50:39');
INSERT INTO OFFER (offer_id, trip_id, driver_id, status, sent_at, responded_at) VALUES (1636, 548, 14, 'expired', '2026-04-25 18:50:29', NULL);
INSERT INTO OFFER (offer_id, trip_id, driver_id, status, sent_at, responded_at) VALUES (1637, 548, 8, 'expired', '2026-04-25 18:50:31', NULL);
INSERT INTO PAYMENT (payment_id, trip_id, amount, platform_fee, driver_earnings, method, status, paid_at) VALUES (446, 548, 6.49, 1.3, 5.19, 'card', 'completed', '2026-04-25 19:09:42');
INSERT INTO TRIP (trip_id, rider_id, driver_id, vehicle_id, origin_lat, origin_lng, origin_address, dest_lat, dest_lng, dest_address, status, distance_km, duration_minutes, price_estimated, price_final, requested_at, accepted_at, started_at, finished_at) VALUES (549, 93, 3, 3, 40.3933111, -3.63203727, 'Alameda de Diego Córdoba 16, Madrid', 40.4980061, -3.73483718, 'Pasadizo de Tito Roldán 25, Madrid', 'completed', 16.29, 37, 26.43, 24.29, '2026-04-25 18:53:12', '2026-04-25 18:56:50', '2026-04-25 18:59:39', '2026-04-25 19:36:39');
INSERT INTO OFFER (offer_id, trip_id, driver_id, status, sent_at, responded_at) VALUES (1638, 549, 3, 'accepted', '2026-04-25 18:53:17', '2026-04-25 18:56:50');
INSERT INTO OFFER (offer_id, trip_id, driver_id, status, sent_at, responded_at) VALUES (1639, 549, 49, 'rejected', '2026-04-25 18:53:17', '2026-04-25 18:53:59');
INSERT INTO OFFER (offer_id, trip_id, driver_id, status, sent_at, responded_at) VALUES (1640, 549, 29, 'expired', '2026-04-25 18:53:13', NULL);
INSERT INTO OFFER (offer_id, trip_id, driver_id, status, sent_at, responded_at) VALUES (1641, 549, 21, 'rejected', '2026-04-25 18:53:13', '2026-04-25 18:53:26');
INSERT INTO PAYMENT (payment_id, trip_id, amount, platform_fee, driver_earnings, method, status, paid_at) VALUES (447, 549, 24.29, 4.86, 19.43, 'card', 'pending', NULL);
INSERT INTO TRIP (trip_id, rider_id, driver_id, vehicle_id, origin_lat, origin_lng, origin_address, dest_lat, dest_lng, dest_address, status, distance_km, duration_minutes, price_estimated, price_final, requested_at, accepted_at, started_at, finished_at) VALUES (550, 80, 13, 13, 40.36291829, -3.65280536, 'Alameda Carmina Cruz 95, Madrid', 40.40241687, -3.73098916, 'Vial de Anastasio Ortuño 341 Piso 9 , Madrid', 'completed', 9.72, 23, 16.58, 18.09, '2026-04-25 18:50:23', '2026-04-25 18:55:16', '2026-04-25 18:58:28', '2026-04-25 19:21:28');
INSERT INTO OFFER (offer_id, trip_id, driver_id, status, sent_at, responded_at) VALUES (1642, 550, 13, 'accepted', '2026-04-25 18:50:26', '2026-04-25 18:55:16');
INSERT INTO OFFER (offer_id, trip_id, driver_id, status, sent_at, responded_at) VALUES (1643, 550, 15, 'expired', '2026-04-25 18:50:24', NULL);
INSERT INTO OFFER (offer_id, trip_id, driver_id, status, sent_at, responded_at) VALUES (1644, 550, 37, 'rejected', '2026-04-25 18:50:25', '2026-04-25 18:50:53');
INSERT INTO PAYMENT (payment_id, trip_id, amount, platform_fee, driver_earnings, method, status, paid_at) VALUES (448, 550, 18.09, 3.62, 14.47, 'cash', 'completed', '2026-04-25 19:25:28');

INSERT INTO TRIP (trip_id, rider_id, driver_id, vehicle_id, origin_lat, origin_lng, origin_address, dest_lat, dest_lng, dest_address, status, distance_km, duration_minutes, price_estimated, price_final, requested_at, accepted_at, started_at, finished_at) VALUES (551, 93, 27, 27, 40.37454568, -3.67443375, 'Camino Lina Calzada 11 Puerta 4 , Madrid', 40.47354146, -3.65540491, 'Pasaje Emilio Millán 27 Apt. 91 , Madrid', 'completed', 11.19, 25, 18.79, 20.62, '2026-04-25 18:51:10', '2026-04-25 18:55:43', '2026-04-25 18:59:06', '2026-04-25 19:24:06');
INSERT INTO OFFER (offer_id, trip_id, driver_id, status, sent_at, responded_at) VALUES (1645, 551, 27, 'accepted', '2026-04-25 18:51:15', '2026-04-25 18:55:43');
INSERT INTO OFFER (offer_id, trip_id, driver_id, status, sent_at, responded_at) VALUES (1646, 551, 47, 'rejected', '2026-04-25 18:51:15', '2026-04-25 18:52:04');
INSERT INTO OFFER (offer_id, trip_id, driver_id, status, sent_at, responded_at) VALUES (1647, 551, 1, 'rejected', '2026-04-25 18:51:11', '2026-04-25 18:51:29');
INSERT INTO OFFER (offer_id, trip_id, driver_id, status, sent_at, responded_at) VALUES (1648, 551, 21, 'rejected', '2026-04-25 18:51:13', '2026-04-25 18:51:38');
INSERT INTO PAYMENT (payment_id, trip_id, amount, platform_fee, driver_earnings, method, status, paid_at) VALUES (449, 551, 20.62, 4.12, 16.5, 'wallet', 'completed', '2026-04-25 19:26:06');
INSERT INTO TRIP (trip_id, rider_id, driver_id, vehicle_id, origin_lat, origin_lng, origin_address, dest_lat, dest_lng, dest_address, status, distance_km, duration_minutes, price_estimated, price_final, requested_at, accepted_at, started_at, finished_at) VALUES (552, 36, NULL, NULL, 40.3909456, -3.63963372, 'Urbanización Nicanor Prada 556, Madrid', 40.48406757, -3.6544851, 'C. Adalberto Fajardo 30, Madrid', 'requested', 10.47, NULL, 17.71, NULL, '2026-04-25 18:51:52', NULL, NULL, NULL);
INSERT INTO OFFER (offer_id, trip_id, driver_id, status, sent_at, responded_at) VALUES (1649, 552, 43, 'expired', '2026-04-25 18:51:55', NULL);
INSERT INTO OFFER (offer_id, trip_id, driver_id, status, sent_at, responded_at) VALUES (1650, 552, 1, 'rejected', '2026-04-25 18:51:54', '2026-04-25 18:52:05');
INSERT INTO OFFER (offer_id, trip_id, driver_id, status, sent_at, responded_at) VALUES (1651, 552, 9, 'rejected', '2026-04-25 18:51:54', '2026-04-25 18:52:25');
INSERT INTO TRIP (trip_id, rider_id, driver_id, vehicle_id, origin_lat, origin_lng, origin_address, dest_lat, dest_lng, dest_address, status, distance_km, duration_minutes, price_estimated, price_final, requested_at, accepted_at, started_at, finished_at) VALUES (553, 65, NULL, NULL, 40.35834623, -3.66045664, 'Vial Carlito Casado 259, Madrid', 40.45474691, -3.73923441, 'Via de Fabiola Valbuena 96 Piso 7 , Madrid', 'requested', 13.82, NULL, 22.73, NULL, '2026-04-25 18:50:38', NULL, NULL, NULL);
INSERT INTO OFFER (offer_id, trip_id, driver_id, status, sent_at, responded_at) VALUES (1652, 553, 3, 'expired', '2026-04-25 18:50:43', NULL);
INSERT INTO OFFER (offer_id, trip_id, driver_id, status, sent_at, responded_at) VALUES (1653, 553, 8, 'expired', '2026-04-25 18:50:39', NULL);
INSERT INTO OFFER (offer_id, trip_id, driver_id, status, sent_at, responded_at) VALUES (1654, 553, 17, 'expired', '2026-04-25 18:50:41', NULL);
INSERT INTO OFFER (offer_id, trip_id, driver_id, status, sent_at, responded_at) VALUES (1655, 553, 43, 'rejected', '2026-04-25 18:50:40', '2026-04-25 18:51:21');
INSERT INTO OFFER (offer_id, trip_id, driver_id, status, sent_at, responded_at) VALUES (1656, 553, 39, 'rejected', '2026-04-25 18:50:39', '2026-04-25 18:50:57');
INSERT INTO TRIP (trip_id, rider_id, driver_id, vehicle_id, origin_lat, origin_lng, origin_address, dest_lat, dest_lng, dest_address, status, distance_km, duration_minutes, price_estimated, price_final, requested_at, accepted_at, started_at, finished_at) VALUES (554, 16, 37, 37, 40.48892547, -3.66869142, 'Via de Eloy Mulet 3 Puerta 2 , Madrid', 40.49487706, -3.70233285, 'Ronda de Vanesa Bautista 35 Puerta 1 , Madrid', 'completed', 3.79, 12, 7.69, 8.12, '2026-04-25 18:51:09', '2026-04-25 18:55:15', '2026-04-25 19:03:55', '2026-04-25 19:15:55');
INSERT INTO OFFER (offer_id, trip_id, driver_id, status, sent_at, responded_at) VALUES (1657, 554, 46, 'expired', '2026-04-25 18:51:11', NULL);
INSERT INTO OFFER (offer_id, trip_id, driver_id, status, sent_at, responded_at) VALUES (1658, 554, 13, 'rejected', '2026-04-25 18:51:12', '2026-04-25 18:51:28');
INSERT INTO OFFER (offer_id, trip_id, driver_id, status, sent_at, responded_at) VALUES (1659, 554, 37, 'accepted', '2026-04-25 18:51:13', '2026-04-25 18:55:15');
INSERT INTO OFFER (offer_id, trip_id, driver_id, status, sent_at, responded_at) VALUES (1660, 554, 47, 'rejected', '2026-04-25 18:51:10', '2026-04-25 18:51:53');
INSERT INTO PAYMENT (payment_id, trip_id, amount, platform_fee, driver_earnings, method, status, paid_at) VALUES (450, 554, 8.12, 1.62, 6.5, 'wallet', 'pending', NULL);
INSERT INTO TRIP (trip_id, rider_id, driver_id, vehicle_id, origin_lat, origin_lng, origin_address, dest_lat, dest_lng, dest_address, status, distance_km, duration_minutes, price_estimated, price_final, requested_at, accepted_at, started_at, finished_at) VALUES (555, 86, 27, 27, 40.35926735, -3.65316541, 'Pasaje de Jerónimo Palacios 5, Madrid', 40.38845381, -3.61830265, 'C. Dora Neira 20, Madrid', 'completed', 5.05, 11, 9.57, 9.57, '2026-04-25 18:50:33', '2026-04-25 18:52:58', '2026-04-25 19:00:58', '2026-04-25 19:11:58');
INSERT INTO OFFER (offer_id, trip_id, driver_id, status, sent_at, responded_at) VALUES (1661, 555, 27, 'accepted', '2026-04-25 18:50:34', '2026-04-25 18:52:58');
INSERT INTO PAYMENT (payment_id, trip_id, amount, platform_fee, driver_earnings, method, status, paid_at) VALUES (451, 555, 9.57, 1.91, 7.66, 'cash', 'pending', NULL);
INSERT INTO TRIP (trip_id, rider_id, driver_id, vehicle_id, origin_lat, origin_lng, origin_address, dest_lat, dest_lng, dest_address, status, distance_km, duration_minutes, price_estimated, price_final, requested_at, accepted_at, started_at, finished_at) VALUES (556, 96, NULL, NULL, 40.41343027, -3.63344575, 'Cuesta de Candelario Bueno 347, Madrid', 40.44754316, -3.61245419, 'Rambla Fito Acero 909, Madrid', 'requested', 4.45, NULL, 8.68, NULL, '2026-04-25 18:51:06', NULL, NULL, NULL);
INSERT INTO OFFER (offer_id, trip_id, driver_id, status, sent_at, responded_at) VALUES (1662, 556, 14, 'expired', '2026-04-25 18:51:11', NULL);
INSERT INTO OFFER (offer_id, trip_id, driver_id, status, sent_at, responded_at) VALUES (1663, 556, 43, 'expired', '2026-04-25 18:51:10', NULL);
INSERT INTO TRIP (trip_id, rider_id, driver_id, vehicle_id, origin_lat, origin_lng, origin_address, dest_lat, dest_lng, dest_address, status, distance_km, duration_minutes, price_estimated, price_final, requested_at, accepted_at, started_at, finished_at) VALUES (557, 37, 1, 1, 40.4131581, -3.63308072, 'Alameda Vasco Segarra 19 Puerta 8 , Madrid', 40.38106747, -3.74459471, 'Camino Gabriela Villalba 58 Puerta 2 , Madrid', 'completed', 12.88, 30, 21.32, 22.18, '2026-04-25 18:51:22', '2026-04-25 18:56:01', '2026-04-25 18:59:52', '2026-04-25 19:29:52');
INSERT INTO OFFER (offer_id, trip_id, driver_id, status, sent_at, responded_at) VALUES (1664, 557, 1, 'accepted', '2026-04-25 18:51:25', '2026-04-25 18:56:01');
INSERT INTO PAYMENT (payment_id, trip_id, amount, platform_fee, driver_earnings, method, status, paid_at) VALUES (452, 557, 22.18, 4.44, 17.74, 'card', 'completed', '2026-04-25 19:29:52');
INSERT INTO TRIP (trip_id, rider_id, driver_id, vehicle_id, origin_lat, origin_lng, origin_address, dest_lat, dest_lng, dest_address, status, distance_km, duration_minutes, price_estimated, price_final, requested_at, accepted_at, started_at, finished_at) VALUES (558, 47, 1, 1, 40.42206095, -3.65155317, 'Via Aránzazu Cañizares 8 Puerta 9 , Madrid', 40.38015497, -3.70273188, 'Callejón Marcio Pinedo 675 Puerta 6 , Madrid', 'completed', 7.34, 14, 13.01, 12.63, '2026-04-25 18:52:22', '2026-04-25 18:56:45', '2026-04-25 19:01:53', '2026-04-25 19:15:53');
INSERT INTO OFFER (offer_id, trip_id, driver_id, status, sent_at, responded_at) VALUES (1665, 558, 1, 'accepted', '2026-04-25 18:52:24', '2026-04-25 18:56:45');
INSERT INTO OFFER (offer_id, trip_id, driver_id, status, sent_at, responded_at) VALUES (1666, 558, 20, 'expired', '2026-04-25 18:52:26', NULL);
INSERT INTO OFFER (offer_id, trip_id, driver_id, status, sent_at, responded_at) VALUES (1667, 558, 40, 'rejected', '2026-04-25 18:52:23', '2026-04-25 18:53:19');
INSERT INTO OFFER (offer_id, trip_id, driver_id, status, sent_at, responded_at) VALUES (1668, 558, 41, 'expired', '2026-04-25 18:52:26', NULL);
INSERT INTO OFFER (offer_id, trip_id, driver_id, status, sent_at, responded_at) VALUES (1669, 558, 7, 'rejected', '2026-04-25 18:52:27', '2026-04-25 18:53:16');
INSERT INTO PAYMENT (payment_id, trip_id, amount, platform_fee, driver_earnings, method, status, paid_at) VALUES (453, 558, 12.63, 2.53, 10.1, 'card', 'pending', NULL);
INSERT INTO TRIP (trip_id, rider_id, driver_id, vehicle_id, origin_lat, origin_lng, origin_address, dest_lat, dest_lng, dest_address, status, distance_km, duration_minutes, price_estimated, price_final, requested_at, accepted_at, started_at, finished_at) VALUES (559, 83, 9, 9, 40.42874108, -3.70153164, 'Alameda de Severiano Lerma 708, Madrid', 40.41066567, -3.70489852, 'Glorieta Reyes Casas 6, Madrid', 'completed', 2.04, 5, 5.06, 4.82, '2026-04-25 18:50:26', '2026-04-25 18:54:23', '2026-04-25 18:58:24', '2026-04-25 19:03:24');
INSERT INTO OFFER (offer_id, trip_id, driver_id, status, sent_at, responded_at) VALUES (1670, 559, 9, 'accepted', '2026-04-25 18:50:31', '2026-04-25 18:54:23');
INSERT INTO PAYMENT (payment_id, trip_id, amount, platform_fee, driver_earnings, method, status, paid_at) VALUES (454, 559, 4.82, 0.96, 3.86, 'wallet', 'pending', NULL);
INSERT INTO TRIP (trip_id, rider_id, driver_id, vehicle_id, origin_lat, origin_lng, origin_address, dest_lat, dest_lng, dest_address, status, distance_km, duration_minutes, price_estimated, price_final, requested_at, accepted_at, started_at, finished_at) VALUES (560, 63, 41, 41, 40.45234635, -3.73105901, 'Cuesta Albino Carbonell 6 Piso 5 , Madrid', 40.45359118, -3.64129184, 'Avenida Nilo Peinado 308 Piso 4 , Madrid', 'completed', 9.97, 21, 16.96, 16.64, '2026-04-25 18:52:34', '2026-04-25 18:56:24', '2026-04-25 18:59:27', '2026-04-25 19:20:27');
INSERT INTO OFFER (offer_id, trip_id, driver_id, status, sent_at, responded_at) VALUES (1671, 560, 41, 'accepted', '2026-04-25 18:52:35', '2026-04-25 18:56:24');
INSERT INTO PAYMENT (payment_id, trip_id, amount, platform_fee, driver_earnings, method, status, paid_at) VALUES (455, 560, 16.64, 3.33, 13.31, 'wallet', 'pending', NULL);

INSERT INTO TRIP (trip_id, rider_id, driver_id, vehicle_id, origin_lat, origin_lng, origin_address, dest_lat, dest_lng, dest_address, status, distance_km, duration_minutes, price_estimated, price_final, requested_at, accepted_at, started_at, finished_at) VALUES (561, 60, NULL, NULL, 40.42597134, -3.64599537, 'Paseo de Úrsula Marin 52, Madrid', 40.44650855, -3.61359528, 'Acceso de Sonia Izaguirre 98, Madrid', 'cancelled', 4.26, NULL, 8.39, NULL, '2026-04-25 18:52:25', NULL, NULL, NULL);
INSERT INTO OFFER (offer_id, trip_id, driver_id, status, sent_at, responded_at) VALUES (1672, 561, 36, 'expired', '2026-04-25 18:52:27', NULL);
INSERT INTO OFFER (offer_id, trip_id, driver_id, status, sent_at, responded_at) VALUES (1673, 561, 11, 'expired', '2026-04-25 18:52:29', NULL);
INSERT INTO OFFER (offer_id, trip_id, driver_id, status, sent_at, responded_at) VALUES (1674, 561, 21, 'rejected', '2026-04-25 18:52:28', '2026-04-25 18:53:05');
INSERT INTO TRIP (trip_id, rider_id, driver_id, vehicle_id, origin_lat, origin_lng, origin_address, dest_lat, dest_lng, dest_address, status, distance_km, duration_minutes, price_estimated, price_final, requested_at, accepted_at, started_at, finished_at) VALUES (562, 69, 10, 10, 40.41477588, -3.64649364, 'Vial de Alejandra Rivas 12 Apt. 59 , Madrid', 40.39895145, -3.63984207, 'Cuesta de Ileana Tapia 94, Madrid', 'completed', 1.91, 8, 4.87, 5.01, '2026-04-25 18:51:40', '2026-04-25 18:53:33', '2026-04-25 18:59:07', '2026-04-25 19:07:07');
INSERT INTO OFFER (offer_id, trip_id, driver_id, status, sent_at, responded_at) VALUES (1675, 562, 10, 'accepted', '2026-04-25 18:51:44', '2026-04-25 18:53:33');
INSERT INTO PAYMENT (payment_id, trip_id, amount, platform_fee, driver_earnings, method, status, paid_at) VALUES (456, 562, 5.01, 1.0, 4.01, 'card', 'completed', '2026-04-25 19:07:07');
INSERT INTO TRIP (trip_id, rider_id, driver_id, vehicle_id, origin_lat, origin_lng, origin_address, dest_lat, dest_lng, dest_address, status, distance_km, duration_minutes, price_estimated, price_final, requested_at, accepted_at, started_at, finished_at) VALUES (563, 98, 33, 33, 40.47757682, -3.73379866, 'Paseo Leyre Torrent 69, Madrid', 40.41952893, -3.61914403, 'Pasadizo de Diana Azorin 637, Madrid', 'completed', 14.26, 29, 23.39, 23.35, '2026-04-25 18:50:35', '2026-04-25 18:52:23', '2026-04-25 19:00:54', '2026-04-25 19:29:54');
INSERT INTO OFFER (offer_id, trip_id, driver_id, status, sent_at, responded_at) VALUES (1676, 563, 33, 'accepted', '2026-04-25 18:50:38', '2026-04-25 18:52:23');
INSERT INTO OFFER (offer_id, trip_id, driver_id, status, sent_at, responded_at) VALUES (1677, 563, 35, 'expired', '2026-04-25 18:50:38', NULL);
INSERT INTO OFFER (offer_id, trip_id, driver_id, status, sent_at, responded_at) VALUES (1678, 563, 50, 'rejected', '2026-04-25 18:50:39', '2026-04-25 18:51:10');
INSERT INTO PAYMENT (payment_id, trip_id, amount, platform_fee, driver_earnings, method, status, paid_at) VALUES (457, 563, 23.35, 4.67, 18.68, 'cash', 'pending', NULL);
INSERT INTO TRIP (trip_id, rider_id, driver_id, vehicle_id, origin_lat, origin_lng, origin_address, dest_lat, dest_lng, dest_address, status, distance_km, duration_minutes, price_estimated, price_final, requested_at, accepted_at, started_at, finished_at) VALUES (564, 58, 4, 4, 40.40310508, -3.70738331, 'Acceso de Román Prats 181, Madrid', 40.44682543, -3.70661409, 'Cuesta de Régulo Valverde 75, Madrid', 'completed', 4.85, 13, 9.27, 8.84, '2026-04-25 18:52:37', '2026-04-25 18:55:47', '2026-04-25 19:01:56', '2026-04-25 19:14:56');
INSERT INTO OFFER (offer_id, trip_id, driver_id, status, sent_at, responded_at) VALUES (1679, 564, 37, 'rejected', '2026-04-25 18:52:42', '2026-04-25 18:53:17');
INSERT INTO OFFER (offer_id, trip_id, driver_id, status, sent_at, responded_at) VALUES (1680, 564, 4, 'accepted', '2026-04-25 18:52:38', '2026-04-25 18:55:47');
INSERT INTO OFFER (offer_id, trip_id, driver_id, status, sent_at, responded_at) VALUES (1681, 564, 40, 'expired', '2026-04-25 18:52:39', NULL);
INSERT INTO OFFER (offer_id, trip_id, driver_id, status, sent_at, responded_at) VALUES (1682, 564, 32, 'rejected', '2026-04-25 18:52:42', '2026-04-25 18:53:09');
INSERT INTO PAYMENT (payment_id, trip_id, amount, platform_fee, driver_earnings, method, status, paid_at) VALUES (458, 564, 8.84, 1.77, 7.07, 'card', 'pending', NULL);
INSERT INTO TRIP (trip_id, rider_id, driver_id, vehicle_id, origin_lat, origin_lng, origin_address, dest_lat, dest_lng, dest_address, status, distance_km, duration_minutes, price_estimated, price_final, requested_at, accepted_at, started_at, finished_at) VALUES (565, 17, 38, 38, 40.36314859, -3.73068251, 'Avenida Tecla Trillo 22 Puerta 8 , Madrid', 40.49638545, -3.68758894, 'C. Candela Llanos 35, Madrid', 'completed', 15.54, 35, 25.31, 25.44, '2026-04-25 18:50:47', '2026-04-25 18:54:23', '2026-04-25 18:59:06', '2026-04-25 19:34:06');
INSERT INTO OFFER (offer_id, trip_id, driver_id, status, sent_at, responded_at) VALUES (1683, 565, 38, 'accepted', '2026-04-25 18:50:50', '2026-04-25 18:54:23');
INSERT INTO PAYMENT (payment_id, trip_id, amount, platform_fee, driver_earnings, method, status, paid_at) VALUES (459, 565, 25.44, 5.09, 20.35, 'card', 'pending', NULL);
INSERT INTO TRIP (trip_id, rider_id, driver_id, vehicle_id, origin_lat, origin_lng, origin_address, dest_lat, dest_lng, dest_address, status, distance_km, duration_minutes, price_estimated, price_final, requested_at, accepted_at, started_at, finished_at) VALUES (566, 10, 7, 7, 40.36201402, -3.61136614, 'Cañada de Felicia Cañete 566 Piso 0 , Madrid', 40.42654707, -3.65003456, 'Via Belén Quevedo 55, Madrid', 'completed', 8.35, 18, 14.52, 13.64, '2026-04-25 18:51:42', '2026-04-25 18:56:02', '2026-04-25 19:01:48', '2026-04-25 19:19:48');
INSERT INTO OFFER (offer_id, trip_id, driver_id, status, sent_at, responded_at) VALUES (1684, 566, 7, 'accepted', '2026-04-25 18:51:46', '2026-04-25 18:56:02');
INSERT INTO PAYMENT (payment_id, trip_id, amount, platform_fee, driver_earnings, method, status, paid_at) VALUES (460, 566, 13.64, 2.73, 10.91, 'card', 'completed', '2026-04-25 19:24:48');
INSERT INTO TRIP (trip_id, rider_id, driver_id, vehicle_id, origin_lat, origin_lng, origin_address, dest_lat, dest_lng, dest_address, status, distance_km, duration_minutes, price_estimated, price_final, requested_at, accepted_at, started_at, finished_at) VALUES (567, 65, 47, 47, 40.48515943, -3.68044685, 'Ronda Vanesa Ojeda 76, Madrid', 40.49608833, -3.7404121, 'Plaza Chus Esteban 3, Madrid', 'completed', 6.77, 17, 12.15, 11.97, '2026-04-25 18:51:54', '2026-04-25 18:55:59', '2026-04-25 19:05:32', '2026-04-25 19:22:32');
INSERT INTO OFFER (offer_id, trip_id, driver_id, status, sent_at, responded_at) VALUES (1685, 567, 47, 'accepted', '2026-04-25 18:51:58', '2026-04-25 18:55:59');
INSERT INTO OFFER (offer_id, trip_id, driver_id, status, sent_at, responded_at) VALUES (1686, 567, 1, 'expired', '2026-04-25 18:51:57', NULL);
INSERT INTO PAYMENT (payment_id, trip_id, amount, platform_fee, driver_earnings, method, status, paid_at) VALUES (461, 567, 11.97, 2.39, 9.58, 'wallet', 'completed', '2026-04-25 19:24:32');
INSERT INTO TRIP (trip_id, rider_id, driver_id, vehicle_id, origin_lat, origin_lng, origin_address, dest_lat, dest_lng, dest_address, status, distance_km, duration_minutes, price_estimated, price_final, requested_at, accepted_at, started_at, finished_at) VALUES (568, 84, 35, 35, 40.38159411, -3.71051395, 'Acceso de Verónica Robles 6, Madrid', 40.40141094, -3.74781788, 'Glorieta de Kike Feliu 605 Piso 9 , Madrid', 'completed', 4.69, 7, 9.04, 9.34, '2026-04-25 18:50:47', '2026-04-25 18:52:08', '2026-04-25 18:54:18', '2026-04-25 19:01:18');
INSERT INTO OFFER (offer_id, trip_id, driver_id, status, sent_at, responded_at) VALUES (1687, 568, 35, 'accepted', '2026-04-25 18:50:49', '2026-04-25 18:52:08');
INSERT INTO OFFER (offer_id, trip_id, driver_id, status, sent_at, responded_at) VALUES (1688, 568, 44, 'rejected', '2026-04-25 18:50:51', '2026-04-25 18:51:19');
INSERT INTO OFFER (offer_id, trip_id, driver_id, status, sent_at, responded_at) VALUES (1689, 568, 50, 'rejected', '2026-04-25 18:50:50', '2026-04-25 18:51:13');
INSERT INTO PAYMENT (payment_id, trip_id, amount, platform_fee, driver_earnings, method, status, paid_at) VALUES (462, 568, 9.34, 1.87, 7.47, 'card', 'completed', '2026-04-25 19:01:18');
INSERT INTO TRIP (trip_id, rider_id, driver_id, vehicle_id, origin_lat, origin_lng, origin_address, dest_lat, dest_lng, dest_address, status, distance_km, duration_minutes, price_estimated, price_final, requested_at, accepted_at, started_at, finished_at) VALUES (569, 5, 23, 23, 40.45029885, -3.74521917, 'Glorieta de Eugenio Peláez 39 Piso 1 , Madrid', 40.49427329, -3.73539336, 'Camino de Eladio Quintero 48, Madrid', 'completed', 5.0, 15, 9.5, 10.31, '2026-04-25 18:53:00', '2026-04-25 18:57:17', '2026-04-25 19:01:19', '2026-04-25 19:16:19');
INSERT INTO OFFER (offer_id, trip_id, driver_id, status, sent_at, responded_at) VALUES (1690, 569, 23, 'accepted', '2026-04-25 18:53:05', '2026-04-25 18:57:17');
INSERT INTO PAYMENT (payment_id, trip_id, amount, platform_fee, driver_earnings, method, status, paid_at) VALUES (463, 569, 10.31, 2.06, 8.25, 'card', 'completed', '2026-04-25 19:17:19');
INSERT INTO TRIP (trip_id, rider_id, driver_id, vehicle_id, origin_lat, origin_lng, origin_address, dest_lat, dest_lng, dest_address, status, distance_km, duration_minutes, price_estimated, price_final, requested_at, accepted_at, started_at, finished_at) VALUES (570, 63, 50, 50, 40.41053964, -3.72548637, 'Avenida de Lino Espada 54, Madrid', 40.46008601, -3.71200925, 'Pasadizo Efraín Jordá 95 Puerta 8 , Madrid', 'completed', 5.7, 12, 10.55, 10.97, '2026-04-25 18:52:37', '2026-04-25 18:54:41', '2026-04-25 19:01:54', '2026-04-25 19:13:54');
INSERT INTO OFFER (offer_id, trip_id, driver_id, status, sent_at, responded_at) VALUES (1691, 570, 50, 'accepted', '2026-04-25 18:52:41', '2026-04-25 18:54:41');
INSERT INTO OFFER (offer_id, trip_id, driver_id, status, sent_at, responded_at) VALUES (1692, 570, 13, 'expired', '2026-04-25 18:52:38', NULL);
INSERT INTO PAYMENT (payment_id, trip_id, amount, platform_fee, driver_earnings, method, status, paid_at) VALUES (464, 570, 10.97, 2.19, 8.78, 'card', 'completed', '2026-04-25 19:16:54');

INSERT INTO TRIP (trip_id, rider_id, driver_id, vehicle_id, origin_lat, origin_lng, origin_address, dest_lat, dest_lng, dest_address, status, distance_km, duration_minutes, price_estimated, price_final, requested_at, accepted_at, started_at, finished_at) VALUES (571, 83, 40, 40, 40.39648107, -3.62031925, 'Cañada Toni Pina 6, Madrid', 40.36215635, -3.71057486, 'Rambla Curro Rueda 9, Madrid', 'completed', 10.72, 22, 18.08, 18.84, '2026-04-25 18:53:08', '2026-04-25 18:57:15', '2026-04-25 19:00:17', '2026-04-25 19:22:17');
INSERT INTO OFFER (offer_id, trip_id, driver_id, status, sent_at, responded_at) VALUES (1693, 571, 40, 'accepted', '2026-04-25 18:53:12', '2026-04-25 18:57:15');
INSERT INTO OFFER (offer_id, trip_id, driver_id, status, sent_at, responded_at) VALUES (1694, 571, 35, 'expired', '2026-04-25 18:53:11', NULL);
INSERT INTO OFFER (offer_id, trip_id, driver_id, status, sent_at, responded_at) VALUES (1695, 571, 26, 'expired', '2026-04-25 18:53:12', NULL);
INSERT INTO PAYMENT (payment_id, trip_id, amount, platform_fee, driver_earnings, method, status, paid_at) VALUES (465, 571, 18.84, 3.77, 15.07, 'card', 'completed', '2026-04-25 19:27:17');
INSERT INTO TRIP (trip_id, rider_id, driver_id, vehicle_id, origin_lat, origin_lng, origin_address, dest_lat, dest_lng, dest_address, status, distance_km, duration_minutes, price_estimated, price_final, requested_at, accepted_at, started_at, finished_at) VALUES (572, 63, 46, 46, 40.39632071, -3.64547614, 'Urbanización de Bonifacio Antúnez 6, Madrid', 40.46429, -3.71850149, 'Paseo de Concha Arnal 26, Madrid', 'completed', 11.07, 23, 18.61, 17.06, '2026-04-25 18:50:47', '2026-04-25 18:55:23', '2026-04-25 19:04:40', '2026-04-25 19:27:40');
INSERT INTO OFFER (offer_id, trip_id, driver_id, status, sent_at, responded_at) VALUES (1696, 572, 46, 'accepted', '2026-04-25 18:50:52', '2026-04-25 18:55:23');
INSERT INTO OFFER (offer_id, trip_id, driver_id, status, sent_at, responded_at) VALUES (1697, 572, 4, 'rejected', '2026-04-25 18:50:49', '2026-04-25 18:51:00');
INSERT INTO OFFER (offer_id, trip_id, driver_id, status, sent_at, responded_at) VALUES (1698, 572, 45, 'expired', '2026-04-25 18:50:52', NULL);
INSERT INTO OFFER (offer_id, trip_id, driver_id, status, sent_at, responded_at) VALUES (1699, 572, 31, 'rejected', '2026-04-25 18:50:49', '2026-04-25 18:51:27');
INSERT INTO OFFER (offer_id, trip_id, driver_id, status, sent_at, responded_at) VALUES (1700, 572, 30, 'expired', '2026-04-25 18:50:52', NULL);
INSERT INTO PAYMENT (payment_id, trip_id, amount, platform_fee, driver_earnings, method, status, paid_at) VALUES (466, 572, 17.06, 3.41, 13.65, 'cash', 'completed', '2026-04-25 19:31:40');
INSERT INTO TRIP (trip_id, rider_id, driver_id, vehicle_id, origin_lat, origin_lng, origin_address, dest_lat, dest_lng, dest_address, status, distance_km, duration_minutes, price_estimated, price_final, requested_at, accepted_at, started_at, finished_at) VALUES (573, 31, 29, 29, 40.36381279, -3.62934646, 'Via Dionisia Falcón 70 Puerta 0 , Madrid', 40.4814105, -3.73521975, 'Alameda Vasco Juliá 74 Puerta 6 , Madrid', 'completed', 17.56, 36, 28.34, 29.24, '2026-04-25 18:50:57', '2026-04-25 18:53:49', '2026-04-25 19:01:46', '2026-04-25 19:37:46');
INSERT INTO OFFER (offer_id, trip_id, driver_id, status, sent_at, responded_at) VALUES (1701, 573, 29, 'accepted', '2026-04-25 18:51:02', '2026-04-25 18:53:49');
INSERT INTO PAYMENT (payment_id, trip_id, amount, platform_fee, driver_earnings, method, status, paid_at) VALUES (467, 573, 29.24, 5.85, 23.39, 'card', 'completed', '2026-04-25 19:37:46');
INSERT INTO TRIP (trip_id, rider_id, driver_id, vehicle_id, origin_lat, origin_lng, origin_address, dest_lat, dest_lng, dest_address, status, distance_km, duration_minutes, price_estimated, price_final, requested_at, accepted_at, started_at, finished_at) VALUES (574, 38, 45, 45, 40.40383891, -3.68841744, 'Paseo Josep Briones 63, Madrid', 40.36467979, -3.71758586, 'Avenida Agapito Carbonell 425 Piso 5 , Madrid', 'completed', 5.42, 8, 10.13, 9.15, '2026-04-25 18:52:05', '2026-04-25 18:57:05', '2026-04-25 19:04:14', '2026-04-25 19:12:14');
INSERT INTO OFFER (offer_id, trip_id, driver_id, status, sent_at, responded_at) VALUES (1702, 574, 45, 'accepted', '2026-04-25 18:52:08', '2026-04-25 18:57:05');
INSERT INTO OFFER (offer_id, trip_id, driver_id, status, sent_at, responded_at) VALUES (1703, 574, 19, 'rejected', '2026-04-25 18:52:07', '2026-04-25 18:52:33');
INSERT INTO OFFER (offer_id, trip_id, driver_id, status, sent_at, responded_at) VALUES (1704, 574, 22, 'rejected', '2026-04-25 18:52:09', '2026-04-25 18:52:40');
INSERT INTO PAYMENT (payment_id, trip_id, amount, platform_fee, driver_earnings, method, status, paid_at) VALUES (468, 574, 9.15, 1.83, 7.32, 'cash', 'completed', '2026-04-25 19:15:14');
INSERT INTO TRIP (trip_id, rider_id, driver_id, vehicle_id, origin_lat, origin_lng, origin_address, dest_lat, dest_lng, dest_address, status, distance_km, duration_minutes, price_estimated, price_final, requested_at, accepted_at, started_at, finished_at) VALUES (575, 1, 11, 11, 40.49718217, -3.66871527, 'Callejón de Jorge Velázquez 70, Madrid', 40.4382326, -3.69763933, 'Ronda María Jove 52 Apt. 19 , Madrid', 'completed', 7.29, 18, 12.94, 13.82, '2026-04-25 18:51:36', '2026-04-25 18:54:51', '2026-04-25 19:01:52', '2026-04-25 19:19:52');
INSERT INTO OFFER (offer_id, trip_id, driver_id, status, sent_at, responded_at) VALUES (1705, 575, 11, 'accepted', '2026-04-25 18:51:37', '2026-04-25 18:54:51');
INSERT INTO OFFER (offer_id, trip_id, driver_id, status, sent_at, responded_at) VALUES (1706, 575, 41, 'expired', '2026-04-25 18:51:37', NULL);
INSERT INTO OFFER (offer_id, trip_id, driver_id, status, sent_at, responded_at) VALUES (1707, 575, 47, 'expired', '2026-04-25 18:51:41', NULL);
INSERT INTO PAYMENT (payment_id, trip_id, amount, platform_fee, driver_earnings, method, status, paid_at) VALUES (469, 575, 13.82, 2.76, 11.06, 'wallet', 'completed', '2026-04-25 19:23:52');
INSERT INTO TRIP (trip_id, rider_id, driver_id, vehicle_id, origin_lat, origin_lng, origin_address, dest_lat, dest_lng, dest_address, status, distance_km, duration_minutes, price_estimated, price_final, requested_at, accepted_at, started_at, finished_at) VALUES (576, 93, NULL, NULL, 40.47082584, -3.60779014, 'Pasadizo de Jose Ignacio Mateo 96, Madrid', 40.42215566, -3.60589202, 'Calle de Luis Miguel Escudero 569 Puerta 7 , Madrid', 'cancelled', 5.41, NULL, 10.12, NULL, '2026-04-25 18:52:19', NULL, NULL, NULL);
INSERT INTO OFFER (offer_id, trip_id, driver_id, status, sent_at, responded_at) VALUES (1708, 576, 40, 'expired', '2026-04-25 18:52:21', NULL);
INSERT INTO OFFER (offer_id, trip_id, driver_id, status, sent_at, responded_at) VALUES (1709, 576, 42, 'expired', '2026-04-25 18:52:20', NULL);
INSERT INTO OFFER (offer_id, trip_id, driver_id, status, sent_at, responded_at) VALUES (1710, 576, 13, 'expired', '2026-04-25 18:52:24', NULL);
INSERT INTO OFFER (offer_id, trip_id, driver_id, status, sent_at, responded_at) VALUES (1711, 576, 29, 'expired', '2026-04-25 18:52:22', NULL);
INSERT INTO OFFER (offer_id, trip_id, driver_id, status, sent_at, responded_at) VALUES (1712, 576, 50, 'expired', '2026-04-25 18:52:21', NULL);
INSERT INTO TRIP (trip_id, rider_id, driver_id, vehicle_id, origin_lat, origin_lng, origin_address, dest_lat, dest_lng, dest_address, status, distance_km, duration_minutes, price_estimated, price_final, requested_at, accepted_at, started_at, finished_at) VALUES (577, 54, 2, 2, 40.35987024, -3.72877505, 'Glorieta Patricia Cerdá 500 Piso 1 , Madrid', 40.35127254, -3.71452688, 'Camino de Manuelita Azcona 332, Madrid', 'completed', 1.85, 3, 4.78, 5.16, '2026-04-25 18:51:48', '2026-04-25 18:56:26', '2026-04-25 19:02:33', '2026-04-25 19:05:33');
INSERT INTO OFFER (offer_id, trip_id, driver_id, status, sent_at, responded_at) VALUES (1713, 577, 2, 'accepted', '2026-04-25 18:51:51', '2026-04-25 18:56:26');
INSERT INTO PAYMENT (payment_id, trip_id, amount, platform_fee, driver_earnings, method, status, paid_at) VALUES (470, 577, 5.16, 1.03, 4.13, 'card', 'completed', '2026-04-25 19:05:33');
INSERT INTO TRIP (trip_id, rider_id, driver_id, vehicle_id, origin_lat, origin_lng, origin_address, dest_lat, dest_lng, dest_address, status, distance_km, duration_minutes, price_estimated, price_final, requested_at, accepted_at, started_at, finished_at) VALUES (578, 31, 50, 50, 40.4713309, -3.71938092, 'C. Moreno Paredes 35, Madrid', 40.39014005, -3.64154569, 'Via de Amado Gual 25, Madrid', 'completed', 12.48, 26, 20.72, 18.95, '2026-04-25 18:52:53', '2026-04-25 18:55:46', '2026-04-25 19:01:59', '2026-04-25 19:27:59');
INSERT INTO OFFER (offer_id, trip_id, driver_id, status, sent_at, responded_at) VALUES (1714, 578, 50, 'accepted', '2026-04-25 18:52:57', '2026-04-25 18:55:46');
INSERT INTO PAYMENT (payment_id, trip_id, amount, platform_fee, driver_earnings, method, status, paid_at) VALUES (471, 578, 18.95, 3.79, 15.16, 'card', 'completed', '2026-04-25 19:27:59');
INSERT INTO TRIP (trip_id, rider_id, driver_id, vehicle_id, origin_lat, origin_lng, origin_address, dest_lat, dest_lng, dest_address, status, distance_km, duration_minutes, price_estimated, price_final, requested_at, accepted_at, started_at, finished_at) VALUES (579, 72, 1, 1, 40.43425498, -3.65360118, 'Camino de Diego Barragán 74, Madrid', 40.40514883, -3.74481136, 'Paseo de Nicanor Sosa 74 Puerta 3 , Madrid', 'completed', 10.63, 22, 17.95, 18.62, '2026-04-25 18:51:58', '2026-04-25 18:55:27', '2026-04-25 19:00:22', '2026-04-25 19:22:22');
INSERT INTO OFFER (offer_id, trip_id, driver_id, status, sent_at, responded_at) VALUES (1715, 579, 1, 'accepted', '2026-04-25 18:51:59', '2026-04-25 18:55:27');
INSERT INTO OFFER (offer_id, trip_id, driver_id, status, sent_at, responded_at) VALUES (1716, 579, 45, 'rejected', '2026-04-25 18:51:59', '2026-04-25 18:52:11');
INSERT INTO OFFER (offer_id, trip_id, driver_id, status, sent_at, responded_at) VALUES (1717, 579, 50, 'rejected', '2026-04-25 18:52:03', '2026-04-25 18:52:13');
INSERT INTO PAYMENT (payment_id, trip_id, amount, platform_fee, driver_earnings, method, status, paid_at) VALUES (472, 579, 18.62, 3.72, 14.9, 'card', 'pending', NULL);
INSERT INTO TRIP (trip_id, rider_id, driver_id, vehicle_id, origin_lat, origin_lng, origin_address, dest_lat, dest_lng, dest_address, status, distance_km, duration_minutes, price_estimated, price_final, requested_at, accepted_at, started_at, finished_at) VALUES (580, 70, 12, 12, 40.37698371, -3.62360793, 'Acceso de Hernán Espejo 72, Madrid', 40.40388448, -3.67287367, 'Callejón de Adoración Lloret 27, Madrid', 'completed', 6.23, 16, 11.35, 11.76, '2026-04-25 18:51:14', '2026-04-25 18:55:49', '2026-04-25 19:04:27', '2026-04-25 19:20:27');
INSERT INTO OFFER (offer_id, trip_id, driver_id, status, sent_at, responded_at) VALUES (1718, 580, 12, 'accepted', '2026-04-25 18:51:18', '2026-04-25 18:55:49');
INSERT INTO OFFER (offer_id, trip_id, driver_id, status, sent_at, responded_at) VALUES (1719, 580, 36, 'expired', '2026-04-25 18:51:17', NULL);
INSERT INTO OFFER (offer_id, trip_id, driver_id, status, sent_at, responded_at) VALUES (1720, 580, 11, 'expired', '2026-04-25 18:51:16', NULL);
INSERT INTO OFFER (offer_id, trip_id, driver_id, status, sent_at, responded_at) VALUES (1721, 580, 47, 'rejected', '2026-04-25 18:51:16', '2026-04-25 18:51:35');
INSERT INTO OFFER (offer_id, trip_id, driver_id, status, sent_at, responded_at) VALUES (1722, 580, 26, 'rejected', '2026-04-25 18:51:15', '2026-04-25 18:51:28');
INSERT INTO PAYMENT (payment_id, trip_id, amount, platform_fee, driver_earnings, method, status, paid_at) VALUES (473, 580, 11.76, 2.35, 9.41, 'card', 'completed', '2026-04-25 19:22:27');

INSERT INTO TRIP (trip_id, rider_id, driver_id, vehicle_id, origin_lat, origin_lng, origin_address, dest_lat, dest_lng, dest_address, status, distance_km, duration_minutes, price_estimated, price_final, requested_at, accepted_at, started_at, finished_at) VALUES (581, 1, 33, 33, 40.38814052, -3.67981013, 'Glorieta Tomás Gómez 96, Madrid', 40.46683216, -3.66678892, 'Pasadizo de Reyes Izaguirre 24 Piso 3 , Madrid', 'completed', 8.85, 22, 15.27, 15.46, '2026-04-25 18:50:33', '2026-04-25 18:52:05', '2026-04-25 19:01:44', '2026-04-25 19:23:44');
INSERT INTO OFFER (offer_id, trip_id, driver_id, status, sent_at, responded_at) VALUES (1723, 581, 33, 'accepted', '2026-04-25 18:50:35', '2026-04-25 18:52:05');
INSERT INTO PAYMENT (payment_id, trip_id, amount, platform_fee, driver_earnings, method, status, paid_at) VALUES (474, 581, 15.46, 3.09, 12.37, 'wallet', 'pending', NULL);
INSERT INTO TRIP (trip_id, rider_id, driver_id, vehicle_id, origin_lat, origin_lng, origin_address, dest_lat, dest_lng, dest_address, status, distance_km, duration_minutes, price_estimated, price_final, requested_at, accepted_at, started_at, finished_at) VALUES (582, 62, 7, 7, 40.39307142, -3.61484071, 'Alameda de Bruno Gutiérrez 652 Apt. 11 , Madrid', 40.49945556, -3.73015543, 'Paseo Cornelio Ordóñez 16, Madrid', 'completed', 17.42, 39, 28.13, 30.31, '2026-04-25 18:51:50', '2026-04-25 18:53:44', '2026-04-25 19:01:33', '2026-04-25 19:40:33');
INSERT INTO OFFER (offer_id, trip_id, driver_id, status, sent_at, responded_at) VALUES (1724, 582, 7, 'accepted', '2026-04-25 18:51:53', '2026-04-25 18:53:44');
INSERT INTO OFFER (offer_id, trip_id, driver_id, status, sent_at, responded_at) VALUES (1725, 582, 25, 'expired', '2026-04-25 18:51:55', NULL);
INSERT INTO OFFER (offer_id, trip_id, driver_id, status, sent_at, responded_at) VALUES (1726, 582, 35, 'expired', '2026-04-25 18:51:53', NULL);
INSERT INTO OFFER (offer_id, trip_id, driver_id, status, sent_at, responded_at) VALUES (1727, 582, 2, 'expired', '2026-04-25 18:51:51', NULL);
INSERT INTO OFFER (offer_id, trip_id, driver_id, status, sent_at, responded_at) VALUES (1728, 582, 34, 'rejected', '2026-04-25 18:51:53', '2026-04-25 18:52:43');
INSERT INTO PAYMENT (payment_id, trip_id, amount, platform_fee, driver_earnings, method, status, paid_at) VALUES (475, 582, 30.31, 6.06, 24.25, 'wallet', 'completed', '2026-04-25 19:42:33');
INSERT INTO TRIP (trip_id, rider_id, driver_id, vehicle_id, origin_lat, origin_lng, origin_address, dest_lat, dest_lng, dest_address, status, distance_km, duration_minutes, price_estimated, price_final, requested_at, accepted_at, started_at, finished_at) VALUES (583, 37, 44, 44, 40.48183838, -3.68882633, 'Alameda de Chus Cervantes 83 Apt. 92 , Madrid', 40.39159835, -3.68651419, 'Calle Atilio Peña 96 Puerta 1 , Madrid', 'completed', 10.02, 21, 17.03, 15.4, '2026-04-25 18:51:46', '2026-04-25 18:54:20', '2026-04-25 18:59:56', '2026-04-25 19:20:56');
INSERT INTO OFFER (offer_id, trip_id, driver_id, status, sent_at, responded_at) VALUES (1729, 583, 44, 'accepted', '2026-04-25 18:51:47', '2026-04-25 18:54:20');
INSERT INTO OFFER (offer_id, trip_id, driver_id, status, sent_at, responded_at) VALUES (1730, 583, 6, 'rejected', '2026-04-25 18:51:51', '2026-04-25 18:52:09');
INSERT INTO OFFER (offer_id, trip_id, driver_id, status, sent_at, responded_at) VALUES (1731, 583, 1, 'expired', '2026-04-25 18:51:48', NULL);
INSERT INTO OFFER (offer_id, trip_id, driver_id, status, sent_at, responded_at) VALUES (1732, 583, 16, 'rejected', '2026-04-25 18:51:47', '2026-04-25 18:52:40');
INSERT INTO PAYMENT (payment_id, trip_id, amount, platform_fee, driver_earnings, method, status, paid_at) VALUES (476, 583, 15.4, 3.08, 12.32, 'card', 'completed', '2026-04-25 19:23:56');
INSERT INTO TRIP (trip_id, rider_id, driver_id, vehicle_id, origin_lat, origin_lng, origin_address, dest_lat, dest_lng, dest_address, status, distance_km, duration_minutes, price_estimated, price_final, requested_at, accepted_at, started_at, finished_at) VALUES (584, 68, 32, 32, 40.48665885, -3.60811439, 'Plaza Bárbara Olmedo 52, Madrid', 40.48488036, -3.66229466, 'Glorieta de Vilma Cuervo 98 Piso 6 , Madrid', 'completed', 6.02, 11, 11.03, 11.02, '2026-04-25 18:50:50', '2026-04-25 18:55:22', '2026-04-25 19:01:16', '2026-04-25 19:12:16');
INSERT INTO OFFER (offer_id, trip_id, driver_id, status, sent_at, responded_at) VALUES (1733, 584, 32, 'accepted', '2026-04-25 18:50:54', '2026-04-25 18:55:22');
INSERT INTO OFFER (offer_id, trip_id, driver_id, status, sent_at, responded_at) VALUES (1734, 584, 13, 'rejected', '2026-04-25 18:50:52', '2026-04-25 18:51:13');
INSERT INTO OFFER (offer_id, trip_id, driver_id, status, sent_at, responded_at) VALUES (1735, 584, 24, 'rejected', '2026-04-25 18:50:51', '2026-04-25 18:51:35');
INSERT INTO OFFER (offer_id, trip_id, driver_id, status, sent_at, responded_at) VALUES (1736, 584, 40, 'rejected', '2026-04-25 18:50:53', '2026-04-25 18:51:30');
INSERT INTO PAYMENT (payment_id, trip_id, amount, platform_fee, driver_earnings, method, status, paid_at) VALUES (477, 584, 11.02, 2.2, 8.82, 'card', 'completed', '2026-04-25 19:12:16');
INSERT INTO TRIP (trip_id, rider_id, driver_id, vehicle_id, origin_lat, origin_lng, origin_address, dest_lat, dest_lng, dest_address, status, distance_km, duration_minutes, price_estimated, price_final, requested_at, accepted_at, started_at, finished_at) VALUES (585, 21, 42, 42, 40.47158719, -3.71603276, 'C. Inés Alvarez 12, Madrid', 40.43760459, -3.73638249, 'Urbanización de Clemente Montero 14, Madrid', 'completed', 4.4, 7, 8.6, 8.78, '2026-04-25 18:50:21', '2026-04-25 18:52:04', '2026-04-25 18:59:56', '2026-04-25 19:06:56');
INSERT INTO OFFER (offer_id, trip_id, driver_id, status, sent_at, responded_at) VALUES (1737, 585, 42, 'accepted', '2026-04-25 18:50:22', '2026-04-25 18:52:04');
INSERT INTO OFFER (offer_id, trip_id, driver_id, status, sent_at, responded_at) VALUES (1738, 585, 44, 'rejected', '2026-04-25 18:50:23', '2026-04-25 18:50:35');
INSERT INTO OFFER (offer_id, trip_id, driver_id, status, sent_at, responded_at) VALUES (1739, 585, 4, 'rejected', '2026-04-25 18:50:24', '2026-04-25 18:50:48');
INSERT INTO OFFER (offer_id, trip_id, driver_id, status, sent_at, responded_at) VALUES (1740, 585, 13, 'expired', '2026-04-25 18:50:24', NULL);
INSERT INTO OFFER (offer_id, trip_id, driver_id, status, sent_at, responded_at) VALUES (1741, 585, 19, 'rejected', '2026-04-25 18:50:24', '2026-04-25 18:50:34');
INSERT INTO PAYMENT (payment_id, trip_id, amount, platform_fee, driver_earnings, method, status, paid_at) VALUES (478, 585, 8.78, 1.76, 7.02, 'card', 'completed', '2026-04-25 19:11:56');
INSERT INTO TRIP (trip_id, rider_id, driver_id, vehicle_id, origin_lat, origin_lng, origin_address, dest_lat, dest_lng, dest_address, status, distance_km, duration_minutes, price_estimated, price_final, requested_at, accepted_at, started_at, finished_at) VALUES (586, 97, 9, 9, 40.43749586, -3.68569273, 'Pasadizo de Camilo Batalla 6, Madrid', 40.39737768, -3.65095594, 'Ronda de Piedad Carrión 611, Madrid', 'completed', 5.89, 16, 10.83, 10.26, '2026-04-25 18:50:15', '2026-04-25 18:54:13', '2026-04-25 19:03:59', '2026-04-25 19:19:59');
INSERT INTO OFFER (offer_id, trip_id, driver_id, status, sent_at, responded_at) VALUES (1742, 586, 9, 'accepted', '2026-04-25 18:50:20', '2026-04-25 18:54:13');
INSERT INTO OFFER (offer_id, trip_id, driver_id, status, sent_at, responded_at) VALUES (1743, 586, 49, 'rejected', '2026-04-25 18:50:20', '2026-04-25 18:51:06');
INSERT INTO PAYMENT (payment_id, trip_id, amount, platform_fee, driver_earnings, method, status, paid_at) VALUES (479, 586, 10.26, 2.05, 8.21, 'cash', 'completed', '2026-04-25 19:20:59');
INSERT INTO TRIP (trip_id, rider_id, driver_id, vehicle_id, origin_lat, origin_lng, origin_address, dest_lat, dest_lng, dest_address, status, distance_km, duration_minutes, price_estimated, price_final, requested_at, accepted_at, started_at, finished_at) VALUES (587, 84, 23, 23, 40.45027339, -3.67599137, 'Rambla Eli Cuevas 11, Madrid', 40.39162885, -3.66815993, 'Via de Ariel Carrasco 43 Apt. 75 , Madrid', 'in_progress', 6.57, NULL, 11.86, NULL, '2026-04-25 18:52:58', '2026-04-25 18:56:43', '2026-04-25 19:02:20', NULL);
INSERT INTO OFFER (offer_id, trip_id, driver_id, status, sent_at, responded_at) VALUES (1744, 587, 23, 'accepted', '2026-04-25 18:53:01', '2026-04-25 18:56:43');
INSERT INTO OFFER (offer_id, trip_id, driver_id, status, sent_at, responded_at) VALUES (1745, 587, 37, 'expired', '2026-04-25 18:53:00', NULL);
INSERT INTO TRIP (trip_id, rider_id, driver_id, vehicle_id, origin_lat, origin_lng, origin_address, dest_lat, dest_lng, dest_address, status, distance_km, duration_minutes, price_estimated, price_final, requested_at, accepted_at, started_at, finished_at) VALUES (588, 89, 7, 7, 40.38549154, -3.64292563, 'Pasadizo de Cloe Morata 34, Madrid', 40.4908155, -3.74521255, 'Cañada Amador Mármol 61, Madrid', 'completed', 16.3, 35, 26.45, 26.22, '2026-04-25 18:52:12', '2026-04-25 18:55:43', '2026-04-25 18:58:02', '2026-04-25 19:33:02');
INSERT INTO OFFER (offer_id, trip_id, driver_id, status, sent_at, responded_at) VALUES (1746, 588, 7, 'accepted', '2026-04-25 18:52:13', '2026-04-25 18:55:43');
INSERT INTO OFFER (offer_id, trip_id, driver_id, status, sent_at, responded_at) VALUES (1747, 588, 50, 'expired', '2026-04-25 18:52:14', NULL);
INSERT INTO OFFER (offer_id, trip_id, driver_id, status, sent_at, responded_at) VALUES (1748, 588, 27, 'rejected', '2026-04-25 18:52:17', '2026-04-25 18:52:37');
INSERT INTO PAYMENT (payment_id, trip_id, amount, platform_fee, driver_earnings, method, status, paid_at) VALUES (480, 588, 26.22, 5.24, 20.98, 'cash', 'pending', NULL);
INSERT INTO TRIP (trip_id, rider_id, driver_id, vehicle_id, origin_lat, origin_lng, origin_address, dest_lat, dest_lng, dest_address, status, distance_km, duration_minutes, price_estimated, price_final, requested_at, accepted_at, started_at, finished_at) VALUES (589, 74, 35, 35, 40.43385424, -3.61842977, 'Ronda de Estefanía Iglesias 88, Madrid', 40.46652022, -3.61902597, 'Camino Araceli Carretero 28 Puerta 8 , Madrid', 'completed', 3.63, 10, 7.45, 7.23, '2026-04-25 18:51:29', '2026-04-25 18:53:38', '2026-04-25 18:57:10', '2026-04-25 19:07:10');
INSERT INTO OFFER (offer_id, trip_id, driver_id, status, sent_at, responded_at) VALUES (1749, 589, 35, 'accepted', '2026-04-25 18:51:34', '2026-04-25 18:53:38');
INSERT INTO OFFER (offer_id, trip_id, driver_id, status, sent_at, responded_at) VALUES (1750, 589, 8, 'rejected', '2026-04-25 18:51:34', '2026-04-25 18:52:20');
INSERT INTO OFFER (offer_id, trip_id, driver_id, status, sent_at, responded_at) VALUES (1751, 589, 1, 'rejected', '2026-04-25 18:51:31', '2026-04-25 18:51:45');
INSERT INTO PAYMENT (payment_id, trip_id, amount, platform_fee, driver_earnings, method, status, paid_at) VALUES (481, 589, 7.23, 1.45, 5.78, 'card', 'pending', NULL);
INSERT INTO TRIP (trip_id, rider_id, driver_id, vehicle_id, origin_lat, origin_lng, origin_address, dest_lat, dest_lng, dest_address, status, distance_km, duration_minutes, price_estimated, price_final, requested_at, accepted_at, started_at, finished_at) VALUES (590, 42, 39, 39, 40.4391898, -3.67987071, 'Plaza de Leandra Casanova 891 Puerta 1 , Madrid', 40.42858925, -3.72831717, 'Paseo de Manolo Estrada 3, Madrid', 'completed', 5.5, 14, 10.25, 9.34, '2026-04-25 18:51:17', '2026-04-25 18:54:50', '2026-04-25 18:57:44', '2026-04-25 19:11:44');
INSERT INTO OFFER (offer_id, trip_id, driver_id, status, sent_at, responded_at) VALUES (1752, 590, 39, 'accepted', '2026-04-25 18:51:21', '2026-04-25 18:54:50');
INSERT INTO OFFER (offer_id, trip_id, driver_id, status, sent_at, responded_at) VALUES (1753, 590, 43, 'rejected', '2026-04-25 18:51:21', '2026-04-25 18:51:35');
INSERT INTO OFFER (offer_id, trip_id, driver_id, status, sent_at, responded_at) VALUES (1754, 590, 26, 'expired', '2026-04-25 18:51:20', NULL);
INSERT INTO OFFER (offer_id, trip_id, driver_id, status, sent_at, responded_at) VALUES (1755, 590, 9, 'rejected', '2026-04-25 18:51:20', '2026-04-25 18:51:34');
INSERT INTO PAYMENT (payment_id, trip_id, amount, platform_fee, driver_earnings, method, status, paid_at) VALUES (482, 590, 9.34, 1.87, 7.47, 'card', 'pending', NULL);

INSERT INTO TRIP (trip_id, rider_id, driver_id, vehicle_id, origin_lat, origin_lng, origin_address, dest_lat, dest_lng, dest_address, status, distance_km, duration_minutes, price_estimated, price_final, requested_at, accepted_at, started_at, finished_at) VALUES (591, 23, 49, 49, 40.35195367, -3.73320528, 'Vial Graciano Marcos 62 Apt. 50 , Madrid', 40.40853296, -3.65618931, 'Avenida de Gabriela González 43 Puerta 5 , Madrid', 'completed', 10.61, 23, 17.91, 19.26, '2026-04-25 18:51:48', '2026-04-25 18:55:13', '2026-04-25 19:00:09', '2026-04-25 19:23:09');
INSERT INTO OFFER (offer_id, trip_id, driver_id, status, sent_at, responded_at) VALUES (1756, 591, 49, 'accepted', '2026-04-25 18:51:50', '2026-04-25 18:55:13');
INSERT INTO OFFER (offer_id, trip_id, driver_id, status, sent_at, responded_at) VALUES (1757, 591, 42, 'expired', '2026-04-25 18:51:51', NULL);
INSERT INTO OFFER (offer_id, trip_id, driver_id, status, sent_at, responded_at) VALUES (1758, 591, 15, 'rejected', '2026-04-25 18:51:51', '2026-04-25 18:52:30');
INSERT INTO PAYMENT (payment_id, trip_id, amount, platform_fee, driver_earnings, method, status, paid_at) VALUES (483, 591, 19.26, 3.85, 15.41, 'cash', 'completed', '2026-04-25 19:25:09');
INSERT INTO TRIP (trip_id, rider_id, driver_id, vehicle_id, origin_lat, origin_lng, origin_address, dest_lat, dest_lng, dest_address, status, distance_km, duration_minutes, price_estimated, price_final, requested_at, accepted_at, started_at, finished_at) VALUES (592, 89, 24, 24, 40.46700166, -3.74354676, 'Rambla de Desiderio Fonseca 21 Piso 5 , Madrid', 40.37365239, -3.66953553, 'Urbanización Candelaria Gómez 75 Piso 7 , Madrid', 'completed', 13.22, 26, 21.83, 22.62, '2026-04-25 18:52:34', '2026-04-25 18:54:53', '2026-04-25 19:00:51', '2026-04-25 19:26:51');
INSERT INTO OFFER (offer_id, trip_id, driver_id, status, sent_at, responded_at) VALUES (1759, 592, 24, 'accepted', '2026-04-25 18:52:38', '2026-04-25 18:54:53');
INSERT INTO OFFER (offer_id, trip_id, driver_id, status, sent_at, responded_at) VALUES (1760, 592, 11, 'expired', '2026-04-25 18:52:36', NULL);
INSERT INTO OFFER (offer_id, trip_id, driver_id, status, sent_at, responded_at) VALUES (1761, 592, 41, 'expired', '2026-04-25 18:52:39', NULL);
INSERT INTO OFFER (offer_id, trip_id, driver_id, status, sent_at, responded_at) VALUES (1762, 592, 22, 'rejected', '2026-04-25 18:52:36', '2026-04-25 18:52:58');
INSERT INTO OFFER (offer_id, trip_id, driver_id, status, sent_at, responded_at) VALUES (1763, 592, 32, 'expired', '2026-04-25 18:52:39', NULL);
INSERT INTO PAYMENT (payment_id, trip_id, amount, platform_fee, driver_earnings, method, status, paid_at) VALUES (484, 592, 22.62, 4.52, 18.1, 'wallet', 'completed', '2026-04-25 19:30:51');
INSERT INTO TRIP (trip_id, rider_id, driver_id, vehicle_id, origin_lat, origin_lng, origin_address, dest_lat, dest_lng, dest_address, status, distance_km, duration_minutes, price_estimated, price_final, requested_at, accepted_at, started_at, finished_at) VALUES (593, 68, 13, 13, 40.48975591, -3.67310016, 'Ronda de Damián Espada 8, Madrid', 40.43894129, -3.67794508, 'C. Perla Asenjo 328 Piso 5 , Madrid', 'completed', 5.67, 16, 10.5, 11.07, '2026-04-25 18:51:59', '2026-04-25 18:54:40', '2026-04-25 19:01:47', '2026-04-25 19:17:47');
INSERT INTO OFFER (offer_id, trip_id, driver_id, status, sent_at, responded_at) VALUES (1764, 593, 13, 'accepted', '2026-04-25 18:52:03', '2026-04-25 18:54:40');
INSERT INTO PAYMENT (payment_id, trip_id, amount, platform_fee, driver_earnings, method, status, paid_at) VALUES (485, 593, 11.07, 2.21, 8.86, 'card', 'pending', NULL);
INSERT INTO TRIP (trip_id, rider_id, driver_id, vehicle_id, origin_lat, origin_lng, origin_address, dest_lat, dest_lng, dest_address, status, distance_km, duration_minutes, price_estimated, price_final, requested_at, accepted_at, started_at, finished_at) VALUES (594, 79, 6, 6, 40.4374755, -3.74224409, 'Acceso Dolores Portero 66 Puerta 4 , Madrid', 40.38236496, -3.71854425, 'Urbanización Cebrián Sanchez 31 Puerta 9 , Madrid', 'completed', 6.66, 13, 11.99, 13.05, '2026-04-25 18:51:19', '2026-04-25 18:52:49', '2026-04-25 19:00:09', '2026-04-25 19:13:09');
INSERT INTO OFFER (offer_id, trip_id, driver_id, status, sent_at, responded_at) VALUES (1765, 594, 6, 'accepted', '2026-04-25 18:51:21', '2026-04-25 18:52:49');
INSERT INTO OFFER (offer_id, trip_id, driver_id, status, sent_at, responded_at) VALUES (1766, 594, 25, 'expired', '2026-04-25 18:51:24', NULL);
INSERT INTO PAYMENT (payment_id, trip_id, amount, platform_fee, driver_earnings, method, status, paid_at) VALUES (486, 594, 13.05, 2.61, 10.44, 'wallet', 'pending', NULL);
INSERT INTO TRIP (trip_id, rider_id, driver_id, vehicle_id, origin_lat, origin_lng, origin_address, dest_lat, dest_lng, dest_address, status, distance_km, duration_minutes, price_estimated, price_final, requested_at, accepted_at, started_at, finished_at) VALUES (595, 38, 15, 15, 40.39558497, -3.64099773, 'C. Irene Cantón 8 Puerta 1 , Madrid', 40.45998723, -3.68288409, 'Plaza Luisa Narváez 12, Madrid', 'completed', 8.53, 17, 14.79, 15.02, '2026-04-25 18:51:36', '2026-04-25 18:54:33', '2026-04-25 19:00:28', '2026-04-25 19:17:28');
INSERT INTO OFFER (offer_id, trip_id, driver_id, status, sent_at, responded_at) VALUES (1767, 595, 15, 'accepted', '2026-04-25 18:51:40', '2026-04-25 18:54:33');
INSERT INTO PAYMENT (payment_id, trip_id, amount, platform_fee, driver_earnings, method, status, paid_at) VALUES (487, 595, 15.02, 3.0, 12.02, 'card', 'completed', '2026-04-25 19:22:28');
INSERT INTO TRIP (trip_id, rider_id, driver_id, vehicle_id, origin_lat, origin_lng, origin_address, dest_lat, dest_lng, dest_address, status, distance_km, duration_minutes, price_estimated, price_final, requested_at, accepted_at, started_at, finished_at) VALUES (596, 64, 23, 23, 40.49497164, -3.68765775, 'Calle Osvaldo Amorós 652, Madrid', 40.47821145, -3.70751672, 'Vial de Camila López 13, Madrid', 'completed', 2.88, 3, 6.32, 6.73, '2026-04-25 18:51:02', '2026-04-25 18:54:02', '2026-04-25 19:01:53', '2026-04-25 19:04:53');
INSERT INTO OFFER (offer_id, trip_id, driver_id, status, sent_at, responded_at) VALUES (1768, 596, 23, 'accepted', '2026-04-25 18:51:07', '2026-04-25 18:54:02');
INSERT INTO OFFER (offer_id, trip_id, driver_id, status, sent_at, responded_at) VALUES (1769, 596, 6, 'expired', '2026-04-25 18:51:03', NULL);
INSERT INTO OFFER (offer_id, trip_id, driver_id, status, sent_at, responded_at) VALUES (1770, 596, 47, 'expired', '2026-04-25 18:51:06', NULL);
INSERT INTO PAYMENT (payment_id, trip_id, amount, platform_fee, driver_earnings, method, status, paid_at) VALUES (488, 596, 6.73, 1.35, 5.38, 'card', 'completed', '2026-04-25 19:09:53');
INSERT INTO TRIP (trip_id, rider_id, driver_id, vehicle_id, origin_lat, origin_lng, origin_address, dest_lat, dest_lng, dest_address, status, distance_km, duration_minutes, price_estimated, price_final, requested_at, accepted_at, started_at, finished_at) VALUES (597, 16, 42, 42, 40.4292756, -3.6959263, 'Vial de María Pilar Ojeda 265, Madrid', 40.40063825, -3.72390405, 'Cuesta de Benigna Dalmau 8 Piso 3 , Madrid', 'completed', 4.44, 10, 8.66, 8.72, '2026-04-25 18:50:32', '2026-04-25 18:54:06', '2026-04-25 18:56:12', '2026-04-25 19:06:12');
INSERT INTO OFFER (offer_id, trip_id, driver_id, status, sent_at, responded_at) VALUES (1771, 597, 42, 'accepted', '2026-04-25 18:50:35', '2026-04-25 18:54:06');
INSERT INTO OFFER (offer_id, trip_id, driver_id, status, sent_at, responded_at) VALUES (1772, 597, 21, 'expired', '2026-04-25 18:50:36', NULL);
INSERT INTO OFFER (offer_id, trip_id, driver_id, status, sent_at, responded_at) VALUES (1773, 597, 20, 'rejected', '2026-04-25 18:50:33', '2026-04-25 18:51:08');
INSERT INTO OFFER (offer_id, trip_id, driver_id, status, sent_at, responded_at) VALUES (1774, 597, 39, 'rejected', '2026-04-25 18:50:35', '2026-04-25 18:51:27');
INSERT INTO PAYMENT (payment_id, trip_id, amount, platform_fee, driver_earnings, method, status, paid_at) VALUES (489, 597, 8.72, 1.74, 6.98, 'wallet', 'pending', NULL);
INSERT INTO TRIP (trip_id, rider_id, driver_id, vehicle_id, origin_lat, origin_lng, origin_address, dest_lat, dest_lng, dest_address, status, distance_km, duration_minutes, price_estimated, price_final, requested_at, accepted_at, started_at, finished_at) VALUES (598, 98, 30, 30, 40.43019536, -3.62856267, 'Calle Rodrigo Grau 729, Madrid', 40.4218069, -3.62058805, 'Paseo Eusebio Salas 6, Madrid', 'completed', 1.28, 3, 3.92, 4.05, '2026-04-25 18:52:37', '2026-04-25 18:56:09', '2026-04-25 19:06:03', '2026-04-25 19:09:03');
INSERT INTO OFFER (offer_id, trip_id, driver_id, status, sent_at, responded_at) VALUES (1775, 598, 30, 'accepted', '2026-04-25 18:52:39', '2026-04-25 18:56:09');
INSERT INTO OFFER (offer_id, trip_id, driver_id, status, sent_at, responded_at) VALUES (1776, 598, 21, 'expired', '2026-04-25 18:52:40', NULL);
INSERT INTO OFFER (offer_id, trip_id, driver_id, status, sent_at, responded_at) VALUES (1777, 598, 18, 'expired', '2026-04-25 18:52:38', NULL);
INSERT INTO OFFER (offer_id, trip_id, driver_id, status, sent_at, responded_at) VALUES (1778, 598, 37, 'expired', '2026-04-25 18:52:42', NULL);
INSERT INTO OFFER (offer_id, trip_id, driver_id, status, sent_at, responded_at) VALUES (1779, 598, 11, 'expired', '2026-04-25 18:52:39', NULL);
INSERT INTO PAYMENT (payment_id, trip_id, amount, platform_fee, driver_earnings, method, status, paid_at) VALUES (490, 598, 4.05, 0.81, 3.24, 'cash', 'completed', '2026-04-25 19:14:03');
INSERT INTO TRIP (trip_id, rider_id, driver_id, vehicle_id, origin_lat, origin_lng, origin_address, dest_lat, dest_lng, dest_address, status, distance_km, duration_minutes, price_estimated, price_final, requested_at, accepted_at, started_at, finished_at) VALUES (599, 4, 45, 45, 40.41921572, -3.7416043, 'Pasaje de Chita Canet 98 Puerta 0 , Madrid', 40.37505235, -3.72149276, 'Rambla de Lara Giner 55, Madrid', 'completed', 5.39, 13, 10.08, 9.87, '2026-04-25 18:52:27', '2026-04-25 18:55:18', '2026-04-25 19:00:11', '2026-04-25 19:13:11');
INSERT INTO OFFER (offer_id, trip_id, driver_id, status, sent_at, responded_at) VALUES (1780, 599, 45, 'accepted', '2026-04-25 18:52:28', '2026-04-25 18:55:18');
INSERT INTO PAYMENT (payment_id, trip_id, amount, platform_fee, driver_earnings, method, status, paid_at) VALUES (491, 599, 9.87, 1.97, 7.9, 'card', 'completed', '2026-04-25 19:15:11');
INSERT INTO TRIP (trip_id, rider_id, driver_id, vehicle_id, origin_lat, origin_lng, origin_address, dest_lat, dest_lng, dest_address, status, distance_km, duration_minutes, price_estimated, price_final, requested_at, accepted_at, started_at, finished_at) VALUES (600, 68, 5, 5, 40.4839622, -3.74985154, 'Callejón de Pastor Colomer 38, Madrid', 40.43024219, -3.67310722, 'Pasadizo Yéssica Olivé 34 Puerta 7 , Madrid', 'completed', 10.4, 25, 17.6, 16.59, '2026-04-25 18:51:51', '2026-04-25 18:55:13', '2026-04-25 18:59:27', '2026-04-25 19:24:27');
INSERT INTO OFFER (offer_id, trip_id, driver_id, status, sent_at, responded_at) VALUES (1781, 600, 5, 'accepted', '2026-04-25 18:51:55', '2026-04-25 18:55:13');
INSERT INTO PAYMENT (payment_id, trip_id, amount, platform_fee, driver_earnings, method, status, paid_at) VALUES (492, 600, 16.59, 3.32, 13.27, 'card', 'completed', '2026-04-25 19:27:27');

INSERT INTO TRIP (trip_id, rider_id, driver_id, vehicle_id, origin_lat, origin_lng, origin_address, dest_lat, dest_lng, dest_address, status, distance_km, duration_minutes, price_estimated, price_final, requested_at, accepted_at, started_at, finished_at) VALUES (601, 84, 10, 10, 40.47554619, -3.62479315, 'Via Federico Benítez 24, Madrid', 40.46359454, -3.65155876, 'Paseo de Eladio Segovia 89 Apt. 47 , Madrid', 'completed', 3.25, 7, 6.88, 6.55, '2026-04-25 18:50:46', '2026-04-25 18:54:37', '2026-04-25 19:03:03', '2026-04-25 19:10:03');
INSERT INTO OFFER (offer_id, trip_id, driver_id, status, sent_at, responded_at) VALUES (1782, 601, 10, 'accepted', '2026-04-25 18:50:48', '2026-04-25 18:54:37');
INSERT INTO OFFER (offer_id, trip_id, driver_id, status, sent_at, responded_at) VALUES (1783, 601, 18, 'rejected', '2026-04-25 18:50:51', '2026-04-25 18:51:16');
INSERT INTO OFFER (offer_id, trip_id, driver_id, status, sent_at, responded_at) VALUES (1784, 601, 46, 'expired', '2026-04-25 18:50:50', NULL);
INSERT INTO OFFER (offer_id, trip_id, driver_id, status, sent_at, responded_at) VALUES (1785, 601, 29, 'rejected', '2026-04-25 18:50:50', '2026-04-25 18:50:57');
INSERT INTO OFFER (offer_id, trip_id, driver_id, status, sent_at, responded_at) VALUES (1786, 601, 20, 'expired', '2026-04-25 18:50:48', NULL);
INSERT INTO PAYMENT (payment_id, trip_id, amount, platform_fee, driver_earnings, method, status, paid_at) VALUES (493, 601, 6.55, 1.31, 5.24, 'cash', 'pending', NULL);
INSERT INTO TRIP (trip_id, rider_id, driver_id, vehicle_id, origin_lat, origin_lng, origin_address, dest_lat, dest_lng, dest_address, status, distance_km, duration_minutes, price_estimated, price_final, requested_at, accepted_at, started_at, finished_at) VALUES (602, 28, 28, 28, 40.49344297, -3.64910124, 'Avenida de Angelino Roig 91 Puerta 5 , Madrid', 40.41093301, -3.71958837, 'Urbanización de Jose Ignacio Borja 29, Madrid', 'completed', 12.05, 28, 20.08, 18.87, '2026-04-25 18:51:12', '2026-04-25 18:52:15', '2026-04-25 19:00:44', '2026-04-25 19:28:44');
INSERT INTO OFFER (offer_id, trip_id, driver_id, status, sent_at, responded_at) VALUES (1787, 602, 28, 'accepted', '2026-04-25 18:51:13', '2026-04-25 18:52:15');
INSERT INTO OFFER (offer_id, trip_id, driver_id, status, sent_at, responded_at) VALUES (1788, 602, 44, 'expired', '2026-04-25 18:51:13', NULL);
INSERT INTO OFFER (offer_id, trip_id, driver_id, status, sent_at, responded_at) VALUES (1789, 602, 5, 'expired', '2026-04-25 18:51:16', NULL);
INSERT INTO OFFER (offer_id, trip_id, driver_id, status, sent_at, responded_at) VALUES (1790, 602, 36, 'expired', '2026-04-25 18:51:17', NULL);
INSERT INTO OFFER (offer_id, trip_id, driver_id, status, sent_at, responded_at) VALUES (1791, 602, 24, 'rejected', '2026-04-25 18:51:15', '2026-04-25 18:51:34');
INSERT INTO PAYMENT (payment_id, trip_id, amount, platform_fee, driver_earnings, method, status, paid_at) VALUES (494, 602, 18.87, 3.77, 15.1, 'card', 'pending', NULL);
INSERT INTO TRIP (trip_id, rider_id, driver_id, vehicle_id, origin_lat, origin_lng, origin_address, dest_lat, dest_lng, dest_address, status, distance_km, duration_minutes, price_estimated, price_final, requested_at, accepted_at, started_at, finished_at) VALUES (603, 54, 39, 39, 40.42118957, -3.63364582, 'Callejón de Amparo Vilanova 2, Madrid', 40.35612441, -3.70186122, 'Pasaje Julio César Martín 70, Madrid', 'in_progress', 10.46, NULL, 17.69, NULL, '2026-04-25 18:52:49', '2026-04-25 18:56:06', '2026-04-25 19:05:19', NULL);
INSERT INTO OFFER (offer_id, trip_id, driver_id, status, sent_at, responded_at) VALUES (1792, 603, 39, 'accepted', '2026-04-25 18:52:51', '2026-04-25 18:56:06');
INSERT INTO OFFER (offer_id, trip_id, driver_id, status, sent_at, responded_at) VALUES (1793, 603, 13, 'rejected', '2026-04-25 18:52:54', '2026-04-25 18:53:49');
INSERT INTO OFFER (offer_id, trip_id, driver_id, status, sent_at, responded_at) VALUES (1794, 603, 4, 'rejected', '2026-04-25 18:52:54', '2026-04-25 18:53:22');
INSERT INTO TRIP (trip_id, rider_id, driver_id, vehicle_id, origin_lat, origin_lng, origin_address, dest_lat, dest_lng, dest_address, status, distance_km, duration_minutes, price_estimated, price_final, requested_at, accepted_at, started_at, finished_at) VALUES (604, 12, 12, 12, 40.47144531, -3.73394402, 'Pasaje de Cornelio Caro 83 Puerta 7 , Madrid', 40.49178939, -3.64758128, 'Alameda de Saturnino Pardo 26 Apt. 77 , Madrid', 'completed', 9.85, 22, 16.77, 16.38, '2026-04-25 18:52:17', '2026-04-25 18:53:42', '2026-04-25 18:56:21', '2026-04-25 19:18:21');
INSERT INTO OFFER (offer_id, trip_id, driver_id, status, sent_at, responded_at) VALUES (1795, 604, 12, 'accepted', '2026-04-25 18:52:19', '2026-04-25 18:53:42');
INSERT INTO OFFER (offer_id, trip_id, driver_id, status, sent_at, responded_at) VALUES (1796, 604, 25, 'rejected', '2026-04-25 18:52:18', '2026-04-25 18:52:29');
INSERT INTO PAYMENT (payment_id, trip_id, amount, platform_fee, driver_earnings, method, status, paid_at) VALUES (495, 604, 16.38, 3.28, 13.1, 'wallet', 'pending', NULL);
INSERT INTO TRIP (trip_id, rider_id, driver_id, vehicle_id, origin_lat, origin_lng, origin_address, dest_lat, dest_lng, dest_address, status, distance_km, duration_minutes, price_estimated, price_final, requested_at, accepted_at, started_at, finished_at) VALUES (605, 65, 26, 26, 40.37755859, -3.7194013, 'C. de Aránzazu Garmendia 985, Madrid', 40.37611735, -3.67645131, 'Pasaje de Jordi Barrio 79 Piso 4 , Madrid', 'completed', 4.77, 11, 9.15, 9.28, '2026-04-25 18:51:44', '2026-04-25 18:53:08', '2026-04-25 19:02:49', '2026-04-25 19:13:49');
INSERT INTO OFFER (offer_id, trip_id, driver_id, status, sent_at, responded_at) VALUES (1797, 605, 26, 'accepted', '2026-04-25 18:51:47', '2026-04-25 18:53:08');
INSERT INTO PAYMENT (payment_id, trip_id, amount, platform_fee, driver_earnings, method, status, paid_at) VALUES (496, 605, 9.28, 1.86, 7.42, 'cash', 'completed', '2026-04-25 19:14:49');
INSERT INTO TRIP (trip_id, rider_id, driver_id, vehicle_id, origin_lat, origin_lng, origin_address, dest_lat, dest_lng, dest_address, status, distance_km, duration_minutes, price_estimated, price_final, requested_at, accepted_at, started_at, finished_at) VALUES (606, 73, 44, 44, 40.42590736, -3.7296713, 'Calle Beatriz Cámara 1, Madrid', 40.46166023, -3.73631576, 'Ronda Demetrio Pedrero 848 Apt. 96 , Madrid', 'completed', 4.04, 8, 8.06, 7.64, '2026-04-25 18:50:28', '2026-04-25 18:53:33', '2026-04-25 19:03:03', '2026-04-25 19:11:03');
INSERT INTO OFFER (offer_id, trip_id, driver_id, status, sent_at, responded_at) VALUES (1798, 606, 44, 'accepted', '2026-04-25 18:50:30', '2026-04-25 18:53:33');
INSERT INTO OFFER (offer_id, trip_id, driver_id, status, sent_at, responded_at) VALUES (1799, 606, 30, 'rejected', '2026-04-25 18:50:32', '2026-04-25 18:50:38');
INSERT INTO OFFER (offer_id, trip_id, driver_id, status, sent_at, responded_at) VALUES (1800, 606, 8, 'rejected', '2026-04-25 18:50:31', '2026-04-25 18:51:12');
INSERT INTO PAYMENT (payment_id, trip_id, amount, platform_fee, driver_earnings, method, status, paid_at) VALUES (497, 606, 7.64, 1.53, 6.11, 'cash', 'pending', NULL);
INSERT INTO TRIP (trip_id, rider_id, driver_id, vehicle_id, origin_lat, origin_lng, origin_address, dest_lat, dest_lng, dest_address, status, distance_km, duration_minutes, price_estimated, price_final, requested_at, accepted_at, started_at, finished_at) VALUES (607, 86, 25, 25, 40.47054221, -3.71980585, 'Vial Celestina Acedo 93 Piso 9 , Madrid', 40.37490813, -3.65066721, 'Pasaje Emilio Ortiz 53 Piso 4 , Madrid', 'completed', 13.1, 27, 21.65, 20.29, '2026-04-25 18:52:14', '2026-04-25 18:56:29', '2026-04-25 19:03:35', '2026-04-25 19:30:35');
INSERT INTO OFFER (offer_id, trip_id, driver_id, status, sent_at, responded_at) VALUES (1801, 607, 25, 'accepted', '2026-04-25 18:52:18', '2026-04-25 18:56:29');
INSERT INTO OFFER (offer_id, trip_id, driver_id, status, sent_at, responded_at) VALUES (1802, 607, 10, 'expired', '2026-04-25 18:52:17', NULL);
INSERT INTO OFFER (offer_id, trip_id, driver_id, status, sent_at, responded_at) VALUES (1803, 607, 5, 'rejected', '2026-04-25 18:52:19', '2026-04-25 18:53:00');
INSERT INTO PAYMENT (payment_id, trip_id, amount, platform_fee, driver_earnings, method, status, paid_at) VALUES (498, 607, 20.29, 4.06, 16.23, 'cash', 'completed', '2026-04-25 19:33:35');
INSERT INTO TRIP (trip_id, rider_id, driver_id, vehicle_id, origin_lat, origin_lng, origin_address, dest_lat, dest_lng, dest_address, status, distance_km, duration_minutes, price_estimated, price_final, requested_at, accepted_at, started_at, finished_at) VALUES (608, 17, 44, 44, 40.47771148, -3.65421493, 'Calle de Hilario Martí 76 Piso 8 , Madrid', 40.43796437, -3.65597601, 'Rambla de Eleuterio Díaz 5, Madrid', 'completed', 4.42, 7, 8.63, 8.71, '2026-04-25 18:50:22', '2026-04-25 18:53:57', '2026-04-25 18:59:13', '2026-04-25 19:06:13');
INSERT INTO OFFER (offer_id, trip_id, driver_id, status, sent_at, responded_at) VALUES (1804, 608, 44, 'accepted', '2026-04-25 18:50:26', '2026-04-25 18:53:57');
INSERT INTO OFFER (offer_id, trip_id, driver_id, status, sent_at, responded_at) VALUES (1805, 608, 29, 'expired', '2026-04-25 18:50:23', NULL);
INSERT INTO OFFER (offer_id, trip_id, driver_id, status, sent_at, responded_at) VALUES (1806, 608, 20, 'rejected', '2026-04-25 18:50:23', '2026-04-25 18:50:48');
INSERT INTO OFFER (offer_id, trip_id, driver_id, status, sent_at, responded_at) VALUES (1807, 608, 40, 'expired', '2026-04-25 18:50:25', NULL);
INSERT INTO PAYMENT (payment_id, trip_id, amount, platform_fee, driver_earnings, method, status, paid_at) VALUES (499, 608, 8.71, 1.74, 6.97, 'card', 'completed', '2026-04-25 19:07:13');
INSERT INTO TRIP (trip_id, rider_id, driver_id, vehicle_id, origin_lat, origin_lng, origin_address, dest_lat, dest_lng, dest_address, status, distance_km, duration_minutes, price_estimated, price_final, requested_at, accepted_at, started_at, finished_at) VALUES (609, 36, 28, 28, 40.38254172, -3.73340634, 'Urbanización Dolores Figueroa 67, Madrid', 40.49554251, -3.72191318, 'Pasaje de Cristóbal Pi 89 Apt. 85 , Madrid', 'completed', 12.61, 23, 20.91, 20.36, '2026-04-25 18:52:36', '2026-04-25 18:54:30', '2026-04-25 19:03:45', '2026-04-25 19:26:45');
INSERT INTO OFFER (offer_id, trip_id, driver_id, status, sent_at, responded_at) VALUES (1808, 609, 28, 'accepted', '2026-04-25 18:52:40', '2026-04-25 18:54:30');
INSERT INTO OFFER (offer_id, trip_id, driver_id, status, sent_at, responded_at) VALUES (1809, 609, 8, 'rejected', '2026-04-25 18:52:40', '2026-04-25 18:53:26');
INSERT INTO OFFER (offer_id, trip_id, driver_id, status, sent_at, responded_at) VALUES (1810, 609, 46, 'rejected', '2026-04-25 18:52:39', '2026-04-25 18:53:17');
INSERT INTO PAYMENT (payment_id, trip_id, amount, platform_fee, driver_earnings, method, status, paid_at) VALUES (500, 609, 20.36, 4.07, 16.29, 'wallet', 'completed', '2026-04-25 19:29:45');
INSERT INTO TRIP (trip_id, rider_id, driver_id, vehicle_id, origin_lat, origin_lng, origin_address, dest_lat, dest_lng, dest_address, status, distance_km, duration_minutes, price_estimated, price_final, requested_at, accepted_at, started_at, finished_at) VALUES (610, 88, 50, 50, 40.40578394, -3.60404791, 'Paseo de Maximino Galván 90 Puerta 9 , Madrid', 40.39243, -3.73357665, 'Camino de Albano Arroyo 11 Apt. 67 , Madrid', 'completed', 14.45, 33, 23.67, 25.43, '2026-04-25 18:52:44', '2026-04-25 18:55:32', '2026-04-25 19:02:05', '2026-04-25 19:35:05');
INSERT INTO OFFER (offer_id, trip_id, driver_id, status, sent_at, responded_at) VALUES (1811, 610, 50, 'accepted', '2026-04-25 18:52:48', '2026-04-25 18:55:32');
INSERT INTO PAYMENT (payment_id, trip_id, amount, platform_fee, driver_earnings, method, status, paid_at) VALUES (501, 610, 25.43, 5.09, 20.34, 'card', 'pending', NULL);

INSERT INTO TRIP (trip_id, rider_id, driver_id, vehicle_id, origin_lat, origin_lng, origin_address, dest_lat, dest_lng, dest_address, status, distance_km, duration_minutes, price_estimated, price_final, requested_at, accepted_at, started_at, finished_at) VALUES (611, 51, 9, 9, 40.47467083, -3.67185393, 'Paseo Juan Antonio Casado 7 Piso 3 , Madrid', 40.39722758, -3.64231003, 'Acceso Fidela Larrañaga 75, Madrid', 'completed', 9.2, 22, 15.8, 15.21, '2026-04-25 18:52:35', '2026-04-25 18:56:22', '2026-04-25 19:01:07', '2026-04-25 19:23:07');
INSERT INTO OFFER (offer_id, trip_id, driver_id, status, sent_at, responded_at) VALUES (1812, 611, 9, 'accepted', '2026-04-25 18:52:39', '2026-04-25 18:56:22');
INSERT INTO OFFER (offer_id, trip_id, driver_id, status, sent_at, responded_at) VALUES (1813, 611, 48, 'expired', '2026-04-25 18:52:40', NULL);
INSERT INTO OFFER (offer_id, trip_id, driver_id, status, sent_at, responded_at) VALUES (1814, 611, 32, 'expired', '2026-04-25 18:52:39', NULL);
INSERT INTO PAYMENT (payment_id, trip_id, amount, platform_fee, driver_earnings, method, status, paid_at) VALUES (502, 611, 15.21, 3.04, 12.17, 'card', 'completed', '2026-04-25 19:27:07');
INSERT INTO TRIP (trip_id, rider_id, driver_id, vehicle_id, origin_lat, origin_lng, origin_address, dest_lat, dest_lng, dest_address, status, distance_km, duration_minutes, price_estimated, price_final, requested_at, accepted_at, started_at, finished_at) VALUES (612, 18, 37, 37, 40.3645905, -3.67886245, 'Pasadizo de Hermenegildo Otero 23, Madrid', 40.47312327, -3.70471026, 'Avenida Noé Porta 12 Piso 8 , Madrid', 'completed', 12.38, 29, 20.57, 22.3, '2026-04-25 18:51:53', '2026-04-25 18:55:25', '2026-04-25 19:04:48', '2026-04-25 19:33:48');
INSERT INTO OFFER (offer_id, trip_id, driver_id, status, sent_at, responded_at) VALUES (1815, 612, 37, 'accepted', '2026-04-25 18:51:57', '2026-04-25 18:55:25');
INSERT INTO OFFER (offer_id, trip_id, driver_id, status, sent_at, responded_at) VALUES (1816, 612, 21, 'rejected', '2026-04-25 18:51:57', '2026-04-25 18:52:08');
INSERT INTO PAYMENT (payment_id, trip_id, amount, platform_fee, driver_earnings, method, status, paid_at) VALUES (503, 612, 22.3, 4.46, 17.84, 'cash', 'completed', '2026-04-25 19:33:48');
INSERT INTO TRIP (trip_id, rider_id, driver_id, vehicle_id, origin_lat, origin_lng, origin_address, dest_lat, dest_lng, dest_address, status, distance_km, duration_minutes, price_estimated, price_final, requested_at, accepted_at, started_at, finished_at) VALUES (613, 82, 31, 31, 40.39325424, -3.63893638, 'Via Hector Oliver 355 Apt. 77 , Madrid', 40.39653555, -3.61300931, 'Camino de Cristian Guardia 32, Madrid', 'completed', 2.9, 10, 6.35, 5.85, '2026-04-25 18:51:34', '2026-04-25 18:54:53', '2026-04-25 19:03:11', '2026-04-25 19:13:11');
INSERT INTO OFFER (offer_id, trip_id, driver_id, status, sent_at, responded_at) VALUES (1817, 613, 31, 'accepted', '2026-04-25 18:51:37', '2026-04-25 18:54:53');
INSERT INTO OFFER (offer_id, trip_id, driver_id, status, sent_at, responded_at) VALUES (1818, 613, 24, 'rejected', '2026-04-25 18:51:36', '2026-04-25 18:52:18');
INSERT INTO OFFER (offer_id, trip_id, driver_id, status, sent_at, responded_at) VALUES (1819, 613, 18, 'rejected', '2026-04-25 18:51:38', '2026-04-25 18:52:08');
INSERT INTO PAYMENT (payment_id, trip_id, amount, platform_fee, driver_earnings, method, status, paid_at) VALUES (504, 613, 5.85, 1.17, 4.68, 'cash', 'completed', '2026-04-25 19:18:11');
INSERT INTO TRIP (trip_id, rider_id, driver_id, vehicle_id, origin_lat, origin_lng, origin_address, dest_lat, dest_lng, dest_address, status, distance_km, duration_minutes, price_estimated, price_final, requested_at, accepted_at, started_at, finished_at) VALUES (614, 8, 43, 43, 40.44464778, -3.68010656, 'Ronda Ruy Alberdi 31, Madrid', 40.45163758, -3.7181394, 'Camino Rómulo Alberto 1 Puerta 2 , Madrid', 'cancelled', 4.29, NULL, 8.44, NULL, '2026-04-25 18:50:28', '2026-04-25 18:53:41', NULL, NULL);
INSERT INTO OFFER (offer_id, trip_id, driver_id, status, sent_at, responded_at) VALUES (1820, 614, 43, 'accepted', '2026-04-25 18:50:32', '2026-04-25 18:53:41');
INSERT INTO OFFER (offer_id, trip_id, driver_id, status, sent_at, responded_at) VALUES (1821, 614, 35, 'rejected', '2026-04-25 18:50:29', '2026-04-25 18:50:45');
INSERT INTO OFFER (offer_id, trip_id, driver_id, status, sent_at, responded_at) VALUES (1822, 614, 50, 'rejected', '2026-04-25 18:50:31', '2026-04-25 18:51:05');
INSERT INTO OFFER (offer_id, trip_id, driver_id, status, sent_at, responded_at) VALUES (1823, 614, 40, 'rejected', '2026-04-25 18:50:29', '2026-04-25 18:50:41');
INSERT INTO OFFER (offer_id, trip_id, driver_id, status, sent_at, responded_at) VALUES (1824, 614, 22, 'expired', '2026-04-25 18:50:29', NULL);
INSERT INTO TRIP (trip_id, rider_id, driver_id, vehicle_id, origin_lat, origin_lng, origin_address, dest_lat, dest_lng, dest_address, status, distance_km, duration_minutes, price_estimated, price_final, requested_at, accepted_at, started_at, finished_at) VALUES (615, 82, 38, 38, 40.44516667, -3.70243638, 'Camino Ildefonso Pedrero 93, Madrid', 40.48473501, -3.64929626, 'Alameda Hortensia Durán 2 Piso 5 , Madrid', 'completed', 7.35, 18, 13.02, 13.28, '2026-04-25 18:51:16', '2026-04-25 18:54:08', '2026-04-25 19:03:18', '2026-04-25 19:21:18');
INSERT INTO OFFER (offer_id, trip_id, driver_id, status, sent_at, responded_at) VALUES (1825, 615, 38, 'accepted', '2026-04-25 18:51:18', '2026-04-25 18:54:08');
INSERT INTO OFFER (offer_id, trip_id, driver_id, status, sent_at, responded_at) VALUES (1826, 615, 2, 'expired', '2026-04-25 18:51:19', NULL);
INSERT INTO OFFER (offer_id, trip_id, driver_id, status, sent_at, responded_at) VALUES (1827, 615, 41, 'expired', '2026-04-25 18:51:21', NULL);
INSERT INTO PAYMENT (payment_id, trip_id, amount, platform_fee, driver_earnings, method, status, paid_at) VALUES (505, 615, 13.28, 2.66, 10.62, 'wallet', 'pending', NULL);
INSERT INTO TRIP (trip_id, rider_id, driver_id, vehicle_id, origin_lat, origin_lng, origin_address, dest_lat, dest_lng, dest_address, status, distance_km, duration_minutes, price_estimated, price_final, requested_at, accepted_at, started_at, finished_at) VALUES (616, 78, 20, 20, 40.42911479, -3.69233101, 'Avenida de Florinda Díaz 69, Madrid', 40.4134531, -3.73822546, 'Cañada Eusebia Trujillo 763 Piso 2 , Madrid', 'completed', 5.38, 11, 10.07, 9.27, '2026-04-25 18:51:33', '2026-04-25 18:52:46', '2026-04-25 18:57:24', '2026-04-25 19:08:24');
INSERT INTO OFFER (offer_id, trip_id, driver_id, status, sent_at, responded_at) VALUES (1828, 616, 35, 'rejected', '2026-04-25 18:51:36', '2026-04-25 18:52:14');
INSERT INTO OFFER (offer_id, trip_id, driver_id, status, sent_at, responded_at) VALUES (1829, 616, 23, 'expired', '2026-04-25 18:51:34', NULL);
INSERT INTO OFFER (offer_id, trip_id, driver_id, status, sent_at, responded_at) VALUES (1830, 616, 16, 'expired', '2026-04-25 18:51:35', NULL);
INSERT INTO OFFER (offer_id, trip_id, driver_id, status, sent_at, responded_at) VALUES (1831, 616, 20, 'accepted', '2026-04-25 18:51:35', '2026-04-25 18:52:46');
INSERT INTO PAYMENT (payment_id, trip_id, amount, platform_fee, driver_earnings, method, status, paid_at) VALUES (506, 616, 9.27, 1.85, 7.42, 'card', 'pending', NULL);
INSERT INTO TRIP (trip_id, rider_id, driver_id, vehicle_id, origin_lat, origin_lng, origin_address, dest_lat, dest_lng, dest_address, status, distance_km, duration_minutes, price_estimated, price_final, requested_at, accepted_at, started_at, finished_at) VALUES (617, 35, 13, 13, 40.48549845, -3.69218042, 'Plaza de Ignacio Río 4 Puerta 1 , Madrid', 40.42504413, -3.74179941, 'Pasadizo de Asdrubal Paz 267 Piso 0 , Madrid', 'completed', 8.68, 18, 15.02, 14.13, '2026-04-25 18:52:30', '2026-04-25 18:57:16', '2026-04-25 19:01:21', '2026-04-25 19:19:21');
INSERT INTO OFFER (offer_id, trip_id, driver_id, status, sent_at, responded_at) VALUES (1832, 617, 13, 'accepted', '2026-04-25 18:52:32', '2026-04-25 18:57:16');
INSERT INTO OFFER (offer_id, trip_id, driver_id, status, sent_at, responded_at) VALUES (1833, 617, 47, 'expired', '2026-04-25 18:52:32', NULL);
INSERT INTO PAYMENT (payment_id, trip_id, amount, platform_fee, driver_earnings, method, status, paid_at) VALUES (507, 617, 14.13, 2.83, 11.3, 'card', 'completed', '2026-04-25 19:23:21');
INSERT INTO TRIP (trip_id, rider_id, driver_id, vehicle_id, origin_lat, origin_lng, origin_address, dest_lat, dest_lng, dest_address, status, distance_km, duration_minutes, price_estimated, price_final, requested_at, accepted_at, started_at, finished_at) VALUES (618, 50, 36, 36, 40.3638897, -3.66306588, 'Pasadizo de Ignacio Cruz 87, Madrid', 40.49636162, -3.7160931, 'Alameda Jennifer Santamaria 7 Piso 9 , Madrid', 'completed', 15.84, 30, 25.76, 24.07, '2026-04-25 18:52:35', '2026-04-25 18:56:07', '2026-04-25 19:04:32', '2026-04-25 19:34:32');
INSERT INTO OFFER (offer_id, trip_id, driver_id, status, sent_at, responded_at) VALUES (1834, 618, 36, 'accepted', '2026-04-25 18:52:39', '2026-04-25 18:56:07');
INSERT INTO OFFER (offer_id, trip_id, driver_id, status, sent_at, responded_at) VALUES (1835, 618, 5, 'rejected', '2026-04-25 18:52:38', '2026-04-25 18:53:15');
INSERT INTO OFFER (offer_id, trip_id, driver_id, status, sent_at, responded_at) VALUES (1836, 618, 32, 'expired', '2026-04-25 18:52:36', NULL);
INSERT INTO PAYMENT (payment_id, trip_id, amount, platform_fee, driver_earnings, method, status, paid_at) VALUES (508, 618, 24.07, 4.81, 19.26, 'wallet', 'completed', '2026-04-25 19:37:32');
INSERT INTO TRIP (trip_id, rider_id, driver_id, vehicle_id, origin_lat, origin_lng, origin_address, dest_lat, dest_lng, dest_address, status, distance_km, duration_minutes, price_estimated, price_final, requested_at, accepted_at, started_at, finished_at) VALUES (619, 74, 43, 43, 40.45882123, -3.63129043, 'Rambla Corona Gárate 54 Piso 4 , Madrid', 40.41122071, -3.74650399, 'Alameda Alexandra Morán 78 Apt. 00 , Madrid', 'completed', 13.84, 29, 22.76, 21.46, '2026-04-25 18:53:06', '2026-04-25 18:54:37', '2026-04-25 18:59:58', '2026-04-25 19:28:58');
INSERT INTO OFFER (offer_id, trip_id, driver_id, status, sent_at, responded_at) VALUES (1837, 619, 43, 'accepted', '2026-04-25 18:53:10', '2026-04-25 18:54:37');
INSERT INTO OFFER (offer_id, trip_id, driver_id, status, sent_at, responded_at) VALUES (1838, 619, 50, 'expired', '2026-04-25 18:53:07', NULL);
INSERT INTO OFFER (offer_id, trip_id, driver_id, status, sent_at, responded_at) VALUES (1839, 619, 47, 'rejected', '2026-04-25 18:53:10', '2026-04-25 18:53:56');
INSERT INTO OFFER (offer_id, trip_id, driver_id, status, sent_at, responded_at) VALUES (1840, 619, 20, 'expired', '2026-04-25 18:53:09', NULL);
INSERT INTO OFFER (offer_id, trip_id, driver_id, status, sent_at, responded_at) VALUES (1841, 619, 9, 'expired', '2026-04-25 18:53:11', NULL);
INSERT INTO PAYMENT (payment_id, trip_id, amount, platform_fee, driver_earnings, method, status, paid_at) VALUES (509, 619, 21.46, 4.29, 17.17, 'wallet', 'completed', '2026-04-25 19:33:58');
INSERT INTO TRIP (trip_id, rider_id, driver_id, vehicle_id, origin_lat, origin_lng, origin_address, dest_lat, dest_lng, dest_address, status, distance_km, duration_minutes, price_estimated, price_final, requested_at, accepted_at, started_at, finished_at) VALUES (620, 8, 19, 19, 40.45079286, -3.66083074, 'Glorieta de Esther Segura 10, Madrid', 40.37656136, -3.72078003, 'Glorieta Albert Uribe 839, Madrid', 'completed', 10.59, 24, 17.88, 16.16, '2026-04-25 18:50:37', '2026-04-25 18:52:51', '2026-04-25 19:01:27', '2026-04-25 19:25:27');
INSERT INTO OFFER (offer_id, trip_id, driver_id, status, sent_at, responded_at) VALUES (1842, 620, 19, 'accepted', '2026-04-25 18:50:39', '2026-04-25 18:52:51');
INSERT INTO OFFER (offer_id, trip_id, driver_id, status, sent_at, responded_at) VALUES (1843, 620, 48, 'expired', '2026-04-25 18:50:40', NULL);
INSERT INTO PAYMENT (payment_id, trip_id, amount, platform_fee, driver_earnings, method, status, paid_at) VALUES (510, 620, 16.16, 3.23, 12.93, 'card', 'completed', '2026-04-25 19:29:27');

INSERT INTO TRIP (trip_id, rider_id, driver_id, vehicle_id, origin_lat, origin_lng, origin_address, dest_lat, dest_lng, dest_address, status, distance_km, duration_minutes, price_estimated, price_final, requested_at, accepted_at, started_at, finished_at) VALUES (621, 2, 3, 3, 40.38294096, -3.60794191, 'Avenida de Chita Ibañez 62, Madrid', 40.35447523, -3.65701825, 'Cañada de Santos Marín 90 Piso 5 , Madrid', 'cancelled', 6.3, NULL, 11.45, NULL, '2026-04-25 18:50:31', '2026-04-25 18:52:04', NULL, NULL);
INSERT INTO OFFER (offer_id, trip_id, driver_id, status, sent_at, responded_at) VALUES (1844, 621, 3, 'accepted', '2026-04-25 18:50:36', '2026-04-25 18:52:04');
INSERT INTO OFFER (offer_id, trip_id, driver_id, status, sent_at, responded_at) VALUES (1845, 621, 25, 'rejected', '2026-04-25 18:50:35', '2026-04-25 18:50:59');
INSERT INTO OFFER (offer_id, trip_id, driver_id, status, sent_at, responded_at) VALUES (1846, 621, 43, 'expired', '2026-04-25 18:50:35', NULL);
INSERT INTO TRIP (trip_id, rider_id, driver_id, vehicle_id, origin_lat, origin_lng, origin_address, dest_lat, dest_lng, dest_address, status, distance_km, duration_minutes, price_estimated, price_final, requested_at, accepted_at, started_at, finished_at) VALUES (622, 94, 43, 43, 40.3844857, -3.69637511, 'Pasaje de Candelaria Velasco 163, Madrid', 40.46967434, -3.70896869, 'Ronda Dorotea Maza 93 Apt. 58 , Madrid', 'completed', 9.56, 24, 16.34, 16.59, '2026-04-25 18:50:19', '2026-04-25 18:53:31', '2026-04-25 18:58:19', '2026-04-25 19:22:19');
INSERT INTO OFFER (offer_id, trip_id, driver_id, status, sent_at, responded_at) VALUES (1847, 622, 43, 'accepted', '2026-04-25 18:50:20', '2026-04-25 18:53:31');
INSERT INTO OFFER (offer_id, trip_id, driver_id, status, sent_at, responded_at) VALUES (1848, 622, 7, 'expired', '2026-04-25 18:50:21', NULL);
INSERT INTO OFFER (offer_id, trip_id, driver_id, status, sent_at, responded_at) VALUES (1849, 622, 25, 'rejected', '2026-04-25 18:50:24', '2026-04-25 18:51:00');
INSERT INTO PAYMENT (payment_id, trip_id, amount, platform_fee, driver_earnings, method, status, paid_at) VALUES (511, 622, 16.59, 3.32, 13.27, 'wallet', 'pending', NULL);
INSERT INTO TRIP (trip_id, rider_id, driver_id, vehicle_id, origin_lat, origin_lng, origin_address, dest_lat, dest_lng, dest_address, status, distance_km, duration_minutes, price_estimated, price_final, requested_at, accepted_at, started_at, finished_at) VALUES (623, 100, 46, 46, 40.47501943, -3.72641051, 'Callejón de Chita Lopez 63, Madrid', 40.42558314, -3.60065221, 'Ronda Severiano Bou 552 Apt. 38 , Madrid', 'completed', 15.0, 29, 24.5, 26.09, '2026-04-25 18:52:44', '2026-04-25 18:55:54', '2026-04-25 19:00:57', '2026-04-25 19:29:57');
INSERT INTO OFFER (offer_id, trip_id, driver_id, status, sent_at, responded_at) VALUES (1850, 623, 46, 'accepted', '2026-04-25 18:52:47', '2026-04-25 18:55:54');
INSERT INTO OFFER (offer_id, trip_id, driver_id, status, sent_at, responded_at) VALUES (1851, 623, 50, 'rejected', '2026-04-25 18:52:49', '2026-04-25 18:53:40');
INSERT INTO OFFER (offer_id, trip_id, driver_id, status, sent_at, responded_at) VALUES (1852, 623, 47, 'expired', '2026-04-25 18:52:45', NULL);
INSERT INTO PAYMENT (payment_id, trip_id, amount, platform_fee, driver_earnings, method, status, paid_at) VALUES (512, 623, 26.09, 5.22, 20.87, 'wallet', 'completed', '2026-04-25 19:32:57');
INSERT INTO TRIP (trip_id, rider_id, driver_id, vehicle_id, origin_lat, origin_lng, origin_address, dest_lat, dest_lng, dest_address, status, distance_km, duration_minutes, price_estimated, price_final, requested_at, accepted_at, started_at, finished_at) VALUES (624, 9, NULL, NULL, 40.42530215, -3.6361163, 'Acceso de Iker Román 9 Puerta 1 , Madrid', 40.49762338, -3.74243681, 'Calle de Régulo Iglesias 608 Puerta 7 , Madrid', 'cancelled', 14.27, NULL, 23.41, NULL, '2026-04-25 18:52:19', NULL, NULL, NULL);
INSERT INTO OFFER (offer_id, trip_id, driver_id, status, sent_at, responded_at) VALUES (1853, 624, 2, 'rejected', '2026-04-25 18:52:22', '2026-04-25 18:52:58');
INSERT INTO OFFER (offer_id, trip_id, driver_id, status, sent_at, responded_at) VALUES (1854, 624, 44, 'expired', '2026-04-25 18:52:23', NULL);
INSERT INTO TRIP (trip_id, rider_id, driver_id, vehicle_id, origin_lat, origin_lng, origin_address, dest_lat, dest_lng, dest_address, status, distance_km, duration_minutes, price_estimated, price_final, requested_at, accepted_at, started_at, finished_at) VALUES (625, 46, 43, 43, 40.36740312, -3.65237282, 'Pasaje de Pablo Mascaró 46, Madrid', 40.39616089, -3.61006398, 'Acceso Lara Nevado 43, Madrid', 'completed', 5.68, 15, 10.52, 11.2, '2026-04-25 18:53:08', '2026-04-25 18:54:59', '2026-04-25 19:02:02', '2026-04-25 19:17:02');
INSERT INTO OFFER (offer_id, trip_id, driver_id, status, sent_at, responded_at) VALUES (1855, 625, 43, 'accepted', '2026-04-25 18:53:09', '2026-04-25 18:54:59');
INSERT INTO OFFER (offer_id, trip_id, driver_id, status, sent_at, responded_at) VALUES (1856, 625, 39, 'expired', '2026-04-25 18:53:12', NULL);
INSERT INTO OFFER (offer_id, trip_id, driver_id, status, sent_at, responded_at) VALUES (1857, 625, 38, 'rejected', '2026-04-25 18:53:11', '2026-04-25 18:53:20');
INSERT INTO OFFER (offer_id, trip_id, driver_id, status, sent_at, responded_at) VALUES (1858, 625, 35, 'rejected', '2026-04-25 18:53:12', '2026-04-25 18:53:20');
INSERT INTO PAYMENT (payment_id, trip_id, amount, platform_fee, driver_earnings, method, status, paid_at) VALUES (513, 625, 11.2, 2.24, 8.96, 'wallet', 'completed', '2026-04-25 19:20:02');
INSERT INTO TRIP (trip_id, rider_id, driver_id, vehicle_id, origin_lat, origin_lng, origin_address, dest_lat, dest_lng, dest_address, status, distance_km, duration_minutes, price_estimated, price_final, requested_at, accepted_at, started_at, finished_at) VALUES (626, 38, 6, 6, 40.43460844, -3.60280131, 'Alameda Clímaco Bauzà 150, Madrid', 40.3700354, -3.61811066, 'C. de Susana Valera 18, Madrid', 'completed', 7.37, 19, 13.05, 12.36, '2026-04-25 18:50:52', '2026-04-25 18:53:08', '2026-04-25 19:00:09', '2026-04-25 19:19:09');
INSERT INTO OFFER (offer_id, trip_id, driver_id, status, sent_at, responded_at) VALUES (1859, 626, 6, 'accepted', '2026-04-25 18:50:54', '2026-04-25 18:53:08');
INSERT INTO OFFER (offer_id, trip_id, driver_id, status, sent_at, responded_at) VALUES (1860, 626, 28, 'expired', '2026-04-25 18:50:55', NULL);
INSERT INTO PAYMENT (payment_id, trip_id, amount, platform_fee, driver_earnings, method, status, paid_at) VALUES (514, 626, 12.36, 2.47, 9.89, 'wallet', 'completed', '2026-04-25 19:23:09');
INSERT INTO TRIP (trip_id, rider_id, driver_id, vehicle_id, origin_lat, origin_lng, origin_address, dest_lat, dest_lng, dest_address, status, distance_km, duration_minutes, price_estimated, price_final, requested_at, accepted_at, started_at, finished_at) VALUES (627, 46, 46, 46, 40.38532213, -3.60003446, 'Cuesta Florencio Velasco 80 Apt. 45 , Madrid', 40.44010805, -3.63854085, 'Plaza de Jose Ignacio Machado 899 Piso 3 , Madrid', 'completed', 7.43, 12, 13.14, 14.06, '2026-04-25 18:51:23', '2026-04-25 18:53:57', '2026-04-25 18:58:20', '2026-04-25 19:10:20');
INSERT INTO OFFER (offer_id, trip_id, driver_id, status, sent_at, responded_at) VALUES (1861, 627, 46, 'accepted', '2026-04-25 18:51:26', '2026-04-25 18:53:57');
INSERT INTO PAYMENT (payment_id, trip_id, amount, platform_fee, driver_earnings, method, status, paid_at) VALUES (515, 627, 14.06, 2.81, 11.25, 'wallet', 'pending', NULL);
INSERT INTO TRIP (trip_id, rider_id, driver_id, vehicle_id, origin_lat, origin_lng, origin_address, dest_lat, dest_lng, dest_address, status, distance_km, duration_minutes, price_estimated, price_final, requested_at, accepted_at, started_at, finished_at) VALUES (628, 24, 5, 5, 40.45154968, -3.74145632, 'Rambla de Aurelia Ibáñez 189 Piso 0 , Madrid', 40.3762069, -3.63252266, 'Calle de Leyre Sánchez 10, Madrid', 'completed', 14.7, 33, 24.05, 23.57, '2026-04-25 18:53:02', '2026-04-25 18:56:30', '2026-04-25 19:00:44', '2026-04-25 19:33:44');
INSERT INTO OFFER (offer_id, trip_id, driver_id, status, sent_at, responded_at) VALUES (1862, 628, 5, 'accepted', '2026-04-25 18:53:04', '2026-04-25 18:56:30');
INSERT INTO OFFER (offer_id, trip_id, driver_id, status, sent_at, responded_at) VALUES (1863, 628, 13, 'rejected', '2026-04-25 18:53:06', '2026-04-25 18:53:41');
INSERT INTO PAYMENT (payment_id, trip_id, amount, platform_fee, driver_earnings, method, status, paid_at) VALUES (516, 628, 23.57, 4.71, 18.86, 'cash', 'completed', '2026-04-25 19:36:44');
INSERT INTO TRIP (trip_id, rider_id, driver_id, vehicle_id, origin_lat, origin_lng, origin_address, dest_lat, dest_lng, dest_address, status, distance_km, duration_minutes, price_estimated, price_final, requested_at, accepted_at, started_at, finished_at) VALUES (629, 23, 1, 1, 40.37816287, -3.66142182, 'Cuesta de Chucho Mulet 8 Piso 6 , Madrid', 40.44860677, -3.72683613, 'C. Amor Martí 9 Apt. 96 , Madrid', 'completed', 10.67, 24, 18.0, 18.85, '2026-04-25 18:52:25', '2026-04-25 18:56:38', '2026-04-25 19:05:48', '2026-04-25 19:29:48');
INSERT INTO OFFER (offer_id, trip_id, driver_id, status, sent_at, responded_at) VALUES (1864, 629, 1, 'accepted', '2026-04-25 18:52:26', '2026-04-25 18:56:38');
INSERT INTO OFFER (offer_id, trip_id, driver_id, status, sent_at, responded_at) VALUES (1865, 629, 16, 'expired', '2026-04-25 18:52:30', NULL);
INSERT INTO OFFER (offer_id, trip_id, driver_id, status, sent_at, responded_at) VALUES (1866, 629, 33, 'expired', '2026-04-25 18:52:28', NULL);
INSERT INTO PAYMENT (payment_id, trip_id, amount, platform_fee, driver_earnings, method, status, paid_at) VALUES (517, 629, 18.85, 3.77, 15.08, 'wallet', 'pending', NULL);
INSERT INTO TRIP (trip_id, rider_id, driver_id, vehicle_id, origin_lat, origin_lng, origin_address, dest_lat, dest_lng, dest_address, status, distance_km, duration_minutes, price_estimated, price_final, requested_at, accepted_at, started_at, finished_at) VALUES (630, 62, 48, 48, 40.46209762, -3.67151395, 'Urbanización Vito Manrique 5, Madrid', 40.45392566, -3.60338725, 'Via Pascuala Posada 249, Madrid', 'completed', 7.62, 20, 13.43, 12.9, '2026-04-25 18:50:16', '2026-04-25 18:51:30', '2026-04-25 18:59:49', '2026-04-25 19:19:49');
INSERT INTO OFFER (offer_id, trip_id, driver_id, status, sent_at, responded_at) VALUES (1867, 630, 48, 'accepted', '2026-04-25 18:50:19', '2026-04-25 18:51:30');
INSERT INTO OFFER (offer_id, trip_id, driver_id, status, sent_at, responded_at) VALUES (1868, 630, 36, 'rejected', '2026-04-25 18:50:19', '2026-04-25 18:51:11');
INSERT INTO PAYMENT (payment_id, trip_id, amount, platform_fee, driver_earnings, method, status, paid_at) VALUES (518, 630, 12.9, 2.58, 10.32, 'card', 'completed', '2026-04-25 19:20:49');

INSERT INTO TRIP (trip_id, rider_id, driver_id, vehicle_id, origin_lat, origin_lng, origin_address, dest_lat, dest_lng, dest_address, status, distance_km, duration_minutes, price_estimated, price_final, requested_at, accepted_at, started_at, finished_at) VALUES (631, 12, 42, 42, 40.4138978, -3.69863753, 'Acceso de Haroldo Escrivá 49, Madrid', 40.42128067, -3.68792829, 'Acceso de Jordana Cortina 62, Madrid', 'completed', 1.44, 4, 4.16, 4.51, '2026-04-25 18:51:08', '2026-04-25 18:53:56', '2026-04-25 19:02:24', '2026-04-25 19:06:24');
INSERT INTO OFFER (offer_id, trip_id, driver_id, status, sent_at, responded_at) VALUES (1869, 631, 42, 'accepted', '2026-04-25 18:51:13', '2026-04-25 18:53:56');
INSERT INTO OFFER (offer_id, trip_id, driver_id, status, sent_at, responded_at) VALUES (1870, 631, 24, 'rejected', '2026-04-25 18:51:12', '2026-04-25 18:51:51');
INSERT INTO OFFER (offer_id, trip_id, driver_id, status, sent_at, responded_at) VALUES (1871, 631, 5, 'rejected', '2026-04-25 18:51:12', '2026-04-25 18:51:34');
INSERT INTO PAYMENT (payment_id, trip_id, amount, platform_fee, driver_earnings, method, status, paid_at) VALUES (519, 631, 4.51, 0.9, 3.61, 'card', 'pending', NULL);
INSERT INTO TRIP (trip_id, rider_id, driver_id, vehicle_id, origin_lat, origin_lng, origin_address, dest_lat, dest_lng, dest_address, status, distance_km, duration_minutes, price_estimated, price_final, requested_at, accepted_at, started_at, finished_at) VALUES (632, 49, 44, 44, 40.451548, -3.64430491, 'Paseo Mar Camino 4 Piso 1 , Madrid', 40.35981052, -3.68563879, 'Paseo Rodrigo Alonso 74 Apt. 86 , Madrid', 'completed', 11.17, 22, 18.75, 18.55, '2026-04-25 18:53:11', '2026-04-25 18:56:10', '2026-04-25 18:59:31', '2026-04-25 19:21:31');
INSERT INTO OFFER (offer_id, trip_id, driver_id, status, sent_at, responded_at) VALUES (1872, 632, 44, 'accepted', '2026-04-25 18:53:13', '2026-04-25 18:56:10');
INSERT INTO OFFER (offer_id, trip_id, driver_id, status, sent_at, responded_at) VALUES (1873, 632, 23, 'expired', '2026-04-25 18:53:14', NULL);
INSERT INTO OFFER (offer_id, trip_id, driver_id, status, sent_at, responded_at) VALUES (1874, 632, 27, 'rejected', '2026-04-25 18:53:14', '2026-04-25 18:54:08');
INSERT INTO OFFER (offer_id, trip_id, driver_id, status, sent_at, responded_at) VALUES (1875, 632, 5, 'rejected', '2026-04-25 18:53:13', '2026-04-25 18:53:48');
INSERT INTO PAYMENT (payment_id, trip_id, amount, platform_fee, driver_earnings, method, status, paid_at) VALUES (520, 632, 18.55, 3.71, 14.84, 'wallet', 'completed', '2026-04-25 19:22:31');
INSERT INTO TRIP (trip_id, rider_id, driver_id, vehicle_id, origin_lat, origin_lng, origin_address, dest_lat, dest_lng, dest_address, status, distance_km, duration_minutes, price_estimated, price_final, requested_at, accepted_at, started_at, finished_at) VALUES (633, 42, 44, 44, 40.38484477, -3.6687588, 'Cuesta de Che Codina 64, Madrid', 40.40276626, -3.64679028, 'Vial de Galo Álvaro 10, Madrid', 'completed', 3.15, 11, 6.72, 7.16, '2026-04-25 18:52:25', '2026-04-25 18:54:03', '2026-04-25 18:59:06', '2026-04-25 19:10:06');
INSERT INTO OFFER (offer_id, trip_id, driver_id, status, sent_at, responded_at) VALUES (1876, 633, 44, 'accepted', '2026-04-25 18:52:26', '2026-04-25 18:54:03');
INSERT INTO OFFER (offer_id, trip_id, driver_id, status, sent_at, responded_at) VALUES (1877, 633, 33, 'rejected', '2026-04-25 18:52:26', '2026-04-25 18:52:49');
INSERT INTO OFFER (offer_id, trip_id, driver_id, status, sent_at, responded_at) VALUES (1878, 633, 49, 'expired', '2026-04-25 18:52:28', NULL);
INSERT INTO PAYMENT (payment_id, trip_id, amount, platform_fee, driver_earnings, method, status, paid_at) VALUES (521, 633, 7.16, 1.43, 5.73, 'card', 'completed', '2026-04-25 19:10:06');
INSERT INTO TRIP (trip_id, rider_id, driver_id, vehicle_id, origin_lat, origin_lng, origin_address, dest_lat, dest_lng, dest_address, status, distance_km, duration_minutes, price_estimated, price_final, requested_at, accepted_at, started_at, finished_at) VALUES (634, 39, 2, 2, 40.38847745, -3.66843798, 'Rambla Zoraida Pérez 23 Piso 3 , Madrid', 40.38181086, -3.69438771, 'Ronda Atilio Gargallo 99, Madrid', 'completed', 2.97, 7, 6.46, 6.01, '2026-04-25 18:50:55', '2026-04-25 18:55:14', '2026-04-25 19:05:05', '2026-04-25 19:12:05');
INSERT INTO OFFER (offer_id, trip_id, driver_id, status, sent_at, responded_at) VALUES (1879, 634, 2, 'accepted', '2026-04-25 18:51:00', '2026-04-25 18:55:14');
INSERT INTO OFFER (offer_id, trip_id, driver_id, status, sent_at, responded_at) VALUES (1880, 634, 4, 'expired', '2026-04-25 18:50:58', NULL);
INSERT INTO OFFER (offer_id, trip_id, driver_id, status, sent_at, responded_at) VALUES (1881, 634, 35, 'expired', '2026-04-25 18:50:57', NULL);
INSERT INTO PAYMENT (payment_id, trip_id, amount, platform_fee, driver_earnings, method, status, paid_at) VALUES (522, 634, 6.01, 1.2, 4.81, 'cash', 'completed', '2026-04-25 19:12:05');
INSERT INTO TRIP (trip_id, rider_id, driver_id, vehicle_id, origin_lat, origin_lng, origin_address, dest_lat, dest_lng, dest_address, status, distance_km, duration_minutes, price_estimated, price_final, requested_at, accepted_at, started_at, finished_at) VALUES (635, 79, 49, 49, 40.45636116, -3.61501385, 'Cuesta Febe Merino 675, Madrid', 40.37921588, -3.66805093, 'Camino Adrián Arce 67 Puerta 9 , Madrid', 'completed', 10.39, 21, 17.59, 17.66, '2026-04-25 18:51:00', '2026-04-25 18:52:38', '2026-04-25 18:59:25', '2026-04-25 19:20:25');
INSERT INTO OFFER (offer_id, trip_id, driver_id, status, sent_at, responded_at) VALUES (1882, 635, 49, 'accepted', '2026-04-25 18:51:02', '2026-04-25 18:52:38');
INSERT INTO OFFER (offer_id, trip_id, driver_id, status, sent_at, responded_at) VALUES (1883, 635, 13, 'expired', '2026-04-25 18:51:04', NULL);
INSERT INTO OFFER (offer_id, trip_id, driver_id, status, sent_at, responded_at) VALUES (1884, 635, 26, 'expired', '2026-04-25 18:51:05', NULL);
INSERT INTO OFFER (offer_id, trip_id, driver_id, status, sent_at, responded_at) VALUES (1885, 635, 29, 'expired', '2026-04-25 18:51:03', NULL);
INSERT INTO OFFER (offer_id, trip_id, driver_id, status, sent_at, responded_at) VALUES (1886, 635, 15, 'expired', '2026-04-25 18:51:03', NULL);
INSERT INTO PAYMENT (payment_id, trip_id, amount, platform_fee, driver_earnings, method, status, paid_at) VALUES (523, 635, 17.66, 3.53, 14.13, 'card', 'pending', NULL);
INSERT INTO TRIP (trip_id, rider_id, driver_id, vehicle_id, origin_lat, origin_lng, origin_address, dest_lat, dest_lng, dest_address, status, distance_km, duration_minutes, price_estimated, price_final, requested_at, accepted_at, started_at, finished_at) VALUES (636, 25, 48, 48, 40.47775842, -3.6996841, 'Via de Bárbara Español 476 Puerta 1 , Madrid', 40.47166957, -3.66092562, 'Acceso Fabiola Corbacho 59, Madrid', 'in_progress', 4.35, NULL, 8.52, NULL, '2026-04-25 18:51:05', '2026-04-25 18:54:21', '2026-04-25 19:00:29', NULL);
INSERT INTO OFFER (offer_id, trip_id, driver_id, status, sent_at, responded_at) VALUES (1887, 636, 48, 'accepted', '2026-04-25 18:51:06', '2026-04-25 18:54:21');
INSERT INTO OFFER (offer_id, trip_id, driver_id, status, sent_at, responded_at) VALUES (1888, 636, 41, 'expired', '2026-04-25 18:51:08', NULL);
INSERT INTO OFFER (offer_id, trip_id, driver_id, status, sent_at, responded_at) VALUES (1889, 636, 3, 'expired', '2026-04-25 18:51:10', NULL);
INSERT INTO OFFER (offer_id, trip_id, driver_id, status, sent_at, responded_at) VALUES (1890, 636, 17, 'rejected', '2026-04-25 18:51:06', '2026-04-25 18:51:18');
INSERT INTO OFFER (offer_id, trip_id, driver_id, status, sent_at, responded_at) VALUES (1891, 636, 40, 'rejected', '2026-04-25 18:51:07', '2026-04-25 18:52:02');
INSERT INTO TRIP (trip_id, rider_id, driver_id, vehicle_id, origin_lat, origin_lng, origin_address, dest_lat, dest_lng, dest_address, status, distance_km, duration_minutes, price_estimated, price_final, requested_at, accepted_at, started_at, finished_at) VALUES (637, 73, 39, 39, 40.3576709, -3.61151255, 'Vial de Adora Capdevila 9, Madrid', 40.40768986, -3.62599641, 'Avenida de Lupita Hoyos 725 Puerta 1 , Madrid', 'completed', 5.78, 15, 10.67, 9.95, '2026-04-25 18:52:27', '2026-04-25 18:57:09', '2026-04-25 19:00:10', '2026-04-25 19:15:10');
INSERT INTO OFFER (offer_id, trip_id, driver_id, status, sent_at, responded_at) VALUES (1892, 637, 39, 'accepted', '2026-04-25 18:52:30', '2026-04-25 18:57:09');
INSERT INTO OFFER (offer_id, trip_id, driver_id, status, sent_at, responded_at) VALUES (1893, 637, 45, 'expired', '2026-04-25 18:52:30', NULL);
INSERT INTO PAYMENT (payment_id, trip_id, amount, platform_fee, driver_earnings, method, status, paid_at) VALUES (524, 637, 9.95, 1.99, 7.96, 'card', 'completed', '2026-04-25 19:17:10');
INSERT INTO TRIP (trip_id, rider_id, driver_id, vehicle_id, origin_lat, origin_lng, origin_address, dest_lat, dest_lng, dest_address, status, distance_km, duration_minutes, price_estimated, price_final, requested_at, accepted_at, started_at, finished_at) VALUES (638, 20, 33, 33, 40.44230317, -3.69884653, 'Calle de Guiomar Manjón 48 Piso 8 , Madrid', 40.43697894, -3.7373715, 'Calle de Abilio Bustos 529, Madrid', 'completed', 4.32, 7, 8.48, 8.0, '2026-04-25 18:51:55', '2026-04-25 18:53:31', '2026-04-25 18:59:29', '2026-04-25 19:06:29');
INSERT INTO OFFER (offer_id, trip_id, driver_id, status, sent_at, responded_at) VALUES (1894, 638, 33, 'accepted', '2026-04-25 18:51:59', '2026-04-25 18:53:31');
INSERT INTO OFFER (offer_id, trip_id, driver_id, status, sent_at, responded_at) VALUES (1895, 638, 23, 'expired', '2026-04-25 18:51:57', NULL);
INSERT INTO OFFER (offer_id, trip_id, driver_id, status, sent_at, responded_at) VALUES (1896, 638, 13, 'expired', '2026-04-25 18:51:57', NULL);
INSERT INTO OFFER (offer_id, trip_id, driver_id, status, sent_at, responded_at) VALUES (1897, 638, 41, 'rejected', '2026-04-25 18:51:57', '2026-04-25 18:52:11');
INSERT INTO PAYMENT (payment_id, trip_id, amount, platform_fee, driver_earnings, method, status, paid_at) VALUES (525, 638, 8.0, 1.6, 6.4, 'card', 'pending', NULL);
INSERT INTO TRIP (trip_id, rider_id, driver_id, vehicle_id, origin_lat, origin_lng, origin_address, dest_lat, dest_lng, dest_address, status, distance_km, duration_minutes, price_estimated, price_final, requested_at, accepted_at, started_at, finished_at) VALUES (639, 40, 32, 32, 40.46986351, -3.65476704, 'Calle Carmela Talavera 582 Piso 2 , Madrid', 40.40680612, -3.68320523, 'Pasaje Coral Zabala 18, Madrid', 'completed', 7.68, 15, 13.52, 13.13, '2026-04-25 18:51:23', '2026-04-25 18:54:41', '2026-04-25 18:58:24', '2026-04-25 19:13:24');
INSERT INTO OFFER (offer_id, trip_id, driver_id, status, sent_at, responded_at) VALUES (1898, 639, 32, 'accepted', '2026-04-25 18:51:24', '2026-04-25 18:54:41');
INSERT INTO OFFER (offer_id, trip_id, driver_id, status, sent_at, responded_at) VALUES (1899, 639, 6, 'expired', '2026-04-25 18:51:25', NULL);
INSERT INTO OFFER (offer_id, trip_id, driver_id, status, sent_at, responded_at) VALUES (1900, 639, 16, 'expired', '2026-04-25 18:51:26', NULL);
INSERT INTO OFFER (offer_id, trip_id, driver_id, status, sent_at, responded_at) VALUES (1901, 639, 23, 'expired', '2026-04-25 18:51:28', NULL);
INSERT INTO OFFER (offer_id, trip_id, driver_id, status, sent_at, responded_at) VALUES (1902, 639, 21, 'expired', '2026-04-25 18:51:28', NULL);
INSERT INTO PAYMENT (payment_id, trip_id, amount, platform_fee, driver_earnings, method, status, paid_at) VALUES (526, 639, 13.13, 2.63, 10.5, 'card', 'completed', '2026-04-25 19:18:24');
INSERT INTO TRIP (trip_id, rider_id, driver_id, vehicle_id, origin_lat, origin_lng, origin_address, dest_lat, dest_lng, dest_address, status, distance_km, duration_minutes, price_estimated, price_final, requested_at, accepted_at, started_at, finished_at) VALUES (640, 40, NULL, NULL, 40.38082589, -3.62404388, 'Cañada Severiano Verdugo 199, Madrid', 40.47308139, -3.7107993, 'Pasadizo Enrique Aguilera 496, Madrid', 'cancelled', 14.06, NULL, 23.09, NULL, '2026-04-25 18:51:00', NULL, NULL, NULL);
INSERT INTO OFFER (offer_id, trip_id, driver_id, status, sent_at, responded_at) VALUES (1903, 640, 28, 'expired', '2026-04-25 18:51:02', NULL);
INSERT INTO OFFER (offer_id, trip_id, driver_id, status, sent_at, responded_at) VALUES (1904, 640, 33, 'expired', '2026-04-25 18:51:02', NULL);
INSERT INTO OFFER (offer_id, trip_id, driver_id, status, sent_at, responded_at) VALUES (1905, 640, 43, 'expired', '2026-04-25 18:51:05', NULL);
INSERT INTO OFFER (offer_id, trip_id, driver_id, status, sent_at, responded_at) VALUES (1906, 640, 15, 'rejected', '2026-04-25 18:51:03', '2026-04-25 18:51:13');

INSERT INTO TRIP (trip_id, rider_id, driver_id, vehicle_id, origin_lat, origin_lng, origin_address, dest_lat, dest_lng, dest_address, status, distance_km, duration_minutes, price_estimated, price_final, requested_at, accepted_at, started_at, finished_at) VALUES (641, 11, 27, 27, 40.46192766, -3.69503653, 'Callejón de Pablo Bauzà 19, Madrid', 40.41171786, -3.71775296, 'Plaza de Lupita Jove 8 Apt. 70 , Madrid', 'in_progress', 6.12, NULL, 11.18, NULL, '2026-04-25 18:51:49', '2026-04-25 18:55:12', '2026-04-25 19:04:31', NULL);
INSERT INTO OFFER (offer_id, trip_id, driver_id, status, sent_at, responded_at) VALUES (1907, 641, 27, 'accepted', '2026-04-25 18:51:50', '2026-04-25 18:55:12');
INSERT INTO OFFER (offer_id, trip_id, driver_id, status, sent_at, responded_at) VALUES (1908, 641, 18, 'rejected', '2026-04-25 18:51:52', '2026-04-25 18:52:23');
INSERT INTO OFFER (offer_id, trip_id, driver_id, status, sent_at, responded_at) VALUES (1909, 641, 42, 'rejected', '2026-04-25 18:51:52', '2026-04-25 18:52:06');
INSERT INTO TRIP (trip_id, rider_id, driver_id, vehicle_id, origin_lat, origin_lng, origin_address, dest_lat, dest_lng, dest_address, status, distance_km, duration_minutes, price_estimated, price_final, requested_at, accepted_at, started_at, finished_at) VALUES (642, 28, 35, 35, 40.36282603, -3.73980189, 'Cañada Leonardo Román 312, Madrid', 40.49011133, -3.61968055, 'Avenida Conrado Cabo 71, Madrid', 'completed', 19.43, 39, 31.14, 32.36, '2026-04-25 18:50:39', '2026-04-25 18:54:35', '2026-04-25 19:02:23', '2026-04-25 19:41:23');
INSERT INTO OFFER (offer_id, trip_id, driver_id, status, sent_at, responded_at) VALUES (1910, 642, 35, 'accepted', '2026-04-25 18:50:41', '2026-04-25 18:54:35');
INSERT INTO OFFER (offer_id, trip_id, driver_id, status, sent_at, responded_at) VALUES (1911, 642, 18, 'rejected', '2026-04-25 18:50:43', '2026-04-25 18:50:49');
INSERT INTO OFFER (offer_id, trip_id, driver_id, status, sent_at, responded_at) VALUES (1912, 642, 24, 'rejected', '2026-04-25 18:50:40', '2026-04-25 18:51:30');
INSERT INTO OFFER (offer_id, trip_id, driver_id, status, sent_at, responded_at) VALUES (1913, 642, 4, 'rejected', '2026-04-25 18:50:44', '2026-04-25 18:50:54');
INSERT INTO OFFER (offer_id, trip_id, driver_id, status, sent_at, responded_at) VALUES (1914, 642, 45, 'rejected', '2026-04-25 18:50:44', '2026-04-25 18:51:15');
INSERT INTO PAYMENT (payment_id, trip_id, amount, platform_fee, driver_earnings, method, status, paid_at) VALUES (527, 642, 32.36, 6.47, 25.89, 'card', 'completed', '2026-04-25 19:41:23');
INSERT INTO TRIP (trip_id, rider_id, driver_id, vehicle_id, origin_lat, origin_lng, origin_address, dest_lat, dest_lng, dest_address, status, distance_km, duration_minutes, price_estimated, price_final, requested_at, accepted_at, started_at, finished_at) VALUES (643, 29, 18, 18, 40.49509586, -3.68228331, 'C. de Lucila Esparza 14, Madrid', 40.36590396, -3.71505833, 'Avenida Berto Tello 31, Madrid', 'completed', 14.79, 31, 24.18, 24.15, '2026-04-25 18:51:20', '2026-04-25 18:52:30', '2026-04-25 18:59:00', '2026-04-25 19:30:00');
INSERT INTO OFFER (offer_id, trip_id, driver_id, status, sent_at, responded_at) VALUES (1915, 643, 18, 'accepted', '2026-04-25 18:51:23', '2026-04-25 18:52:30');
INSERT INTO PAYMENT (payment_id, trip_id, amount, platform_fee, driver_earnings, method, status, paid_at) VALUES (528, 643, 24.15, 4.83, 19.32, 'card', 'completed', '2026-04-25 19:35:00');
INSERT INTO TRIP (trip_id, rider_id, driver_id, vehicle_id, origin_lat, origin_lng, origin_address, dest_lat, dest_lng, dest_address, status, distance_km, duration_minutes, price_estimated, price_final, requested_at, accepted_at, started_at, finished_at) VALUES (644, 87, 49, 49, 40.37036852, -3.67765201, 'Alameda de Serafina Torrecilla 77 Piso 9 , Madrid', 40.47561122, -3.65414974, 'Paseo de Carmina Jaén 68 Puerta 3 , Madrid', 'completed', 11.97, 24, 19.96, 19.55, '2026-04-25 18:51:17', '2026-04-25 18:55:57', '2026-04-25 19:00:11', '2026-04-25 19:24:11');
INSERT INTO OFFER (offer_id, trip_id, driver_id, status, sent_at, responded_at) VALUES (1916, 644, 49, 'accepted', '2026-04-25 18:51:21', '2026-04-25 18:55:57');
INSERT INTO OFFER (offer_id, trip_id, driver_id, status, sent_at, responded_at) VALUES (1917, 644, 50, 'expired', '2026-04-25 18:51:21', NULL);
INSERT INTO OFFER (offer_id, trip_id, driver_id, status, sent_at, responded_at) VALUES (1918, 644, 41, 'expired', '2026-04-25 18:51:20', NULL);
INSERT INTO OFFER (offer_id, trip_id, driver_id, status, sent_at, responded_at) VALUES (1919, 644, 45, 'rejected', '2026-04-25 18:51:18', '2026-04-25 18:52:00');
INSERT INTO OFFER (offer_id, trip_id, driver_id, status, sent_at, responded_at) VALUES (1920, 644, 43, 'expired', '2026-04-25 18:51:21', NULL);
INSERT INTO PAYMENT (payment_id, trip_id, amount, platform_fee, driver_earnings, method, status, paid_at) VALUES (529, 644, 19.55, 3.91, 15.64, 'card', 'pending', NULL);
INSERT INTO TRIP (trip_id, rider_id, driver_id, vehicle_id, origin_lat, origin_lng, origin_address, dest_lat, dest_lng, dest_address, status, distance_km, duration_minutes, price_estimated, price_final, requested_at, accepted_at, started_at, finished_at) VALUES (645, 51, 20, 20, 40.4595596, -3.64181218, 'Alameda de Pepita Duran 654 Apt. 47 , Madrid', 40.3617185, -3.68763042, 'Pasadizo de Irma Ponce 53, Madrid', 'completed', 11.99, 24, 19.98, 20.36, '2026-04-25 18:50:38', '2026-04-25 18:52:58', '2026-04-25 19:01:07', '2026-04-25 19:25:07');
INSERT INTO OFFER (offer_id, trip_id, driver_id, status, sent_at, responded_at) VALUES (1921, 645, 20, 'accepted', '2026-04-25 18:50:40', '2026-04-25 18:52:58');
INSERT INTO OFFER (offer_id, trip_id, driver_id, status, sent_at, responded_at) VALUES (1922, 645, 13, 'rejected', '2026-04-25 18:50:43', '2026-04-25 18:51:20');
INSERT INTO OFFER (offer_id, trip_id, driver_id, status, sent_at, responded_at) VALUES (1923, 645, 37, 'expired', '2026-04-25 18:50:39', NULL);
INSERT INTO PAYMENT (payment_id, trip_id, amount, platform_fee, driver_earnings, method, status, paid_at) VALUES (530, 645, 20.36, 4.07, 16.29, 'card', 'pending', NULL);
INSERT INTO TRIP (trip_id, rider_id, driver_id, vehicle_id, origin_lat, origin_lng, origin_address, dest_lat, dest_lng, dest_address, status, distance_km, duration_minutes, price_estimated, price_final, requested_at, accepted_at, started_at, finished_at) VALUES (646, 27, 22, 22, 40.44714005, -3.61676456, 'Pasadizo de Gerardo Olivé 561 Puerta 1 , Madrid', 40.36688322, -3.72614461, 'Cañada de Maxi Aranda 1, Madrid', 'completed', 15.06, 31, 24.59, 24.38, '2026-04-25 18:51:38', '2026-04-25 18:54:11', '2026-04-25 19:00:44', '2026-04-25 19:31:44');
INSERT INTO OFFER (offer_id, trip_id, driver_id, status, sent_at, responded_at) VALUES (1924, 646, 22, 'accepted', '2026-04-25 18:51:40', '2026-04-25 18:54:11');
INSERT INTO OFFER (offer_id, trip_id, driver_id, status, sent_at, responded_at) VALUES (1925, 646, 6, 'rejected', '2026-04-25 18:51:43', '2026-04-25 18:52:35');
INSERT INTO PAYMENT (payment_id, trip_id, amount, platform_fee, driver_earnings, method, status, paid_at) VALUES (531, 646, 24.38, 4.88, 19.5, 'card', 'pending', NULL);
INSERT INTO TRIP (trip_id, rider_id, driver_id, vehicle_id, origin_lat, origin_lng, origin_address, dest_lat, dest_lng, dest_address, status, distance_km, duration_minutes, price_estimated, price_final, requested_at, accepted_at, started_at, finished_at) VALUES (647, 37, 41, 41, 40.43215736, -3.61678781, 'Pasaje de Candela Giménez 1 Apt. 21 , Madrid', 40.42771242, -3.71921319, 'Avenida Saturnino Manrique 507, Madrid', 'completed', 11.38, 27, 19.07, 17.93, '2026-04-25 18:51:53', '2026-04-25 18:56:10', '2026-04-25 19:01:16', '2026-04-25 19:28:16');
INSERT INTO OFFER (offer_id, trip_id, driver_id, status, sent_at, responded_at) VALUES (1926, 647, 41, 'accepted', '2026-04-25 18:51:55', '2026-04-25 18:56:10');
INSERT INTO OFFER (offer_id, trip_id, driver_id, status, sent_at, responded_at) VALUES (1927, 647, 42, 'expired', '2026-04-25 18:51:58', NULL);
INSERT INTO PAYMENT (payment_id, trip_id, amount, platform_fee, driver_earnings, method, status, paid_at) VALUES (532, 647, 17.93, 3.59, 14.34, 'card', 'completed', '2026-04-25 19:33:16');
INSERT INTO TRIP (trip_id, rider_id, driver_id, vehicle_id, origin_lat, origin_lng, origin_address, dest_lat, dest_lng, dest_address, status, distance_km, duration_minutes, price_estimated, price_final, requested_at, accepted_at, started_at, finished_at) VALUES (648, 69, 1, 1, 40.3876439, -3.70955609, 'Paseo de Pánfilo Somoza 88, Madrid', 40.41044651, -3.73733667, 'C. de Mercedes Gibert 977 Puerta 2 , Madrid', 'completed', 3.99, 8, 7.99, 8.47, '2026-04-25 18:50:36', '2026-04-25 18:54:28', '2026-04-25 19:01:21', '2026-04-25 19:09:21');
INSERT INTO OFFER (offer_id, trip_id, driver_id, status, sent_at, responded_at) VALUES (1928, 648, 1, 'accepted', '2026-04-25 18:50:39', '2026-04-25 18:54:28');
INSERT INTO OFFER (offer_id, trip_id, driver_id, status, sent_at, responded_at) VALUES (1929, 648, 22, 'expired', '2026-04-25 18:50:37', NULL);
INSERT INTO OFFER (offer_id, trip_id, driver_id, status, sent_at, responded_at) VALUES (1930, 648, 10, 'rejected', '2026-04-25 18:50:40', '2026-04-25 18:51:14');
INSERT INTO PAYMENT (payment_id, trip_id, amount, platform_fee, driver_earnings, method, status, paid_at) VALUES (533, 648, 8.47, 1.69, 6.78, 'cash', 'completed', '2026-04-25 19:10:21');
INSERT INTO TRIP (trip_id, rider_id, driver_id, vehicle_id, origin_lat, origin_lng, origin_address, dest_lat, dest_lng, dest_address, status, distance_km, duration_minutes, price_estimated, price_final, requested_at, accepted_at, started_at, finished_at) VALUES (649, 89, 50, 50, 40.43971445, -3.70302505, 'Paseo de Felix Leon 99, Madrid', 40.37594175, -3.71762848, 'Cuesta Germán Iriarte 40 Piso 2 , Madrid', 'completed', 7.26, 19, 12.89, 12.73, '2026-04-25 18:50:28', '2026-04-25 18:53:10', '2026-04-25 18:58:53', '2026-04-25 19:17:53');
INSERT INTO OFFER (offer_id, trip_id, driver_id, status, sent_at, responded_at) VALUES (1931, 649, 50, 'accepted', '2026-04-25 18:50:32', '2026-04-25 18:53:10');
INSERT INTO OFFER (offer_id, trip_id, driver_id, status, sent_at, responded_at) VALUES (1932, 649, 13, 'rejected', '2026-04-25 18:50:29', '2026-04-25 18:51:02');
INSERT INTO PAYMENT (payment_id, trip_id, amount, platform_fee, driver_earnings, method, status, paid_at) VALUES (534, 649, 12.73, 2.55, 10.18, 'card', 'pending', NULL);
INSERT INTO TRIP (trip_id, rider_id, driver_id, vehicle_id, origin_lat, origin_lng, origin_address, dest_lat, dest_lng, dest_address, status, distance_km, duration_minutes, price_estimated, price_final, requested_at, accepted_at, started_at, finished_at) VALUES (650, 50, 22, 22, 40.39176032, -3.64531364, 'Camino de Maristela Capdevila 8 Apt. 16 , Madrid', 40.41891394, -3.65219875, 'Alameda Roberta Villaverde 23 Puerta 0 , Madrid', 'completed', 3.11, 8, 6.67, 6.79, '2026-04-25 18:52:52', '2026-04-25 18:54:55', '2026-04-25 19:00:57', '2026-04-25 19:08:57');
INSERT INTO OFFER (offer_id, trip_id, driver_id, status, sent_at, responded_at) VALUES (1933, 650, 22, 'accepted', '2026-04-25 18:52:55', '2026-04-25 18:54:55');
INSERT INTO OFFER (offer_id, trip_id, driver_id, status, sent_at, responded_at) VALUES (1934, 650, 29, 'expired', '2026-04-25 18:52:55', NULL);
INSERT INTO OFFER (offer_id, trip_id, driver_id, status, sent_at, responded_at) VALUES (1935, 650, 20, 'rejected', '2026-04-25 18:52:54', '2026-04-25 18:53:26');
INSERT INTO OFFER (offer_id, trip_id, driver_id, status, sent_at, responded_at) VALUES (1936, 650, 13, 'expired', '2026-04-25 18:52:56', NULL);
INSERT INTO PAYMENT (payment_id, trip_id, amount, platform_fee, driver_earnings, method, status, paid_at) VALUES (535, 650, 6.79, 1.36, 5.43, 'wallet', 'completed', '2026-04-25 19:12:57');

INSERT INTO TRIP (trip_id, rider_id, driver_id, vehicle_id, origin_lat, origin_lng, origin_address, dest_lat, dest_lng, dest_address, status, distance_km, duration_minutes, price_estimated, price_final, requested_at, accepted_at, started_at, finished_at) VALUES (651, 60, 3, 3, 40.36479586, -3.60966784, 'Cuesta Bárbara Pedro 47 Piso 6 , Madrid', 40.37642552, -3.74207995, 'Vial de Florinda Bru 16 Piso 2 , Madrid', 'completed', 14.75, 28, 24.12, 25.03, '2026-04-25 18:51:27', '2026-04-25 18:53:48', '2026-04-25 18:58:36', '2026-04-25 19:26:36');
INSERT INTO OFFER (offer_id, trip_id, driver_id, status, sent_at, responded_at) VALUES (1937, 651, 3, 'accepted', '2026-04-25 18:51:28', '2026-04-25 18:53:48');
INSERT INTO OFFER (offer_id, trip_id, driver_id, status, sent_at, responded_at) VALUES (1938, 651, 4, 'rejected', '2026-04-25 18:51:28', '2026-04-25 18:52:18');
INSERT INTO OFFER (offer_id, trip_id, driver_id, status, sent_at, responded_at) VALUES (1939, 651, 29, 'rejected', '2026-04-25 18:51:28', '2026-04-25 18:51:38');
INSERT INTO PAYMENT (payment_id, trip_id, amount, platform_fee, driver_earnings, method, status, paid_at) VALUES (536, 651, 25.03, 5.01, 20.02, 'wallet', 'completed', '2026-04-25 19:26:36');
INSERT INTO TRIP (trip_id, rider_id, driver_id, vehicle_id, origin_lat, origin_lng, origin_address, dest_lat, dest_lng, dest_address, status, distance_km, duration_minutes, price_estimated, price_final, requested_at, accepted_at, started_at, finished_at) VALUES (652, 84, 47, 47, 40.37242097, -3.7110441, 'Callejón de Febe Plana 412, Madrid', 40.39185035, -3.63908457, 'Alameda Gema Cuéllar 91 Piso 1 , Madrid', 'completed', 8.27, 14, 14.4, 15.67, '2026-04-25 18:50:41', '2026-04-25 18:54:48', '2026-04-25 19:02:20', '2026-04-25 19:16:20');
INSERT INTO OFFER (offer_id, trip_id, driver_id, status, sent_at, responded_at) VALUES (1940, 652, 47, 'accepted', '2026-04-25 18:50:43', '2026-04-25 18:54:48');
INSERT INTO PAYMENT (payment_id, trip_id, amount, platform_fee, driver_earnings, method, status, paid_at) VALUES (537, 652, 15.67, 3.13, 12.54, 'cash', 'pending', NULL);
INSERT INTO TRIP (trip_id, rider_id, driver_id, vehicle_id, origin_lat, origin_lng, origin_address, dest_lat, dest_lng, dest_address, status, distance_km, duration_minutes, price_estimated, price_final, requested_at, accepted_at, started_at, finished_at) VALUES (653, 3, 40, 40, 40.43729039, -3.69140022, 'Plaza de Ignacia Mata 803 Piso 4 , Madrid', 40.44350937, -3.6807109, 'Urbanización Amanda Roda 19, Madrid', 'completed', 1.37, 6, 4.05, 3.94, '2026-04-25 18:51:17', '2026-04-25 18:52:35', '2026-04-25 18:57:58', '2026-04-25 19:03:58');
INSERT INTO OFFER (offer_id, trip_id, driver_id, status, sent_at, responded_at) VALUES (1941, 653, 40, 'accepted', '2026-04-25 18:51:21', '2026-04-25 18:52:35');
INSERT INTO OFFER (offer_id, trip_id, driver_id, status, sent_at, responded_at) VALUES (1942, 653, 8, 'expired', '2026-04-25 18:51:20', NULL);
INSERT INTO OFFER (offer_id, trip_id, driver_id, status, sent_at, responded_at) VALUES (1943, 653, 20, 'expired', '2026-04-25 18:51:22', NULL);
INSERT INTO PAYMENT (payment_id, trip_id, amount, platform_fee, driver_earnings, method, status, paid_at) VALUES (538, 653, 3.94, 0.79, 3.15, 'card', 'completed', '2026-04-25 19:07:58');
INSERT INTO TRIP (trip_id, rider_id, driver_id, vehicle_id, origin_lat, origin_lng, origin_address, dest_lat, dest_lng, dest_address, status, distance_km, duration_minutes, price_estimated, price_final, requested_at, accepted_at, started_at, finished_at) VALUES (654, 47, 35, 35, 40.49060729, -3.74083498, 'Calle Teresa Palomares 1 Puerta 0 , Madrid', 40.43249076, -3.66704477, 'Cuesta Prudencio Río 7 Piso 2 , Madrid', 'completed', 10.43, 23, 17.64, 18.48, '2026-04-25 18:51:39', '2026-04-25 18:56:29', '2026-04-25 19:04:30', '2026-04-25 19:27:30');
INSERT INTO OFFER (offer_id, trip_id, driver_id, status, sent_at, responded_at) VALUES (1944, 654, 35, 'accepted', '2026-04-25 18:51:44', '2026-04-25 18:56:29');
INSERT INTO OFFER (offer_id, trip_id, driver_id, status, sent_at, responded_at) VALUES (1945, 654, 14, 'rejected', '2026-04-25 18:51:42', '2026-04-25 18:52:35');
INSERT INTO OFFER (offer_id, trip_id, driver_id, status, sent_at, responded_at) VALUES (1946, 654, 8, 'rejected', '2026-04-25 18:51:40', '2026-04-25 18:52:11');
INSERT INTO OFFER (offer_id, trip_id, driver_id, status, sent_at, responded_at) VALUES (1947, 654, 25, 'expired', '2026-04-25 18:51:41', NULL);
INSERT INTO PAYMENT (payment_id, trip_id, amount, platform_fee, driver_earnings, method, status, paid_at) VALUES (539, 654, 18.48, 3.7, 14.78, 'cash', 'completed', '2026-04-25 19:27:30');
INSERT INTO TRIP (trip_id, rider_id, driver_id, vehicle_id, origin_lat, origin_lng, origin_address, dest_lat, dest_lng, dest_address, status, distance_km, duration_minutes, price_estimated, price_final, requested_at, accepted_at, started_at, finished_at) VALUES (655, 28, 42, 42, 40.3733791, -3.68027248, 'Pasadizo Ofelia Aguiló 520, Madrid', 40.39853034, -3.74325694, 'Alameda Alejandra Lladó 96 Apt. 32 , Madrid', 'completed', 7.53, 15, 13.29, 13.13, '2026-04-25 18:52:44', '2026-04-25 18:53:53', '2026-04-25 18:58:21', '2026-04-25 19:13:21');
INSERT INTO OFFER (offer_id, trip_id, driver_id, status, sent_at, responded_at) VALUES (1948, 655, 42, 'accepted', '2026-04-25 18:52:45', '2026-04-25 18:53:53');
INSERT INTO OFFER (offer_id, trip_id, driver_id, status, sent_at, responded_at) VALUES (1949, 655, 36, 'rejected', '2026-04-25 18:52:45', '2026-04-25 18:53:22');
INSERT INTO OFFER (offer_id, trip_id, driver_id, status, sent_at, responded_at) VALUES (1950, 655, 5, 'rejected', '2026-04-25 18:52:45', '2026-04-25 18:53:11');
INSERT INTO OFFER (offer_id, trip_id, driver_id, status, sent_at, responded_at) VALUES (1951, 655, 26, 'expired', '2026-04-25 18:52:47', NULL);
INSERT INTO PAYMENT (payment_id, trip_id, amount, platform_fee, driver_earnings, method, status, paid_at) VALUES (540, 655, 13.13, 2.63, 10.5, 'cash', 'pending', NULL);
INSERT INTO TRIP (trip_id, rider_id, driver_id, vehicle_id, origin_lat, origin_lng, origin_address, dest_lat, dest_lng, dest_address, status, distance_km, duration_minutes, price_estimated, price_final, requested_at, accepted_at, started_at, finished_at) VALUES (656, 83, 13, 13, 40.43335534, -3.72566689, 'Pasadizo Hipólito Aragonés 1 Piso 6 , Madrid', 40.35460342, -3.72204802, 'Acceso Hilda Escamilla 621, Madrid', 'completed', 8.75, 21, 15.12, 16.07, '2026-04-25 18:50:36', '2026-04-25 18:52:53', '2026-04-25 18:55:33', '2026-04-25 19:16:33');
INSERT INTO OFFER (offer_id, trip_id, driver_id, status, sent_at, responded_at) VALUES (1952, 656, 17, 'expired', '2026-04-25 18:50:40', NULL);
INSERT INTO OFFER (offer_id, trip_id, driver_id, status, sent_at, responded_at) VALUES (1953, 656, 45, 'rejected', '2026-04-25 18:50:37', '2026-04-25 18:51:16');
INSERT INTO OFFER (offer_id, trip_id, driver_id, status, sent_at, responded_at) VALUES (1954, 656, 13, 'accepted', '2026-04-25 18:50:39', '2026-04-25 18:52:53');
INSERT INTO OFFER (offer_id, trip_id, driver_id, status, sent_at, responded_at) VALUES (1955, 656, 37, 'expired', '2026-04-25 18:50:39', NULL);
INSERT INTO OFFER (offer_id, trip_id, driver_id, status, sent_at, responded_at) VALUES (1956, 656, 5, 'rejected', '2026-04-25 18:50:40', '2026-04-25 18:51:31');
INSERT INTO PAYMENT (payment_id, trip_id, amount, platform_fee, driver_earnings, method, status, paid_at) VALUES (541, 656, 16.07, 3.21, 12.86, 'wallet', 'completed', '2026-04-25 19:21:33');
INSERT INTO TRIP (trip_id, rider_id, driver_id, vehicle_id, origin_lat, origin_lng, origin_address, dest_lat, dest_lng, dest_address, status, distance_km, duration_minutes, price_estimated, price_final, requested_at, accepted_at, started_at, finished_at) VALUES (657, 98, 3, 3, 40.3622429, -3.63556783, 'Paseo de María Teresa Soriano 742 Apt. 74 , Madrid', 40.46790575, -3.62268626, 'Alameda de Omar Arregui 4, Madrid', 'completed', 11.82, 26, 19.73, 19.47, '2026-04-25 18:53:03', '2026-04-25 18:54:46', '2026-04-25 18:58:39', '2026-04-25 19:24:39');
INSERT INTO OFFER (offer_id, trip_id, driver_id, status, sent_at, responded_at) VALUES (1957, 657, 3, 'accepted', '2026-04-25 18:53:08', '2026-04-25 18:54:46');
INSERT INTO OFFER (offer_id, trip_id, driver_id, status, sent_at, responded_at) VALUES (1958, 657, 33, 'rejected', '2026-04-25 18:53:06', '2026-04-25 18:53:56');
INSERT INTO OFFER (offer_id, trip_id, driver_id, status, sent_at, responded_at) VALUES (1959, 657, 13, 'rejected', '2026-04-25 18:53:05', '2026-04-25 18:53:54');
INSERT INTO OFFER (offer_id, trip_id, driver_id, status, sent_at, responded_at) VALUES (1960, 657, 22, 'rejected', '2026-04-25 18:53:05', '2026-04-25 18:53:40');
INSERT INTO PAYMENT (payment_id, trip_id, amount, platform_fee, driver_earnings, method, status, paid_at) VALUES (542, 657, 19.47, 3.89, 15.58, 'card', 'completed', '2026-04-25 19:27:39');
INSERT INTO TRIP (trip_id, rider_id, driver_id, vehicle_id, origin_lat, origin_lng, origin_address, dest_lat, dest_lng, dest_address, status, distance_km, duration_minutes, price_estimated, price_final, requested_at, accepted_at, started_at, finished_at) VALUES (658, 6, 16, 16, 40.36733525, -3.65316789, 'Vial Lara Raya 11 Apt. 49 , Madrid', 40.3929173, -3.74985856, 'Urbanización Elodia Neira 3, Madrid', 'completed', 11.1, 20, 18.65, 19.09, '2026-04-25 18:51:23', '2026-04-25 18:52:37', '2026-04-25 19:01:15', '2026-04-25 19:21:15');
INSERT INTO OFFER (offer_id, trip_id, driver_id, status, sent_at, responded_at) VALUES (1961, 658, 16, 'accepted', '2026-04-25 18:51:27', '2026-04-25 18:52:37');
INSERT INTO OFFER (offer_id, trip_id, driver_id, status, sent_at, responded_at) VALUES (1962, 658, 49, 'rejected', '2026-04-25 18:51:26', '2026-04-25 18:51:50');
INSERT INTO OFFER (offer_id, trip_id, driver_id, status, sent_at, responded_at) VALUES (1963, 658, 18, 'expired', '2026-04-25 18:51:28', NULL);
INSERT INTO OFFER (offer_id, trip_id, driver_id, status, sent_at, responded_at) VALUES (1964, 658, 5, 'rejected', '2026-04-25 18:51:27', '2026-04-25 18:51:42');
INSERT INTO PAYMENT (payment_id, trip_id, amount, platform_fee, driver_earnings, method, status, paid_at) VALUES (543, 658, 19.09, 3.82, 15.27, 'card', 'completed', '2026-04-25 19:22:15');
INSERT INTO TRIP (trip_id, rider_id, driver_id, vehicle_id, origin_lat, origin_lng, origin_address, dest_lat, dest_lng, dest_address, status, distance_km, duration_minutes, price_estimated, price_final, requested_at, accepted_at, started_at, finished_at) VALUES (659, 1, 12, 12, 40.43460908, -3.60961991, 'Rambla María Manuela Ricart 42 Puerta 2 , Madrid', 40.49696774, -3.69546525, 'Cañada de Laura Mendizábal 21, Madrid', 'completed', 11.78, 27, 19.67, 20.14, '2026-04-25 18:51:04', '2026-04-25 18:54:20', '2026-04-25 19:03:34', '2026-04-25 19:30:34');
INSERT INTO OFFER (offer_id, trip_id, driver_id, status, sent_at, responded_at) VALUES (1965, 659, 12, 'accepted', '2026-04-25 18:51:07', '2026-04-25 18:54:20');
INSERT INTO OFFER (offer_id, trip_id, driver_id, status, sent_at, responded_at) VALUES (1966, 659, 46, 'expired', '2026-04-25 18:51:07', NULL);
INSERT INTO OFFER (offer_id, trip_id, driver_id, status, sent_at, responded_at) VALUES (1967, 659, 29, 'rejected', '2026-04-25 18:51:06', '2026-04-25 18:51:23');
INSERT INTO OFFER (offer_id, trip_id, driver_id, status, sent_at, responded_at) VALUES (1968, 659, 47, 'expired', '2026-04-25 18:51:08', NULL);
INSERT INTO OFFER (offer_id, trip_id, driver_id, status, sent_at, responded_at) VALUES (1969, 659, 14, 'expired', '2026-04-25 18:51:07', NULL);
INSERT INTO PAYMENT (payment_id, trip_id, amount, platform_fee, driver_earnings, method, status, paid_at) VALUES (544, 659, 20.14, 4.03, 16.11, 'card', 'completed', '2026-04-25 19:35:34');
INSERT INTO TRIP (trip_id, rider_id, driver_id, vehicle_id, origin_lat, origin_lng, origin_address, dest_lat, dest_lng, dest_address, status, distance_km, duration_minutes, price_estimated, price_final, requested_at, accepted_at, started_at, finished_at) VALUES (660, 34, 47, 47, 40.39346673, -3.74923513, 'Glorieta Valerio Casals 86, Madrid', 40.4974071, -3.65452097, 'Ronda Casandra Ledesma 88 Apt. 96 , Madrid', 'completed', 15.61, 35, 25.41, 25.31, '2026-04-25 18:50:23', '2026-04-25 18:51:40', '2026-04-25 18:58:29', '2026-04-25 19:33:29');
INSERT INTO OFFER (offer_id, trip_id, driver_id, status, sent_at, responded_at) VALUES (1970, 660, 47, 'accepted', '2026-04-25 18:50:24', '2026-04-25 18:51:40');
INSERT INTO OFFER (offer_id, trip_id, driver_id, status, sent_at, responded_at) VALUES (1971, 660, 1, 'expired', '2026-04-25 18:50:26', NULL);
INSERT INTO OFFER (offer_id, trip_id, driver_id, status, sent_at, responded_at) VALUES (1972, 660, 41, 'expired', '2026-04-25 18:50:25', NULL);
INSERT INTO OFFER (offer_id, trip_id, driver_id, status, sent_at, responded_at) VALUES (1973, 660, 20, 'expired', '2026-04-25 18:50:26', NULL);
INSERT INTO OFFER (offer_id, trip_id, driver_id, status, sent_at, responded_at) VALUES (1974, 660, 50, 'rejected', '2026-04-25 18:50:25', '2026-04-25 18:50:56');
INSERT INTO PAYMENT (payment_id, trip_id, amount, platform_fee, driver_earnings, method, status, paid_at) VALUES (545, 660, 25.31, 5.06, 20.25, 'card', 'completed', '2026-04-25 19:34:29');

INSERT INTO TRIP (trip_id, rider_id, driver_id, vehicle_id, origin_lat, origin_lng, origin_address, dest_lat, dest_lng, dest_address, status, distance_km, duration_minutes, price_estimated, price_final, requested_at, accepted_at, started_at, finished_at) VALUES (661, 22, 26, 26, 40.47916358, -3.67608265, 'Rambla Obdulia Cáceres 2, Madrid', 40.44014282, -3.73353139, 'Cañada Judith Rosado 33, Madrid', 'completed', 7.71, 17, 13.56, 12.56, '2026-04-25 18:51:41', '2026-04-25 18:52:42', '2026-04-25 18:56:17', '2026-04-25 19:13:17');
INSERT INTO OFFER (offer_id, trip_id, driver_id, status, sent_at, responded_at) VALUES (1975, 661, 26, 'accepted', '2026-04-25 18:51:45', '2026-04-25 18:52:42');
INSERT INTO OFFER (offer_id, trip_id, driver_id, status, sent_at, responded_at) VALUES (1976, 661, 47, 'rejected', '2026-04-25 18:51:43', '2026-04-25 18:52:30');
INSERT INTO OFFER (offer_id, trip_id, driver_id, status, sent_at, responded_at) VALUES (1977, 661, 4, 'rejected', '2026-04-25 18:51:46', '2026-04-25 18:52:41');
INSERT INTO PAYMENT (payment_id, trip_id, amount, platform_fee, driver_earnings, method, status, paid_at) VALUES (546, 661, 12.56, 2.51, 10.05, 'wallet', 'completed', '2026-04-25 19:14:17');
INSERT INTO TRIP (trip_id, rider_id, driver_id, vehicle_id, origin_lat, origin_lng, origin_address, dest_lat, dest_lng, dest_address, status, distance_km, duration_minutes, price_estimated, price_final, requested_at, accepted_at, started_at, finished_at) VALUES (662, 72, 20, 20, 40.4046928, -3.61611606, 'Pasaje de Marisa Diaz 784, Madrid', 40.42532361, -3.74379522, 'Rambla de Abraham Hernández 473 Piso 5 , Madrid', 'completed', 14.36, 28, 23.54, 23.38, '2026-04-25 18:51:26', '2026-04-25 18:53:56', '2026-04-25 18:59:29', '2026-04-25 19:27:29');
INSERT INTO OFFER (offer_id, trip_id, driver_id, status, sent_at, responded_at) VALUES (1978, 662, 20, 'accepted', '2026-04-25 18:51:29', '2026-04-25 18:53:56');
INSERT INTO OFFER (offer_id, trip_id, driver_id, status, sent_at, responded_at) VALUES (1979, 662, 45, 'expired', '2026-04-25 18:51:27', NULL);
INSERT INTO OFFER (offer_id, trip_id, driver_id, status, sent_at, responded_at) VALUES (1980, 662, 28, 'rejected', '2026-04-25 18:51:27', '2026-04-25 18:52:16');
INSERT INTO OFFER (offer_id, trip_id, driver_id, status, sent_at, responded_at) VALUES (1981, 662, 50, 'expired', '2026-04-25 18:51:27', NULL);
INSERT INTO PAYMENT (payment_id, trip_id, amount, platform_fee, driver_earnings, method, status, paid_at) VALUES (547, 662, 23.38, 4.68, 18.7, 'card', 'completed', '2026-04-25 19:28:29');
INSERT INTO TRIP (trip_id, rider_id, driver_id, vehicle_id, origin_lat, origin_lng, origin_address, dest_lat, dest_lng, dest_address, status, distance_km, duration_minutes, price_estimated, price_final, requested_at, accepted_at, started_at, finished_at) VALUES (663, 3, 15, 15, 40.41823217, -3.67228683, 'Via de Íngrid Cifuentes 56 Puerta 1 , Madrid', 40.35148196, -3.66287169, 'Camino de Edelmiro Lledó 16, Madrid', 'completed', 7.48, 13, 13.22, 14.47, '2026-04-25 18:51:11', '2026-04-25 18:52:19', '2026-04-25 18:58:59', '2026-04-25 19:11:59');
INSERT INTO OFFER (offer_id, trip_id, driver_id, status, sent_at, responded_at) VALUES (1982, 663, 15, 'accepted', '2026-04-25 18:51:13', '2026-04-25 18:52:19');
INSERT INTO OFFER (offer_id, trip_id, driver_id, status, sent_at, responded_at) VALUES (1983, 663, 45, 'rejected', '2026-04-25 18:51:16', '2026-04-25 18:51:24');
INSERT INTO PAYMENT (payment_id, trip_id, amount, platform_fee, driver_earnings, method, status, paid_at) VALUES (548, 663, 14.47, 2.89, 11.58, 'card', 'pending', NULL);
INSERT INTO TRIP (trip_id, rider_id, driver_id, vehicle_id, origin_lat, origin_lng, origin_address, dest_lat, dest_lng, dest_address, status, distance_km, duration_minutes, price_estimated, price_final, requested_at, accepted_at, started_at, finished_at) VALUES (664, 77, 16, 16, 40.47268042, -3.60222342, 'Pasadizo Gervasio Arrieta 652 Piso 4 , Madrid', 40.48113333, -3.63284538, 'Alameda Eloísa Casares 5, Madrid', 'completed', 3.53, 5, 7.29, 7.47, '2026-04-25 18:52:16', '2026-04-25 18:56:38', '2026-04-25 19:04:41', '2026-04-25 19:09:41');
INSERT INTO OFFER (offer_id, trip_id, driver_id, status, sent_at, responded_at) VALUES (1984, 664, 16, 'accepted', '2026-04-25 18:52:21', '2026-04-25 18:56:38');
INSERT INTO OFFER (offer_id, trip_id, driver_id, status, sent_at, responded_at) VALUES (1985, 664, 39, 'rejected', '2026-04-25 18:52:19', '2026-04-25 18:53:08');
INSERT INTO OFFER (offer_id, trip_id, driver_id, status, sent_at, responded_at) VALUES (1986, 664, 27, 'expired', '2026-04-25 18:52:21', NULL);
INSERT INTO OFFER (offer_id, trip_id, driver_id, status, sent_at, responded_at) VALUES (1987, 664, 46, 'expired', '2026-04-25 18:52:21', NULL);
INSERT INTO PAYMENT (payment_id, trip_id, amount, platform_fee, driver_earnings, method, status, paid_at) VALUES (549, 664, 7.47, 1.49, 5.98, 'cash', 'completed', '2026-04-25 19:10:41');
INSERT INTO TRIP (trip_id, rider_id, driver_id, vehicle_id, origin_lat, origin_lng, origin_address, dest_lat, dest_lng, dest_address, status, distance_km, duration_minutes, price_estimated, price_final, requested_at, accepted_at, started_at, finished_at) VALUES (665, 87, 34, 34, 40.35765216, -3.64116483, 'Avenida de Rómulo Jáuregui 88 Puerta 3 , Madrid', 40.36624584, -3.69392181, 'Camino Rosendo Porras 16 Puerta 8 , Madrid', 'completed', 5.93, 9, 10.89, 10.19, '2026-04-25 18:51:04', '2026-04-25 18:54:48', '2026-04-25 18:57:36', '2026-04-25 19:06:36');
INSERT INTO OFFER (offer_id, trip_id, driver_id, status, sent_at, responded_at) VALUES (1988, 665, 34, 'accepted', '2026-04-25 18:51:05', '2026-04-25 18:54:48');
INSERT INTO OFFER (offer_id, trip_id, driver_id, status, sent_at, responded_at) VALUES (1989, 665, 46, 'expired', '2026-04-25 18:51:07', NULL);
INSERT INTO OFFER (offer_id, trip_id, driver_id, status, sent_at, responded_at) VALUES (1990, 665, 7, 'expired', '2026-04-25 18:51:08', NULL);
INSERT INTO OFFER (offer_id, trip_id, driver_id, status, sent_at, responded_at) VALUES (1991, 665, 49, 'rejected', '2026-04-25 18:51:09', '2026-04-25 18:51:50');
INSERT INTO OFFER (offer_id, trip_id, driver_id, status, sent_at, responded_at) VALUES (1992, 665, 27, 'expired', '2026-04-25 18:51:07', NULL);
INSERT INTO PAYMENT (payment_id, trip_id, amount, platform_fee, driver_earnings, method, status, paid_at) VALUES (550, 665, 10.19, 2.04, 8.15, 'card', 'completed', '2026-04-25 19:11:36');
INSERT INTO TRIP (trip_id, rider_id, driver_id, vehicle_id, origin_lat, origin_lng, origin_address, dest_lat, dest_lng, dest_address, status, distance_km, duration_minutes, price_estimated, price_final, requested_at, accepted_at, started_at, finished_at) VALUES (666, 61, 49, 49, 40.4610679, -3.74247561, 'Plaza de Marciano Nogués 189 Piso 6 , Madrid', 40.39252183, -3.72632254, 'Glorieta de Ramón Borrego 1 Apt. 50 , Madrid', 'completed', 7.82, 18, 13.73, 13.16, '2026-04-25 18:51:51', '2026-04-25 18:53:49', '2026-04-25 19:01:57', '2026-04-25 19:19:57');
INSERT INTO OFFER (offer_id, trip_id, driver_id, status, sent_at, responded_at) VALUES (1993, 666, 49, 'accepted', '2026-04-25 18:51:54', '2026-04-25 18:53:49');
INSERT INTO OFFER (offer_id, trip_id, driver_id, status, sent_at, responded_at) VALUES (1994, 666, 42, 'rejected', '2026-04-25 18:51:53', '2026-04-25 18:52:10');
INSERT INTO OFFER (offer_id, trip_id, driver_id, status, sent_at, responded_at) VALUES (1995, 666, 18, 'rejected', '2026-04-25 18:51:56', '2026-04-25 18:52:43');
INSERT INTO OFFER (offer_id, trip_id, driver_id, status, sent_at, responded_at) VALUES (1996, 666, 8, 'rejected', '2026-04-25 18:51:55', '2026-04-25 18:52:35');
INSERT INTO PAYMENT (payment_id, trip_id, amount, platform_fee, driver_earnings, method, status, paid_at) VALUES (551, 666, 13.16, 2.63, 10.53, 'card', 'completed', '2026-04-25 19:23:57');
INSERT INTO TRIP (trip_id, rider_id, driver_id, vehicle_id, origin_lat, origin_lng, origin_address, dest_lat, dest_lng, dest_address, status, distance_km, duration_minutes, price_estimated, price_final, requested_at, accepted_at, started_at, finished_at) VALUES (667, 35, 45, 45, 40.37534192, -3.65949803, 'Alameda Rosalinda Muñoz 70 Apt. 56 , Madrid', 40.35697954, -3.73815992, 'Paseo Juan Carlos Burgos 66 Piso 6 , Madrid', 'completed', 8.97, 22, 15.46, 15.93, '2026-04-25 18:51:39', '2026-04-25 18:54:37', '2026-04-25 19:00:15', '2026-04-25 19:22:15');
INSERT INTO OFFER (offer_id, trip_id, driver_id, status, sent_at, responded_at) VALUES (1997, 667, 45, 'accepted', '2026-04-25 18:51:44', '2026-04-25 18:54:37');
INSERT INTO OFFER (offer_id, trip_id, driver_id, status, sent_at, responded_at) VALUES (1998, 667, 10, 'rejected', '2026-04-25 18:51:42', '2026-04-25 18:52:32');
INSERT INTO OFFER (offer_id, trip_id, driver_id, status, sent_at, responded_at) VALUES (1999, 667, 42, 'rejected', '2026-04-25 18:51:44', '2026-04-25 18:52:14');
INSERT INTO PAYMENT (payment_id, trip_id, amount, platform_fee, driver_earnings, method, status, paid_at) VALUES (552, 667, 15.93, 3.19, 12.74, 'card', 'pending', NULL);
INSERT INTO TRIP (trip_id, rider_id, driver_id, vehicle_id, origin_lat, origin_lng, origin_address, dest_lat, dest_lng, dest_address, status, distance_km, duration_minutes, price_estimated, price_final, requested_at, accepted_at, started_at, finished_at) VALUES (668, 6, 36, 36, 40.44414587, -3.68162341, 'Calle de Benito Fortuny 532, Madrid', 40.47373103, -3.6062698, 'Plaza de Porfirio Ribes 41, Madrid', 'completed', 8.99, 20, 15.48, 15.72, '2026-04-25 18:51:45', '2026-04-25 18:56:30', '2026-04-25 19:02:41', '2026-04-25 19:22:41');
INSERT INTO OFFER (offer_id, trip_id, driver_id, status, sent_at, responded_at) VALUES (2000, 668, 36, 'accepted', '2026-04-25 18:51:49', '2026-04-25 18:56:30');
INSERT INTO OFFER (offer_id, trip_id, driver_id, status, sent_at, responded_at) VALUES (2001, 668, 32, 'rejected', '2026-04-25 18:51:49', '2026-04-25 18:52:05');
INSERT INTO OFFER (offer_id, trip_id, driver_id, status, sent_at, responded_at) VALUES (2002, 668, 10, 'rejected', '2026-04-25 18:51:47', '2026-04-25 18:52:02');
INSERT INTO PAYMENT (payment_id, trip_id, amount, platform_fee, driver_earnings, method, status, paid_at) VALUES (553, 668, 15.72, 3.14, 12.58, 'wallet', 'completed', '2026-04-25 19:24:41');
INSERT INTO TRIP (trip_id, rider_id, driver_id, vehicle_id, origin_lat, origin_lng, origin_address, dest_lat, dest_lng, dest_address, status, distance_km, duration_minutes, price_estimated, price_final, requested_at, accepted_at, started_at, finished_at) VALUES (669, 73, 27, 27, 40.44735351, -3.66964953, 'Calle Georgina Marcos 717, Madrid', 40.47731226, -3.60111533, 'Ronda Eusebia Adán 3, Madrid', 'completed', 8.3, 19, 14.45, 14.38, '2026-04-25 18:53:02', '2026-04-25 18:54:24', '2026-04-25 18:58:51', '2026-04-25 19:17:51');
INSERT INTO OFFER (offer_id, trip_id, driver_id, status, sent_at, responded_at) VALUES (2003, 669, 27, 'accepted', '2026-04-25 18:53:06', '2026-04-25 18:54:24');
INSERT INTO OFFER (offer_id, trip_id, driver_id, status, sent_at, responded_at) VALUES (2004, 669, 8, 'rejected', '2026-04-25 18:53:06', '2026-04-25 18:53:43');
INSERT INTO OFFER (offer_id, trip_id, driver_id, status, sent_at, responded_at) VALUES (2005, 669, 30, 'expired', '2026-04-25 18:53:07', NULL);
INSERT INTO PAYMENT (payment_id, trip_id, amount, platform_fee, driver_earnings, method, status, paid_at) VALUES (554, 669, 14.38, 2.88, 11.5, 'cash', 'completed', '2026-04-25 19:22:51');
INSERT INTO TRIP (trip_id, rider_id, driver_id, vehicle_id, origin_lat, origin_lng, origin_address, dest_lat, dest_lng, dest_address, status, distance_km, duration_minutes, price_estimated, price_final, requested_at, accepted_at, started_at, finished_at) VALUES (670, 100, 40, 40, 40.39171384, -3.69991969, 'Camino Candela Garay 54 Puerta 9 , Madrid', 40.39199946, -3.66420868, 'Avenida de Dominga Viña 30 Puerta 6 , Madrid', 'cancelled', 3.96, NULL, 7.94, NULL, '2026-04-25 18:52:57', '2026-04-25 18:57:14', NULL, NULL);
INSERT INTO OFFER (offer_id, trip_id, driver_id, status, sent_at, responded_at) VALUES (2006, 670, 13, 'rejected', '2026-04-25 18:52:58', '2026-04-25 18:53:56');
INSERT INTO OFFER (offer_id, trip_id, driver_id, status, sent_at, responded_at) VALUES (2007, 670, 29, 'rejected', '2026-04-25 18:53:02', '2026-04-25 18:53:09');
INSERT INTO OFFER (offer_id, trip_id, driver_id, status, sent_at, responded_at) VALUES (2008, 670, 14, 'expired', '2026-04-25 18:52:59', NULL);
INSERT INTO OFFER (offer_id, trip_id, driver_id, status, sent_at, responded_at) VALUES (2009, 670, 19, 'rejected', '2026-04-25 18:53:00', '2026-04-25 18:53:26');
INSERT INTO OFFER (offer_id, trip_id, driver_id, status, sent_at, responded_at) VALUES (2010, 670, 40, 'accepted', '2026-04-25 18:52:59', '2026-04-25 18:57:14');

INSERT INTO TRIP (trip_id, rider_id, driver_id, vehicle_id, origin_lat, origin_lng, origin_address, dest_lat, dest_lng, dest_address, status, distance_km, duration_minutes, price_estimated, price_final, requested_at, accepted_at, started_at, finished_at) VALUES (671, 64, NULL, NULL, 40.37158088, -3.70428033, 'Alameda Melchor Vives 60, Madrid', 40.38550731, -3.62179215, 'Acceso Eufemia Arroyo 412, Madrid', 'requested', 9.29, NULL, 15.93, NULL, '2026-04-25 18:52:48', NULL, NULL, NULL);
INSERT INTO OFFER (offer_id, trip_id, driver_id, status, sent_at, responded_at) VALUES (2011, 671, 48, 'expired', '2026-04-25 18:52:49', NULL);
INSERT INTO OFFER (offer_id, trip_id, driver_id, status, sent_at, responded_at) VALUES (2012, 671, 45, 'expired', '2026-04-25 18:52:52', NULL);
INSERT INTO OFFER (offer_id, trip_id, driver_id, status, sent_at, responded_at) VALUES (2013, 671, 17, 'expired', '2026-04-25 18:52:52', NULL);
INSERT INTO TRIP (trip_id, rider_id, driver_id, vehicle_id, origin_lat, origin_lng, origin_address, dest_lat, dest_lng, dest_address, status, distance_km, duration_minutes, price_estimated, price_final, requested_at, accepted_at, started_at, finished_at) VALUES (672, 40, 33, 33, 40.40209397, -3.6526298, 'Alameda de Camilo Bayona 4 Piso 4 , Madrid', 40.35356783, -3.73473911, 'Callejón de Julie Barral 65 Apt. 47 , Madrid', 'cancelled', 10.59, NULL, 17.88, NULL, '2026-04-25 18:52:02', '2026-04-25 18:53:06', NULL, NULL);
INSERT INTO OFFER (offer_id, trip_id, driver_id, status, sent_at, responded_at) VALUES (2014, 672, 33, 'accepted', '2026-04-25 18:52:07', '2026-04-25 18:53:06');
INSERT INTO OFFER (offer_id, trip_id, driver_id, status, sent_at, responded_at) VALUES (2015, 672, 47, 'expired', '2026-04-25 18:52:03', NULL);
INSERT INTO OFFER (offer_id, trip_id, driver_id, status, sent_at, responded_at) VALUES (2016, 672, 19, 'expired', '2026-04-25 18:52:04', NULL);
INSERT INTO TRIP (trip_id, rider_id, driver_id, vehicle_id, origin_lat, origin_lng, origin_address, dest_lat, dest_lng, dest_address, status, distance_km, duration_minutes, price_estimated, price_final, requested_at, accepted_at, started_at, finished_at) VALUES (673, 22, 9, 9, 40.36125892, -3.6970955, 'Calle Calista Novoa 40, Madrid', 40.4826397, -3.72780157, 'C. de Pelayo Sureda 56, Madrid', 'completed', 13.9, 32, 22.85, 24.62, '2026-04-25 18:52:41', '2026-04-25 18:55:12', '2026-04-25 18:59:38', '2026-04-25 19:31:38');
INSERT INTO OFFER (offer_id, trip_id, driver_id, status, sent_at, responded_at) VALUES (2017, 673, 16, 'rejected', '2026-04-25 18:52:45', '2026-04-25 18:53:25');
INSERT INTO OFFER (offer_id, trip_id, driver_id, status, sent_at, responded_at) VALUES (2018, 673, 49, 'expired', '2026-04-25 18:52:42', NULL);
INSERT INTO OFFER (offer_id, trip_id, driver_id, status, sent_at, responded_at) VALUES (2019, 673, 17, 'expired', '2026-04-25 18:52:42', NULL);
INSERT INTO OFFER (offer_id, trip_id, driver_id, status, sent_at, responded_at) VALUES (2020, 673, 9, 'accepted', '2026-04-25 18:52:43', '2026-04-25 18:55:12');
INSERT INTO PAYMENT (payment_id, trip_id, amount, platform_fee, driver_earnings, method, status, paid_at) VALUES (555, 673, 24.62, 4.92, 19.7, 'cash', 'completed', '2026-04-25 19:32:38');
INSERT INTO TRIP (trip_id, rider_id, driver_id, vehicle_id, origin_lat, origin_lng, origin_address, dest_lat, dest_lng, dest_address, status, distance_km, duration_minutes, price_estimated, price_final, requested_at, accepted_at, started_at, finished_at) VALUES (674, 26, 42, 42, 40.4325818, -3.72142464, 'Rambla de Nazaret Vega 79, Madrid', 40.37141737, -3.69119839, 'Cañada de Asunción Santos 18, Madrid', 'completed', 7.57, 13, 13.36, 12.11, '2026-04-25 18:50:48', '2026-04-25 18:55:00', '2026-04-25 19:01:34', '2026-04-25 19:14:34');
INSERT INTO OFFER (offer_id, trip_id, driver_id, status, sent_at, responded_at) VALUES (2021, 674, 42, 'accepted', '2026-04-25 18:50:49', '2026-04-25 18:55:00');
INSERT INTO OFFER (offer_id, trip_id, driver_id, status, sent_at, responded_at) VALUES (2022, 674, 8, 'expired', '2026-04-25 18:50:52', NULL);
INSERT INTO PAYMENT (payment_id, trip_id, amount, platform_fee, driver_earnings, method, status, paid_at) VALUES (556, 674, 12.11, 2.42, 9.69, 'cash', 'completed', '2026-04-25 19:18:34');
INSERT INTO TRIP (trip_id, rider_id, driver_id, vehicle_id, origin_lat, origin_lng, origin_address, dest_lat, dest_lng, dest_address, status, distance_km, duration_minutes, price_estimated, price_final, requested_at, accepted_at, started_at, finished_at) VALUES (675, 79, 10, 10, 40.49054169, -3.74430172, 'Callejón Agustín Velázquez 44 Puerta 4 , Madrid', 40.41066934, -3.66422163, 'Callejón de Amelia Ocaña 301, Madrid', 'completed', 12.55, 30, 20.83, 22.07, '2026-04-25 18:52:25', '2026-04-25 18:54:11', '2026-04-25 19:03:59', '2026-04-25 19:33:59');
INSERT INTO OFFER (offer_id, trip_id, driver_id, status, sent_at, responded_at) VALUES (2023, 675, 10, 'accepted', '2026-04-25 18:52:26', '2026-04-25 18:54:11');
INSERT INTO OFFER (offer_id, trip_id, driver_id, status, sent_at, responded_at) VALUES (2024, 675, 32, 'expired', '2026-04-25 18:52:29', NULL);
INSERT INTO OFFER (offer_id, trip_id, driver_id, status, sent_at, responded_at) VALUES (2025, 675, 9, 'rejected', '2026-04-25 18:52:28', '2026-04-25 18:53:15');
INSERT INTO PAYMENT (payment_id, trip_id, amount, platform_fee, driver_earnings, method, status, paid_at) VALUES (557, 675, 22.07, 4.41, 17.66, 'card', 'pending', NULL);
INSERT INTO TRIP (trip_id, rider_id, driver_id, vehicle_id, origin_lat, origin_lng, origin_address, dest_lat, dest_lng, dest_address, status, distance_km, duration_minutes, price_estimated, price_final, requested_at, accepted_at, started_at, finished_at) VALUES (676, 23, 30, 30, 40.35471619, -3.69724426, 'Glorieta de Leticia Cuenca 744 Apt. 23 , Madrid', 40.41966087, -3.70116048, 'Rambla Vinicio Barrio 42, Madrid', 'completed', 7.22, 13, 12.83, 12.13, '2026-04-25 18:51:59', '2026-04-25 18:54:18', '2026-04-25 19:02:54', '2026-04-25 19:15:54');
INSERT INTO OFFER (offer_id, trip_id, driver_id, status, sent_at, responded_at) VALUES (2026, 676, 30, 'accepted', '2026-04-25 18:52:01', '2026-04-25 18:54:18');
INSERT INTO PAYMENT (payment_id, trip_id, amount, platform_fee, driver_earnings, method, status, paid_at) VALUES (558, 676, 12.13, 2.43, 9.7, 'cash', 'completed', '2026-04-25 19:15:54');
INSERT INTO TRIP (trip_id, rider_id, driver_id, vehicle_id, origin_lat, origin_lng, origin_address, dest_lat, dest_lng, dest_address, status, distance_km, duration_minutes, price_estimated, price_final, requested_at, accepted_at, started_at, finished_at) VALUES (677, 81, 7, 7, 40.39858746, -3.73778994, 'Callejón de Rosario Marti 5 Piso 3 , Madrid', 40.40109887, -3.6319032, 'Acceso Gabriela Barrio 90, Madrid', 'completed', 11.76, 24, 19.64, 20.72, '2026-04-25 18:51:46', '2026-04-25 18:54:49', '2026-04-25 19:00:13', '2026-04-25 19:24:13');
INSERT INTO OFFER (offer_id, trip_id, driver_id, status, sent_at, responded_at) VALUES (2027, 677, 7, 'accepted', '2026-04-25 18:51:48', '2026-04-25 18:54:49');
INSERT INTO OFFER (offer_id, trip_id, driver_id, status, sent_at, responded_at) VALUES (2028, 677, 25, 'rejected', '2026-04-25 18:51:51', '2026-04-25 18:52:19');
INSERT INTO PAYMENT (payment_id, trip_id, amount, platform_fee, driver_earnings, method, status, paid_at) VALUES (559, 677, 20.72, 4.14, 16.58, 'card', 'pending', NULL);
INSERT INTO TRIP (trip_id, rider_id, driver_id, vehicle_id, origin_lat, origin_lng, origin_address, dest_lat, dest_lng, dest_address, status, distance_km, duration_minutes, price_estimated, price_final, requested_at, accepted_at, started_at, finished_at) VALUES (678, 42, 5, 5, 40.44913245, -3.6975391, 'Rambla de Eutimio Mendizábal 781, Madrid', 40.43586742, -3.69780938, 'Avenida Carlito Asensio 68, Madrid', 'completed', 1.47, 7, 4.21, 4.17, '2026-04-25 18:51:39', '2026-04-25 18:55:58', '2026-04-25 19:05:05', '2026-04-25 19:12:05');
INSERT INTO OFFER (offer_id, trip_id, driver_id, status, sent_at, responded_at) VALUES (2029, 678, 5, 'accepted', '2026-04-25 18:51:43', '2026-04-25 18:55:58');
INSERT INTO OFFER (offer_id, trip_id, driver_id, status, sent_at, responded_at) VALUES (2030, 678, 37, 'expired', '2026-04-25 18:51:41', NULL);
INSERT INTO PAYMENT (payment_id, trip_id, amount, platform_fee, driver_earnings, method, status, paid_at) VALUES (560, 678, 4.17, 0.83, 3.34, 'cash', 'completed', '2026-04-25 19:17:05');
INSERT INTO TRIP (trip_id, rider_id, driver_id, vehicle_id, origin_lat, origin_lng, origin_address, dest_lat, dest_lng, dest_address, status, distance_km, duration_minutes, price_estimated, price_final, requested_at, accepted_at, started_at, finished_at) VALUES (679, 15, 47, 47, 40.44648805, -3.71443625, 'Urbanización Teodoro Múgica 86 Piso 8 , Madrid', 40.46115759, -3.66001295, 'Callejón de María Luisa Cuesta 8, Madrid', 'completed', 6.26, 13, 11.39, 11.36, '2026-04-25 18:51:24', '2026-04-25 18:54:02', '2026-04-25 19:00:08', '2026-04-25 19:13:08');
INSERT INTO OFFER (offer_id, trip_id, driver_id, status, sent_at, responded_at) VALUES (2031, 679, 47, 'accepted', '2026-04-25 18:51:29', '2026-04-25 18:54:02');
INSERT INTO PAYMENT (payment_id, trip_id, amount, platform_fee, driver_earnings, method, status, paid_at) VALUES (561, 679, 11.36, 2.27, 9.09, 'card', 'completed', '2026-04-25 19:14:08');
INSERT INTO TRIP (trip_id, rider_id, driver_id, vehicle_id, origin_lat, origin_lng, origin_address, dest_lat, dest_lng, dest_address, status, distance_km, duration_minutes, price_estimated, price_final, requested_at, accepted_at, started_at, finished_at) VALUES (680, 34, 1, 1, 40.44573084, -3.72782183, 'C. Nélida Romero 62 Apt. 18 , Madrid', 40.37407144, -3.68075384, 'Calle de Eric Larrañaga 49 Puerta 1 , Madrid', 'completed', 9.52, 21, 16.28, 14.85, '2026-04-25 18:50:54', '2026-04-25 18:53:23', '2026-04-25 18:56:02', '2026-04-25 19:17:02');
INSERT INTO OFFER (offer_id, trip_id, driver_id, status, sent_at, responded_at) VALUES (2032, 680, 1, 'accepted', '2026-04-25 18:50:57', '2026-04-25 18:53:23');
INSERT INTO OFFER (offer_id, trip_id, driver_id, status, sent_at, responded_at) VALUES (2033, 680, 25, 'expired', '2026-04-25 18:50:58', NULL);
INSERT INTO PAYMENT (payment_id, trip_id, amount, platform_fee, driver_earnings, method, status, paid_at) VALUES (562, 680, 14.85, 2.97, 11.88, 'card', 'completed', '2026-04-25 19:18:02');

INSERT INTO TRIP (trip_id, rider_id, driver_id, vehicle_id, origin_lat, origin_lng, origin_address, dest_lat, dest_lng, dest_address, status, distance_km, duration_minutes, price_estimated, price_final, requested_at, accepted_at, started_at, finished_at) VALUES (681, 35, 50, 50, 40.41621853, -3.7037156, 'Pasaje Julián Lobo 377 Piso 0 , Madrid', 40.41130032, -3.63067695, 'Pasadizo Roxana Bayo 2, Madrid', 'completed', 8.13, 20, 14.2, 14.64, '2026-04-25 18:52:07', '2026-04-25 18:55:13', '2026-04-25 19:00:20', '2026-04-25 19:20:20');
INSERT INTO OFFER (offer_id, trip_id, driver_id, status, sent_at, responded_at) VALUES (2034, 681, 50, 'accepted', '2026-04-25 18:52:11', '2026-04-25 18:55:13');
INSERT INTO OFFER (offer_id, trip_id, driver_id, status, sent_at, responded_at) VALUES (2035, 681, 26, 'expired', '2026-04-25 18:52:08', NULL);
INSERT INTO OFFER (offer_id, trip_id, driver_id, status, sent_at, responded_at) VALUES (2036, 681, 1, 'expired', '2026-04-25 18:52:12', NULL);
INSERT INTO OFFER (offer_id, trip_id, driver_id, status, sent_at, responded_at) VALUES (2037, 681, 43, 'rejected', '2026-04-25 18:52:09', '2026-04-25 18:52:34');
INSERT INTO OFFER (offer_id, trip_id, driver_id, status, sent_at, responded_at) VALUES (2038, 681, 42, 'expired', '2026-04-25 18:52:12', NULL);
INSERT INTO PAYMENT (payment_id, trip_id, amount, platform_fee, driver_earnings, method, status, paid_at) VALUES (563, 681, 14.64, 2.93, 11.71, 'card', 'completed', '2026-04-25 19:25:20');
INSERT INTO TRIP (trip_id, rider_id, driver_id, vehicle_id, origin_lat, origin_lng, origin_address, dest_lat, dest_lng, dest_address, status, distance_km, duration_minutes, price_estimated, price_final, requested_at, accepted_at, started_at, finished_at) VALUES (682, 67, 42, 42, 40.42531807, -3.68279966, 'Vial de Violeta Falcó 41 Piso 5 , Madrid', 40.36431524, -3.74041264, 'Cañada Alfredo Guardiola 98 Piso 4 , Madrid', 'completed', 9.31, 17, 15.96, 15.71, '2026-04-25 18:52:19', '2026-04-25 18:53:34', '2026-04-25 19:03:34', '2026-04-25 19:20:34');
INSERT INTO OFFER (offer_id, trip_id, driver_id, status, sent_at, responded_at) VALUES (2039, 682, 42, 'accepted', '2026-04-25 18:52:21', '2026-04-25 18:53:34');
INSERT INTO OFFER (offer_id, trip_id, driver_id, status, sent_at, responded_at) VALUES (2040, 682, 43, 'rejected', '2026-04-25 18:52:22', '2026-04-25 18:53:17');
INSERT INTO OFFER (offer_id, trip_id, driver_id, status, sent_at, responded_at) VALUES (2041, 682, 11, 'expired', '2026-04-25 18:52:24', NULL);
INSERT INTO PAYMENT (payment_id, trip_id, amount, platform_fee, driver_earnings, method, status, paid_at) VALUES (564, 682, 15.71, 3.14, 12.57, 'card', 'pending', NULL);
INSERT INTO TRIP (trip_id, rider_id, driver_id, vehicle_id, origin_lat, origin_lng, origin_address, dest_lat, dest_lng, dest_address, status, distance_km, duration_minutes, price_estimated, price_final, requested_at, accepted_at, started_at, finished_at) VALUES (683, 8, 36, 36, 40.41224326, -3.73096689, 'Rambla Florencio Crespi 38, Madrid', 40.47636058, -3.68856973, 'Acceso de Benjamín Ramos 69 Piso 4 , Madrid', 'completed', 8.53, 17, 14.79, 15.39, '2026-04-25 18:53:03', '2026-04-25 18:57:02', '2026-04-25 19:03:23', '2026-04-25 19:20:23');
INSERT INTO OFFER (offer_id, trip_id, driver_id, status, sent_at, responded_at) VALUES (2042, 683, 36, 'accepted', '2026-04-25 18:53:05', '2026-04-25 18:57:02');
INSERT INTO OFFER (offer_id, trip_id, driver_id, status, sent_at, responded_at) VALUES (2043, 683, 12, 'rejected', '2026-04-25 18:53:05', '2026-04-25 18:53:13');
INSERT INTO OFFER (offer_id, trip_id, driver_id, status, sent_at, responded_at) VALUES (2044, 683, 24, 'expired', '2026-04-25 18:53:06', NULL);
INSERT INTO PAYMENT (payment_id, trip_id, amount, platform_fee, driver_earnings, method, status, paid_at) VALUES (565, 683, 15.39, 3.08, 12.31, 'card', 'pending', NULL);
INSERT INTO TRIP (trip_id, rider_id, driver_id, vehicle_id, origin_lat, origin_lng, origin_address, dest_lat, dest_lng, dest_address, status, distance_km, duration_minutes, price_estimated, price_final, requested_at, accepted_at, started_at, finished_at) VALUES (684, 73, 30, 30, 40.4796761, -3.70940559, 'Urbanización de Galo Vizcaíno 649 Apt. 39 , Madrid', 40.48747904, -3.60223415, 'Plaza Néstor Soler 37, Madrid', 'completed', 11.93, 22, 19.89, 18.62, '2026-04-25 18:51:24', '2026-04-25 18:55:22', '2026-04-25 19:00:00', '2026-04-25 19:22:00');
INSERT INTO OFFER (offer_id, trip_id, driver_id, status, sent_at, responded_at) VALUES (2045, 684, 30, 'accepted', '2026-04-25 18:51:28', '2026-04-25 18:55:22');
INSERT INTO OFFER (offer_id, trip_id, driver_id, status, sent_at, responded_at) VALUES (2046, 684, 13, 'rejected', '2026-04-25 18:51:28', '2026-04-25 18:51:41');
INSERT INTO OFFER (offer_id, trip_id, driver_id, status, sent_at, responded_at) VALUES (2047, 684, 7, 'expired', '2026-04-25 18:51:28', NULL);
INSERT INTO OFFER (offer_id, trip_id, driver_id, status, sent_at, responded_at) VALUES (2048, 684, 47, 'expired', '2026-04-25 18:51:29', NULL);
INSERT INTO PAYMENT (payment_id, trip_id, amount, platform_fee, driver_earnings, method, status, paid_at) VALUES (566, 684, 18.62, 3.72, 14.9, 'wallet', 'completed', '2026-04-25 19:23:00');
INSERT INTO TRIP (trip_id, rider_id, driver_id, vehicle_id, origin_lat, origin_lng, origin_address, dest_lat, dest_lng, dest_address, status, distance_km, duration_minutes, price_estimated, price_final, requested_at, accepted_at, started_at, finished_at) VALUES (685, 61, 23, 23, 40.38996162, -3.69903571, 'Cuesta de Pilar Acero 2 Puerta 7 , Madrid', 40.35471676, -3.62553309, 'Camino de Sandalio Saavedra 32, Madrid', 'completed', 9.05, 17, 15.58, 14.46, '2026-04-25 18:52:14', '2026-04-25 18:55:45', '2026-04-25 19:04:12', '2026-04-25 19:21:12');
INSERT INTO OFFER (offer_id, trip_id, driver_id, status, sent_at, responded_at) VALUES (2049, 685, 23, 'accepted', '2026-04-25 18:52:16', '2026-04-25 18:55:45');
INSERT INTO OFFER (offer_id, trip_id, driver_id, status, sent_at, responded_at) VALUES (2050, 685, 44, 'expired', '2026-04-25 18:52:16', NULL);
INSERT INTO OFFER (offer_id, trip_id, driver_id, status, sent_at, responded_at) VALUES (2051, 685, 18, 'expired', '2026-04-25 18:52:19', NULL);
INSERT INTO PAYMENT (payment_id, trip_id, amount, platform_fee, driver_earnings, method, status, paid_at) VALUES (567, 685, 14.46, 2.89, 11.57, 'wallet', 'completed', '2026-04-25 19:22:12');
INSERT INTO TRIP (trip_id, rider_id, driver_id, vehicle_id, origin_lat, origin_lng, origin_address, dest_lat, dest_lng, dest_address, status, distance_km, duration_minutes, price_estimated, price_final, requested_at, accepted_at, started_at, finished_at) VALUES (686, 14, 7, 7, 40.47031749, -3.67397145, 'Cuesta de Esther Albero 567, Madrid', 40.4885645, -3.67266455, 'Calle de Silvestre Conde 6 Piso 6 , Madrid', 'cancelled', 2.03, NULL, 5.04, NULL, '2026-04-25 18:51:46', '2026-04-25 18:56:31', NULL, NULL);
INSERT INTO OFFER (offer_id, trip_id, driver_id, status, sent_at, responded_at) VALUES (2052, 686, 7, 'accepted', '2026-04-25 18:51:48', '2026-04-25 18:56:31');
INSERT INTO OFFER (offer_id, trip_id, driver_id, status, sent_at, responded_at) VALUES (2053, 686, 46, 'rejected', '2026-04-25 18:51:49', '2026-04-25 18:52:21');
INSERT INTO OFFER (offer_id, trip_id, driver_id, status, sent_at, responded_at) VALUES (2054, 686, 3, 'rejected', '2026-04-25 18:51:51', '2026-04-25 18:52:11');
INSERT INTO TRIP (trip_id, rider_id, driver_id, vehicle_id, origin_lat, origin_lng, origin_address, dest_lat, dest_lng, dest_address, status, distance_km, duration_minutes, price_estimated, price_final, requested_at, accepted_at, started_at, finished_at) VALUES (687, 47, NULL, NULL, 40.36997583, -3.66233524, 'Pasadizo Máximo Uriarte 67 Piso 3 , Madrid', 40.40522422, -3.6607799, 'Glorieta Pía Larrea 598 Puerta 8 , Madrid', 'cancelled', 3.92, NULL, 7.88, NULL, '2026-04-25 18:51:59', NULL, NULL, NULL);
INSERT INTO OFFER (offer_id, trip_id, driver_id, status, sent_at, responded_at) VALUES (2055, 687, 36, 'expired', '2026-04-25 18:52:00', NULL);
INSERT INTO TRIP (trip_id, rider_id, driver_id, vehicle_id, origin_lat, origin_lng, origin_address, dest_lat, dest_lng, dest_address, status, distance_km, duration_minutes, price_estimated, price_final, requested_at, accepted_at, started_at, finished_at) VALUES (688, 34, 25, 25, 40.39724984, -3.72092913, 'Via Nacio Poza 31, Madrid', 40.39692838, -3.69857346, 'Plaza María Egea 10 Puerta 6 , Madrid', 'completed', 2.48, 6, 5.72, 5.77, '2026-04-25 18:51:51', '2026-04-25 18:54:37', '2026-04-25 19:01:55', '2026-04-25 19:07:55');
INSERT INTO OFFER (offer_id, trip_id, driver_id, status, sent_at, responded_at) VALUES (2056, 688, 25, 'accepted', '2026-04-25 18:51:53', '2026-04-25 18:54:37');
INSERT INTO OFFER (offer_id, trip_id, driver_id, status, sent_at, responded_at) VALUES (2057, 688, 11, 'expired', '2026-04-25 18:51:52', NULL);
INSERT INTO PAYMENT (payment_id, trip_id, amount, platform_fee, driver_earnings, method, status, paid_at) VALUES (568, 688, 5.77, 1.15, 4.62, 'card', 'completed', '2026-04-25 19:07:55');
INSERT INTO TRIP (trip_id, rider_id, driver_id, vehicle_id, origin_lat, origin_lng, origin_address, dest_lat, dest_lng, dest_address, status, distance_km, duration_minutes, price_estimated, price_final, requested_at, accepted_at, started_at, finished_at) VALUES (689, 92, 47, 47, 40.4694971, -3.6481858, 'Via Cleto Guzmán 462 Apt. 60 , Madrid', 40.39596421, -3.60613891, 'Camino de Itziar Amador 50 Puerta 7 , Madrid', 'completed', 9.4, 21, 16.1, 17.49, '2026-04-25 18:52:37', '2026-04-25 18:55:38', '2026-04-25 19:02:15', '2026-04-25 19:23:15');
INSERT INTO OFFER (offer_id, trip_id, driver_id, status, sent_at, responded_at) VALUES (2058, 689, 47, 'accepted', '2026-04-25 18:52:38', '2026-04-25 18:55:38');
INSERT INTO OFFER (offer_id, trip_id, driver_id, status, sent_at, responded_at) VALUES (2059, 689, 3, 'rejected', '2026-04-25 18:52:42', '2026-04-25 18:53:02');
INSERT INTO OFFER (offer_id, trip_id, driver_id, status, sent_at, responded_at) VALUES (2060, 689, 26, 'rejected', '2026-04-25 18:52:41', '2026-04-25 18:53:17');
INSERT INTO OFFER (offer_id, trip_id, driver_id, status, sent_at, responded_at) VALUES (2061, 689, 44, 'rejected', '2026-04-25 18:52:39', '2026-04-25 18:53:17');
INSERT INTO PAYMENT (payment_id, trip_id, amount, platform_fee, driver_earnings, method, status, paid_at) VALUES (569, 689, 17.49, 3.5, 13.99, 'wallet', 'completed', '2026-04-25 19:26:15');
INSERT INTO TRIP (trip_id, rider_id, driver_id, vehicle_id, origin_lat, origin_lng, origin_address, dest_lat, dest_lng, dest_address, status, distance_km, duration_minutes, price_estimated, price_final, requested_at, accepted_at, started_at, finished_at) VALUES (690, 70, 48, 48, 40.38783821, -3.69468417, 'Plaza Rico Atienza 48 Apt. 22 , Madrid', 40.39071993, -3.63503593, 'Pasadizo de Nicanor Samper 122 Puerta 5 , Madrid', 'completed', 6.63, 12, 11.95, 12.18, '2026-04-25 18:50:40', '2026-04-25 18:55:18', '2026-04-25 19:02:43', '2026-04-25 19:14:43');
INSERT INTO OFFER (offer_id, trip_id, driver_id, status, sent_at, responded_at) VALUES (2062, 690, 48, 'accepted', '2026-04-25 18:50:45', '2026-04-25 18:55:18');
INSERT INTO PAYMENT (payment_id, trip_id, amount, platform_fee, driver_earnings, method, status, paid_at) VALUES (570, 690, 12.18, 2.44, 9.74, 'wallet', 'completed', '2026-04-25 19:16:43');

INSERT INTO TRIP (trip_id, rider_id, driver_id, vehicle_id, origin_lat, origin_lng, origin_address, dest_lat, dest_lng, dest_address, status, distance_km, duration_minutes, price_estimated, price_final, requested_at, accepted_at, started_at, finished_at) VALUES (691, 83, 29, 29, 40.43147888, -3.72308586, 'Urbanización de Pascual Salom 21, Madrid', 40.41770471, -3.67850202, 'Urbanización Dafne Márquez 92 Piso 9 , Madrid', 'completed', 5.18, 12, 9.77, 8.95, '2026-04-25 18:50:47', '2026-04-25 18:52:33', '2026-04-25 18:57:55', '2026-04-25 19:09:55');
INSERT INTO OFFER (offer_id, trip_id, driver_id, status, sent_at, responded_at) VALUES (2063, 691, 29, 'accepted', '2026-04-25 18:50:48', '2026-04-25 18:52:33');
INSERT INTO OFFER (offer_id, trip_id, driver_id, status, sent_at, responded_at) VALUES (2064, 691, 26, 'expired', '2026-04-25 18:50:49', NULL);
INSERT INTO OFFER (offer_id, trip_id, driver_id, status, sent_at, responded_at) VALUES (2065, 691, 36, 'rejected', '2026-04-25 18:50:49', '2026-04-25 18:51:00');
INSERT INTO OFFER (offer_id, trip_id, driver_id, status, sent_at, responded_at) VALUES (2066, 691, 38, 'rejected', '2026-04-25 18:50:49', '2026-04-25 18:51:07');
INSERT INTO OFFER (offer_id, trip_id, driver_id, status, sent_at, responded_at) VALUES (2067, 691, 45, 'rejected', '2026-04-25 18:50:48', '2026-04-25 18:51:30');
INSERT INTO PAYMENT (payment_id, trip_id, amount, platform_fee, driver_earnings, method, status, paid_at) VALUES (571, 691, 8.95, 1.79, 7.16, 'wallet', 'completed', '2026-04-25 19:10:55');
INSERT INTO TRIP (trip_id, rider_id, driver_id, vehicle_id, origin_lat, origin_lng, origin_address, dest_lat, dest_lng, dest_address, status, distance_km, duration_minutes, price_estimated, price_final, requested_at, accepted_at, started_at, finished_at) VALUES (692, 74, 2, 2, 40.40064935, -3.61611332, 'Pasaje Priscila Paredes 50 Puerta 9 , Madrid', 40.38073961, -3.6808887, 'Cañada Alfonso Vilanova 49 Puerta 7 , Madrid', 'completed', 7.52, 17, 13.28, 14.19, '2026-04-25 18:52:00', '2026-04-25 18:55:35', '2026-04-25 18:58:50', '2026-04-25 19:15:50');
INSERT INTO OFFER (offer_id, trip_id, driver_id, status, sent_at, responded_at) VALUES (2068, 692, 2, 'accepted', '2026-04-25 18:52:02', '2026-04-25 18:55:35');
INSERT INTO OFFER (offer_id, trip_id, driver_id, status, sent_at, responded_at) VALUES (2069, 692, 12, 'rejected', '2026-04-25 18:52:04', '2026-04-25 18:52:38');
INSERT INTO OFFER (offer_id, trip_id, driver_id, status, sent_at, responded_at) VALUES (2070, 692, 13, 'expired', '2026-04-25 18:52:03', NULL);
INSERT INTO OFFER (offer_id, trip_id, driver_id, status, sent_at, responded_at) VALUES (2071, 692, 26, 'rejected', '2026-04-25 18:52:05', '2026-04-25 18:52:46');
INSERT INTO PAYMENT (payment_id, trip_id, amount, platform_fee, driver_earnings, method, status, paid_at) VALUES (572, 692, 14.19, 2.84, 11.35, 'cash', 'pending', NULL);
INSERT INTO TRIP (trip_id, rider_id, driver_id, vehicle_id, origin_lat, origin_lng, origin_address, dest_lat, dest_lng, dest_address, status, distance_km, duration_minutes, price_estimated, price_final, requested_at, accepted_at, started_at, finished_at) VALUES (693, 1, 9, 9, 40.49901089, -3.62803248, 'Alameda Tomás Campillo 8 Puerta 6 , Madrid', 40.41532885, -3.65282302, 'Rambla de Agapito Aguado 77, Madrid', 'completed', 9.69, 22, 16.54, 15.7, '2026-04-25 18:51:31', '2026-04-25 18:53:03', '2026-04-25 18:58:08', '2026-04-25 19:20:08');
INSERT INTO OFFER (offer_id, trip_id, driver_id, status, sent_at, responded_at) VALUES (2072, 693, 9, 'accepted', '2026-04-25 18:51:32', '2026-04-25 18:53:03');
INSERT INTO OFFER (offer_id, trip_id, driver_id, status, sent_at, responded_at) VALUES (2073, 693, 32, 'expired', '2026-04-25 18:51:33', NULL);
INSERT INTO OFFER (offer_id, trip_id, driver_id, status, sent_at, responded_at) VALUES (2074, 693, 40, 'expired', '2026-04-25 18:51:33', NULL);
INSERT INTO OFFER (offer_id, trip_id, driver_id, status, sent_at, responded_at) VALUES (2075, 693, 10, 'rejected', '2026-04-25 18:51:33', '2026-04-25 18:51:59');
INSERT INTO PAYMENT (payment_id, trip_id, amount, platform_fee, driver_earnings, method, status, paid_at) VALUES (573, 693, 15.7, 3.14, 12.56, 'card', 'pending', NULL);
INSERT INTO TRIP (trip_id, rider_id, driver_id, vehicle_id, origin_lat, origin_lng, origin_address, dest_lat, dest_lng, dest_address, status, distance_km, duration_minutes, price_estimated, price_final, requested_at, accepted_at, started_at, finished_at) VALUES (694, 17, 12, 12, 40.47253863, -3.65935208, 'Ronda de Encarnita Serra 70, Madrid', 40.48173181, -3.62341823, 'C. de Arsenio Sola 7 Puerta 0 , Madrid', 'completed', 4.12, 9, 8.18, 8.97, '2026-04-25 18:50:21', '2026-04-25 18:53:39', '2026-04-25 19:00:54', '2026-04-25 19:09:54');
INSERT INTO OFFER (offer_id, trip_id, driver_id, status, sent_at, responded_at) VALUES (2076, 694, 12, 'accepted', '2026-04-25 18:50:24', '2026-04-25 18:53:39');
INSERT INTO OFFER (offer_id, trip_id, driver_id, status, sent_at, responded_at) VALUES (2077, 694, 39, 'rejected', '2026-04-25 18:50:23', '2026-04-25 18:50:38');
INSERT INTO PAYMENT (payment_id, trip_id, amount, platform_fee, driver_earnings, method, status, paid_at) VALUES (574, 694, 8.97, 1.79, 7.18, 'card', 'completed', '2026-04-25 19:10:54');
INSERT INTO TRIP (trip_id, rider_id, driver_id, vehicle_id, origin_lat, origin_lng, origin_address, dest_lat, dest_lng, dest_address, status, distance_km, duration_minutes, price_estimated, price_final, requested_at, accepted_at, started_at, finished_at) VALUES (695, 30, 40, 40, 40.3722832, -3.71108329, 'Vial Rosario Landa 7, Madrid', 40.46825043, -3.72894673, 'Urbanización de Santos Infante 88 Apt. 17 , Madrid', 'completed', 10.84, 23, 18.26, 20.03, '2026-04-25 18:50:39', '2026-04-25 18:53:31', '2026-04-25 19:02:00', '2026-04-25 19:25:00');
INSERT INTO OFFER (offer_id, trip_id, driver_id, status, sent_at, responded_at) VALUES (2078, 695, 40, 'accepted', '2026-04-25 18:50:41', '2026-04-25 18:53:31');
INSERT INTO OFFER (offer_id, trip_id, driver_id, status, sent_at, responded_at) VALUES (2079, 695, 39, 'expired', '2026-04-25 18:50:43', NULL);
INSERT INTO OFFER (offer_id, trip_id, driver_id, status, sent_at, responded_at) VALUES (2080, 695, 20, 'rejected', '2026-04-25 18:50:43', '2026-04-25 18:51:07');
INSERT INTO OFFER (offer_id, trip_id, driver_id, status, sent_at, responded_at) VALUES (2081, 695, 17, 'expired', '2026-04-25 18:50:40', NULL);
INSERT INTO OFFER (offer_id, trip_id, driver_id, status, sent_at, responded_at) VALUES (2082, 695, 4, 'rejected', '2026-04-25 18:50:41', '2026-04-25 18:51:36');
INSERT INTO PAYMENT (payment_id, trip_id, amount, platform_fee, driver_earnings, method, status, paid_at) VALUES (575, 695, 20.03, 4.01, 16.02, 'card', 'completed', '2026-04-25 19:27:00');
INSERT INTO TRIP (trip_id, rider_id, driver_id, vehicle_id, origin_lat, origin_lng, origin_address, dest_lat, dest_lng, dest_address, status, distance_km, duration_minutes, price_estimated, price_final, requested_at, accepted_at, started_at, finished_at) VALUES (696, 17, 15, 15, 40.45129753, -3.60010702, 'Calle de Paca Cuadrado 41, Madrid', 40.45948671, -3.7239463, 'Plaza de Baldomero Medina 65, Madrid', 'completed', 13.78, 32, 22.67, 21.7, '2026-04-25 18:51:21', '2026-04-25 18:54:11', '2026-04-25 18:59:55', '2026-04-25 19:31:55');
INSERT INTO OFFER (offer_id, trip_id, driver_id, status, sent_at, responded_at) VALUES (2083, 696, 15, 'accepted', '2026-04-25 18:51:22', '2026-04-25 18:54:11');
INSERT INTO OFFER (offer_id, trip_id, driver_id, status, sent_at, responded_at) VALUES (2084, 696, 37, 'expired', '2026-04-25 18:51:26', NULL);
INSERT INTO OFFER (offer_id, trip_id, driver_id, status, sent_at, responded_at) VALUES (2085, 696, 44, 'rejected', '2026-04-25 18:51:24', '2026-04-25 18:51:31');
INSERT INTO OFFER (offer_id, trip_id, driver_id, status, sent_at, responded_at) VALUES (2086, 696, 21, 'rejected', '2026-04-25 18:51:26', '2026-04-25 18:52:12');
INSERT INTO PAYMENT (payment_id, trip_id, amount, platform_fee, driver_earnings, method, status, paid_at) VALUES (576, 696, 21.7, 4.34, 17.36, 'card', 'completed', '2026-04-25 19:31:55');
INSERT INTO TRIP (trip_id, rider_id, driver_id, vehicle_id, origin_lat, origin_lng, origin_address, dest_lat, dest_lng, dest_address, status, distance_km, duration_minutes, price_estimated, price_final, requested_at, accepted_at, started_at, finished_at) VALUES (697, 83, 28, 28, 40.48489866, -3.64211753, 'Pasadizo Jonatan Acevedo 9 Puerta 7 , Madrid', 40.46951596, -3.70528766, 'Cañada de Rocío Ugarte 51 Piso 8 , Madrid', 'completed', 7.22, 15, 12.83, 13.14, '2026-04-25 18:50:38', '2026-04-25 18:54:38', '2026-04-25 18:58:46', '2026-04-25 19:13:46');
INSERT INTO OFFER (offer_id, trip_id, driver_id, status, sent_at, responded_at) VALUES (2087, 697, 28, 'accepted', '2026-04-25 18:50:42', '2026-04-25 18:54:38');
INSERT INTO OFFER (offer_id, trip_id, driver_id, status, sent_at, responded_at) VALUES (2088, 697, 12, 'expired', '2026-04-25 18:50:39', NULL);
INSERT INTO OFFER (offer_id, trip_id, driver_id, status, sent_at, responded_at) VALUES (2089, 697, 16, 'rejected', '2026-04-25 18:50:42', '2026-04-25 18:51:26');
INSERT INTO OFFER (offer_id, trip_id, driver_id, status, sent_at, responded_at) VALUES (2090, 697, 6, 'expired', '2026-04-25 18:50:41', NULL);
INSERT INTO OFFER (offer_id, trip_id, driver_id, status, sent_at, responded_at) VALUES (2091, 697, 43, 'rejected', '2026-04-25 18:50:40', '2026-04-25 18:51:26');
INSERT INTO PAYMENT (payment_id, trip_id, amount, platform_fee, driver_earnings, method, status, paid_at) VALUES (577, 697, 13.14, 2.63, 10.51, 'cash', 'completed', '2026-04-25 19:14:46');
INSERT INTO TRIP (trip_id, rider_id, driver_id, vehicle_id, origin_lat, origin_lng, origin_address, dest_lat, dest_lng, dest_address, status, distance_km, duration_minutes, price_estimated, price_final, requested_at, accepted_at, started_at, finished_at) VALUES (698, 82, 3, 3, 40.38016593, -3.61153659, 'Ronda de Julie Galindo 91, Madrid', 40.35117016, -3.61567166, 'Glorieta Tito Mulet 47, Madrid', 'completed', 3.25, 8, 6.88, 6.36, '2026-04-25 18:50:46', '2026-04-25 18:55:45', '2026-04-25 18:59:01', '2026-04-25 19:07:01');
INSERT INTO OFFER (offer_id, trip_id, driver_id, status, sent_at, responded_at) VALUES (2092, 698, 3, 'accepted', '2026-04-25 18:50:49', '2026-04-25 18:55:45');
INSERT INTO OFFER (offer_id, trip_id, driver_id, status, sent_at, responded_at) VALUES (2093, 698, 24, 'rejected', '2026-04-25 18:50:51', '2026-04-25 18:51:40');
INSERT INTO OFFER (offer_id, trip_id, driver_id, status, sent_at, responded_at) VALUES (2094, 698, 1, 'rejected', '2026-04-25 18:50:47', '2026-04-25 18:51:05');
INSERT INTO OFFER (offer_id, trip_id, driver_id, status, sent_at, responded_at) VALUES (2095, 698, 50, 'expired', '2026-04-25 18:50:51', NULL);
INSERT INTO PAYMENT (payment_id, trip_id, amount, platform_fee, driver_earnings, method, status, paid_at) VALUES (578, 698, 6.36, 1.27, 5.09, 'card', 'completed', '2026-04-25 19:09:01');
INSERT INTO TRIP (trip_id, rider_id, driver_id, vehicle_id, origin_lat, origin_lng, origin_address, dest_lat, dest_lng, dest_address, status, distance_km, duration_minutes, price_estimated, price_final, requested_at, accepted_at, started_at, finished_at) VALUES (699, 51, 34, 34, 40.44646951, -3.62125086, 'Urbanización de Encarnita Borja 72, Madrid', 40.41394201, -3.69836086, 'Vial Saturnino Escrivá 6, Madrid', 'completed', 9.29, 16, 15.93, 16.51, '2026-04-25 18:51:23', '2026-04-25 18:54:55', '2026-04-25 19:02:40', '2026-04-25 19:18:40');
INSERT INTO OFFER (offer_id, trip_id, driver_id, status, sent_at, responded_at) VALUES (2096, 699, 34, 'accepted', '2026-04-25 18:51:28', '2026-04-25 18:54:55');
INSERT INTO OFFER (offer_id, trip_id, driver_id, status, sent_at, responded_at) VALUES (2097, 699, 41, 'expired', '2026-04-25 18:51:27', NULL);
INSERT INTO PAYMENT (payment_id, trip_id, amount, platform_fee, driver_earnings, method, status, paid_at) VALUES (579, 699, 16.51, 3.3, 13.21, 'card', 'completed', '2026-04-25 19:19:40');
INSERT INTO TRIP (trip_id, rider_id, driver_id, vehicle_id, origin_lat, origin_lng, origin_address, dest_lat, dest_lng, dest_address, status, distance_km, duration_minutes, price_estimated, price_final, requested_at, accepted_at, started_at, finished_at) VALUES (700, 7, 16, 16, 40.38463847, -3.60809133, 'Avenida Inés Pazos 21 Apt. 05 , Madrid', 40.4294575, -3.74240318, 'Urbanización de Jacinta Salgado 61 Apt. 28 , Madrid', 'completed', 15.72, 29, 25.58, 26.1, '2026-04-25 18:51:14', '2026-04-25 18:53:00', '2026-04-25 19:02:57', '2026-04-25 19:31:57');
INSERT INTO OFFER (offer_id, trip_id, driver_id, status, sent_at, responded_at) VALUES (2098, 700, 16, 'accepted', '2026-04-25 18:51:19', '2026-04-25 18:53:00');
INSERT INTO OFFER (offer_id, trip_id, driver_id, status, sent_at, responded_at) VALUES (2099, 700, 27, 'rejected', '2026-04-25 18:51:15', '2026-04-25 18:51:29');
INSERT INTO OFFER (offer_id, trip_id, driver_id, status, sent_at, responded_at) VALUES (2100, 700, 12, 'expired', '2026-04-25 18:51:16', NULL);
INSERT INTO OFFER (offer_id, trip_id, driver_id, status, sent_at, responded_at) VALUES (2101, 700, 2, 'rejected', '2026-04-25 18:51:19', '2026-04-25 18:51:36');
INSERT INTO OFFER (offer_id, trip_id, driver_id, status, sent_at, responded_at) VALUES (2102, 700, 18, 'rejected', '2026-04-25 18:51:19', '2026-04-25 18:51:54');
INSERT INTO PAYMENT (payment_id, trip_id, amount, platform_fee, driver_earnings, method, status, paid_at) VALUES (580, 700, 26.1, 5.22, 20.88, 'card', 'pending', NULL);

INSERT INTO TRIP (trip_id, rider_id, driver_id, vehicle_id, origin_lat, origin_lng, origin_address, dest_lat, dest_lng, dest_address, status, distance_km, duration_minutes, price_estimated, price_final, requested_at, accepted_at, started_at, finished_at) VALUES (701, 43, 38, 38, 40.42693248, -3.65466119, 'Urbanización Augusto Fuente 47, Madrid', 40.4440237, -3.72958719, 'Via de Leonardo Vilar 70 Apt. 28 , Madrid', 'cancelled', 8.53, NULL, 14.79, NULL, '2026-04-25 18:52:31', '2026-04-25 18:54:06', NULL, NULL);
INSERT INTO OFFER (offer_id, trip_id, driver_id, status, sent_at, responded_at) VALUES (2103, 701, 38, 'accepted', '2026-04-25 18:52:35', '2026-04-25 18:54:06');
INSERT INTO OFFER (offer_id, trip_id, driver_id, status, sent_at, responded_at) VALUES (2104, 701, 37, 'expired', '2026-04-25 18:52:32', NULL);
INSERT INTO OFFER (offer_id, trip_id, driver_id, status, sent_at, responded_at) VALUES (2105, 701, 49, 'rejected', '2026-04-25 18:52:34', '2026-04-25 18:52:48');
INSERT INTO OFFER (offer_id, trip_id, driver_id, status, sent_at, responded_at) VALUES (2106, 701, 30, 'expired', '2026-04-25 18:52:36', NULL);
INSERT INTO TRIP (trip_id, rider_id, driver_id, vehicle_id, origin_lat, origin_lng, origin_address, dest_lat, dest_lng, dest_address, status, distance_km, duration_minutes, price_estimated, price_final, requested_at, accepted_at, started_at, finished_at) VALUES (702, 33, 11, 11, 40.40617823, -3.69422373, 'Via Dani Baeza 70 Piso 8 , Madrid', 40.47276302, -3.73633197, 'Pasadizo Edu Duran 87, Madrid', 'completed', 8.74, 19, 15.11, 15.99, '2026-04-25 18:52:42', '2026-04-25 18:55:12', '2026-04-25 19:00:25', '2026-04-25 19:19:25');
INSERT INTO OFFER (offer_id, trip_id, driver_id, status, sent_at, responded_at) VALUES (2107, 702, 11, 'accepted', '2026-04-25 18:52:46', '2026-04-25 18:55:12');
INSERT INTO OFFER (offer_id, trip_id, driver_id, status, sent_at, responded_at) VALUES (2108, 702, 23, 'expired', '2026-04-25 18:52:46', NULL);
INSERT INTO OFFER (offer_id, trip_id, driver_id, status, sent_at, responded_at) VALUES (2109, 702, 41, 'rejected', '2026-04-25 18:52:47', '2026-04-25 18:53:12');
INSERT INTO OFFER (offer_id, trip_id, driver_id, status, sent_at, responded_at) VALUES (2110, 702, 16, 'rejected', '2026-04-25 18:52:45', '2026-04-25 18:53:20');
INSERT INTO PAYMENT (payment_id, trip_id, amount, platform_fee, driver_earnings, method, status, paid_at) VALUES (581, 702, 15.99, 3.2, 12.79, 'wallet', 'completed', '2026-04-25 19:24:25');
INSERT INTO TRIP (trip_id, rider_id, driver_id, vehicle_id, origin_lat, origin_lng, origin_address, dest_lat, dest_lng, dest_address, status, distance_km, duration_minutes, price_estimated, price_final, requested_at, accepted_at, started_at, finished_at) VALUES (703, 18, 1, 1, 40.43477037, -3.74126888, 'Callejón Paca Marín 1 Puerta 3 , Madrid', 40.47782909, -3.71715412, 'Calle de Federico Donoso 37, Madrid', 'in_progress', 5.48, NULL, 10.22, NULL, '2026-04-25 18:51:07', '2026-04-25 18:52:30', '2026-04-25 18:55:09', NULL);
INSERT INTO OFFER (offer_id, trip_id, driver_id, status, sent_at, responded_at) VALUES (2111, 703, 1, 'accepted', '2026-04-25 18:51:09', '2026-04-25 18:52:30');
INSERT INTO OFFER (offer_id, trip_id, driver_id, status, sent_at, responded_at) VALUES (2112, 703, 25, 'rejected', '2026-04-25 18:51:09', '2026-04-25 18:51:58');
INSERT INTO OFFER (offer_id, trip_id, driver_id, status, sent_at, responded_at) VALUES (2113, 703, 21, 'rejected', '2026-04-25 18:51:12', '2026-04-25 18:51:21');
INSERT INTO OFFER (offer_id, trip_id, driver_id, status, sent_at, responded_at) VALUES (2114, 703, 39, 'expired', '2026-04-25 18:51:08', NULL);
INSERT INTO TRIP (trip_id, rider_id, driver_id, vehicle_id, origin_lat, origin_lng, origin_address, dest_lat, dest_lng, dest_address, status, distance_km, duration_minutes, price_estimated, price_final, requested_at, accepted_at, started_at, finished_at) VALUES (704, 40, 4, 4, 40.43006562, -3.6665251, 'Camino de Cándido Palma 65, Madrid', 40.49399979, -3.65326416, 'Pasaje de Ezequiel Aguilar 8, Madrid', 'in_progress', 7.25, NULL, 12.88, NULL, '2026-04-25 18:50:30', '2026-04-25 18:53:41', '2026-04-25 18:59:10', NULL);
INSERT INTO OFFER (offer_id, trip_id, driver_id, status, sent_at, responded_at) VALUES (2115, 704, 4, 'accepted', '2026-04-25 18:50:33', '2026-04-25 18:53:41');
INSERT INTO OFFER (offer_id, trip_id, driver_id, status, sent_at, responded_at) VALUES (2116, 704, 36, 'rejected', '2026-04-25 18:50:35', '2026-04-25 18:51:27');
INSERT INTO OFFER (offer_id, trip_id, driver_id, status, sent_at, responded_at) VALUES (2117, 704, 33, 'rejected', '2026-04-25 18:50:35', '2026-04-25 18:50:57');
INSERT INTO OFFER (offer_id, trip_id, driver_id, status, sent_at, responded_at) VALUES (2118, 704, 50, 'expired', '2026-04-25 18:50:35', NULL);
INSERT INTO OFFER (offer_id, trip_id, driver_id, status, sent_at, responded_at) VALUES (2119, 704, 41, 'expired', '2026-04-25 18:50:35', NULL);
INSERT INTO TRIP (trip_id, rider_id, driver_id, vehicle_id, origin_lat, origin_lng, origin_address, dest_lat, dest_lng, dest_address, status, distance_km, duration_minutes, price_estimated, price_final, requested_at, accepted_at, started_at, finished_at) VALUES (705, 10, 48, 48, 40.41440561, -3.65710433, 'Camino Ezequiel Cañellas 6 Piso 7 , Madrid', 40.48202062, -3.6235673, 'Urbanización de Rosaura Rios 61, Madrid', 'completed', 8.38, 16, 14.57, 15.91, '2026-04-25 18:51:43', '2026-04-25 18:53:23', '2026-04-25 19:01:40', '2026-04-25 19:17:40');
INSERT INTO OFFER (offer_id, trip_id, driver_id, status, sent_at, responded_at) VALUES (2120, 705, 48, 'accepted', '2026-04-25 18:51:47', '2026-04-25 18:53:23');
INSERT INTO OFFER (offer_id, trip_id, driver_id, status, sent_at, responded_at) VALUES (2121, 705, 41, 'expired', '2026-04-25 18:51:45', NULL);
INSERT INTO PAYMENT (payment_id, trip_id, amount, platform_fee, driver_earnings, method, status, paid_at) VALUES (582, 705, 15.91, 3.18, 12.73, 'card', 'pending', NULL);
INSERT INTO TRIP (trip_id, rider_id, driver_id, vehicle_id, origin_lat, origin_lng, origin_address, dest_lat, dest_lng, dest_address, status, distance_km, duration_minutes, price_estimated, price_final, requested_at, accepted_at, started_at, finished_at) VALUES (706, 86, 26, 26, 40.39415636, -3.74238645, 'Ronda de Olga Pazos 11, Madrid', 40.43507758, -3.74105229, 'Acceso de Hernando Sevilla 567 Piso 3 , Madrid', 'completed', 4.54, 8, 8.81, 8.71, '2026-04-25 18:51:10', '2026-04-25 18:55:39', '2026-04-25 19:05:31', '2026-04-25 19:13:31');
INSERT INTO OFFER (offer_id, trip_id, driver_id, status, sent_at, responded_at) VALUES (2122, 706, 26, 'accepted', '2026-04-25 18:51:11', '2026-04-25 18:55:39');
INSERT INTO OFFER (offer_id, trip_id, driver_id, status, sent_at, responded_at) VALUES (2123, 706, 49, 'expired', '2026-04-25 18:51:15', NULL);
INSERT INTO PAYMENT (payment_id, trip_id, amount, platform_fee, driver_earnings, method, status, paid_at) VALUES (583, 706, 8.71, 1.74, 6.97, 'card', 'completed', '2026-04-25 19:13:31');
INSERT INTO TRIP (trip_id, rider_id, driver_id, vehicle_id, origin_lat, origin_lng, origin_address, dest_lat, dest_lng, dest_address, status, distance_km, duration_minutes, price_estimated, price_final, requested_at, accepted_at, started_at, finished_at) VALUES (707, 44, NULL, NULL, 40.35981941, -3.67791502, 'Paseo Bárbara Campoy 601, Madrid', 40.48835526, -3.62406787, 'Cuesta Leocadia Olivares 960 Puerta 6 , Madrid', 'requested', 15.47, NULL, 25.21, NULL, '2026-04-25 18:52:31', NULL, NULL, NULL);
INSERT INTO OFFER (offer_id, trip_id, driver_id, status, sent_at, responded_at) VALUES (2124, 707, 5, 'rejected', '2026-04-25 18:52:34', '2026-04-25 18:53:21');
INSERT INTO OFFER (offer_id, trip_id, driver_id, status, sent_at, responded_at) VALUES (2125, 707, 14, 'rejected', '2026-04-25 18:52:35', '2026-04-25 18:53:10');
INSERT INTO OFFER (offer_id, trip_id, driver_id, status, sent_at, responded_at) VALUES (2126, 707, 39, 'rejected', '2026-04-25 18:52:34', '2026-04-25 18:53:16');
INSERT INTO TRIP (trip_id, rider_id, driver_id, vehicle_id, origin_lat, origin_lng, origin_address, dest_lat, dest_lng, dest_address, status, distance_km, duration_minutes, price_estimated, price_final, requested_at, accepted_at, started_at, finished_at) VALUES (708, 94, 37, 37, 40.36059541, -3.66239696, 'Urbanización de Regina Revilla 89, Madrid', 40.35645375, -3.70424346, 'Acceso Seve Sáez 6, Madrid', 'completed', 4.67, 14, 9.0, 8.6, '2026-04-25 18:51:33', '2026-04-25 18:54:24', '2026-04-25 19:02:45', '2026-04-25 19:16:45');
INSERT INTO OFFER (offer_id, trip_id, driver_id, status, sent_at, responded_at) VALUES (2127, 708, 37, 'accepted', '2026-04-25 18:51:36', '2026-04-25 18:54:24');
INSERT INTO OFFER (offer_id, trip_id, driver_id, status, sent_at, responded_at) VALUES (2128, 708, 12, 'rejected', '2026-04-25 18:51:36', '2026-04-25 18:52:19');
INSERT INTO OFFER (offer_id, trip_id, driver_id, status, sent_at, responded_at) VALUES (2129, 708, 17, 'rejected', '2026-04-25 18:51:37', '2026-04-25 18:52:04');
INSERT INTO OFFER (offer_id, trip_id, driver_id, status, sent_at, responded_at) VALUES (2130, 708, 14, 'rejected', '2026-04-25 18:51:37', '2026-04-25 18:52:20');
INSERT INTO OFFER (offer_id, trip_id, driver_id, status, sent_at, responded_at) VALUES (2131, 708, 13, 'rejected', '2026-04-25 18:51:34', '2026-04-25 18:52:24');
INSERT INTO PAYMENT (payment_id, trip_id, amount, platform_fee, driver_earnings, method, status, paid_at) VALUES (584, 708, 8.6, 1.72, 6.88, 'card', 'completed', '2026-04-25 19:19:45');
INSERT INTO TRIP (trip_id, rider_id, driver_id, vehicle_id, origin_lat, origin_lng, origin_address, dest_lat, dest_lng, dest_address, status, distance_km, duration_minutes, price_estimated, price_final, requested_at, accepted_at, started_at, finished_at) VALUES (709, 30, 28, 28, 40.4236594, -3.61288145, 'Calle de Aura Pedrosa 35 Puerta 4 , Madrid', 40.43584337, -3.6468941, 'Camino de Juan Vazquez 674 Apt. 83 , Madrid', 'completed', 4.01, 6, 8.02, 7.38, '2026-04-25 18:52:15', '2026-04-25 18:53:29', '2026-04-25 18:56:31', '2026-04-25 19:02:31');
INSERT INTO OFFER (offer_id, trip_id, driver_id, status, sent_at, responded_at) VALUES (2132, 709, 28, 'accepted', '2026-04-25 18:52:17', '2026-04-25 18:53:29');
INSERT INTO OFFER (offer_id, trip_id, driver_id, status, sent_at, responded_at) VALUES (2133, 709, 43, 'rejected', '2026-04-25 18:52:16', '2026-04-25 18:52:44');
INSERT INTO OFFER (offer_id, trip_id, driver_id, status, sent_at, responded_at) VALUES (2134, 709, 31, 'rejected', '2026-04-25 18:52:18', '2026-04-25 18:53:04');
INSERT INTO PAYMENT (payment_id, trip_id, amount, platform_fee, driver_earnings, method, status, paid_at) VALUES (585, 709, 7.38, 1.48, 5.9, 'cash', 'pending', NULL);
INSERT INTO TRIP (trip_id, rider_id, driver_id, vehicle_id, origin_lat, origin_lng, origin_address, dest_lat, dest_lng, dest_address, status, distance_km, duration_minutes, price_estimated, price_final, requested_at, accepted_at, started_at, finished_at) VALUES (710, 59, 45, 45, 40.46358957, -3.68159778, 'Cañada de Cruz Bernad 6, Madrid', 40.36762178, -3.7324749, 'Via de Cristian Zabaleta 16 Puerta 5 , Madrid', 'completed', 12.06, 22, 20.09, 21.59, '2026-04-25 18:52:32', '2026-04-25 18:53:59', '2026-04-25 19:02:18', '2026-04-25 19:24:18');
INSERT INTO OFFER (offer_id, trip_id, driver_id, status, sent_at, responded_at) VALUES (2135, 710, 45, 'accepted', '2026-04-25 18:52:35', '2026-04-25 18:53:59');
INSERT INTO OFFER (offer_id, trip_id, driver_id, status, sent_at, responded_at) VALUES (2136, 710, 25, 'rejected', '2026-04-25 18:52:35', '2026-04-25 18:53:08');
INSERT INTO PAYMENT (payment_id, trip_id, amount, platform_fee, driver_earnings, method, status, paid_at) VALUES (586, 710, 21.59, 4.32, 17.27, 'card', 'completed', '2026-04-25 19:26:18');

INSERT INTO TRIP (trip_id, rider_id, driver_id, vehicle_id, origin_lat, origin_lng, origin_address, dest_lat, dest_lng, dest_address, status, distance_km, duration_minutes, price_estimated, price_final, requested_at, accepted_at, started_at, finished_at) VALUES (711, 15, 41, 41, 40.42625767, -3.71459348, 'Cuesta de Guadalupe Salas 12 Apt. 63 , Madrid', 40.45229657, -3.74937056, 'Ronda de Loida Luna 31, Madrid', 'completed', 4.82, 13, 9.23, 8.91, '2026-04-25 18:50:32', '2026-04-25 18:53:31', '2026-04-25 18:58:59', '2026-04-25 19:11:59');
INSERT INTO OFFER (offer_id, trip_id, driver_id, status, sent_at, responded_at) VALUES (2137, 711, 41, 'accepted', '2026-04-25 18:50:34', '2026-04-25 18:53:31');
INSERT INTO OFFER (offer_id, trip_id, driver_id, status, sent_at, responded_at) VALUES (2138, 711, 18, 'rejected', '2026-04-25 18:50:34', '2026-04-25 18:50:59');
INSERT INTO OFFER (offer_id, trip_id, driver_id, status, sent_at, responded_at) VALUES (2139, 711, 2, 'rejected', '2026-04-25 18:50:35', '2026-04-25 18:51:21');
INSERT INTO OFFER (offer_id, trip_id, driver_id, status, sent_at, responded_at) VALUES (2140, 711, 15, 'expired', '2026-04-25 18:50:35', NULL);
INSERT INTO PAYMENT (payment_id, trip_id, amount, platform_fee, driver_earnings, method, status, paid_at) VALUES (587, 711, 8.91, 1.78, 7.13, 'card', 'completed', '2026-04-25 19:16:59');
INSERT INTO TRIP (trip_id, rider_id, driver_id, vehicle_id, origin_lat, origin_lng, origin_address, dest_lat, dest_lng, dest_address, status, distance_km, duration_minutes, price_estimated, price_final, requested_at, accepted_at, started_at, finished_at) VALUES (712, 60, 19, 19, 40.47007392, -3.72563275, 'Urbanización Patricio Somoza 53 Piso 4 , Madrid', 40.48876048, -3.63422939, 'Glorieta de Eli Vera 92, Madrid', 'completed', 10.36, 18, 17.54, 17.31, '2026-04-25 18:52:05', '2026-04-25 18:54:51', '2026-04-25 18:59:46', '2026-04-25 19:17:46');
INSERT INTO OFFER (offer_id, trip_id, driver_id, status, sent_at, responded_at) VALUES (2141, 712, 19, 'accepted', '2026-04-25 18:52:06', '2026-04-25 18:54:51');
INSERT INTO OFFER (offer_id, trip_id, driver_id, status, sent_at, responded_at) VALUES (2142, 712, 27, 'expired', '2026-04-25 18:52:10', NULL);
INSERT INTO OFFER (offer_id, trip_id, driver_id, status, sent_at, responded_at) VALUES (2143, 712, 17, 'expired', '2026-04-25 18:52:09', NULL);
INSERT INTO PAYMENT (payment_id, trip_id, amount, platform_fee, driver_earnings, method, status, paid_at) VALUES (588, 712, 17.31, 3.46, 13.85, 'wallet', 'pending', NULL);
INSERT INTO TRIP (trip_id, rider_id, driver_id, vehicle_id, origin_lat, origin_lng, origin_address, dest_lat, dest_lng, dest_address, status, distance_km, duration_minutes, price_estimated, price_final, requested_at, accepted_at, started_at, finished_at) VALUES (713, 99, 30, 30, 40.43067457, -3.70716026, 'Cañada de Juanita Cánovas 111 Piso 0 , Madrid', 40.39436712, -3.67119906, 'Vial Renato Gomila 76 Piso 3 , Madrid', 'completed', 5.67, 12, 10.5, 10.25, '2026-04-25 18:50:47', '2026-04-25 18:53:37', '2026-04-25 18:57:57', '2026-04-25 19:09:57');
INSERT INTO OFFER (offer_id, trip_id, driver_id, status, sent_at, responded_at) VALUES (2144, 713, 30, 'accepted', '2026-04-25 18:50:49', '2026-04-25 18:53:37');
INSERT INTO OFFER (offer_id, trip_id, driver_id, status, sent_at, responded_at) VALUES (2145, 713, 3, 'expired', '2026-04-25 18:50:48', NULL);
INSERT INTO OFFER (offer_id, trip_id, driver_id, status, sent_at, responded_at) VALUES (2146, 713, 16, 'rejected', '2026-04-25 18:50:48', '2026-04-25 18:51:11');
INSERT INTO OFFER (offer_id, trip_id, driver_id, status, sent_at, responded_at) VALUES (2147, 713, 24, 'rejected', '2026-04-25 18:50:52', '2026-04-25 18:51:41');
INSERT INTO PAYMENT (payment_id, trip_id, amount, platform_fee, driver_earnings, method, status, paid_at) VALUES (589, 713, 10.25, 2.05, 8.2, 'card', 'completed', '2026-04-25 19:13:57');
INSERT INTO TRIP (trip_id, rider_id, driver_id, vehicle_id, origin_lat, origin_lng, origin_address, dest_lat, dest_lng, dest_address, status, distance_km, duration_minutes, price_estimated, price_final, requested_at, accepted_at, started_at, finished_at) VALUES (714, 39, 13, 13, 40.39199009, -3.73592134, 'Glorieta Bruno Calatayud 14, Madrid', 40.35396282, -3.74270172, 'Cuesta Gertrudis Barreda 97, Madrid', 'completed', 4.29, 10, 8.44, 9.17, '2026-04-25 18:51:19', '2026-04-25 18:54:19', '2026-04-25 19:00:06', '2026-04-25 19:10:06');
INSERT INTO OFFER (offer_id, trip_id, driver_id, status, sent_at, responded_at) VALUES (2148, 714, 13, 'accepted', '2026-04-25 18:51:21', '2026-04-25 18:54:19');
INSERT INTO OFFER (offer_id, trip_id, driver_id, status, sent_at, responded_at) VALUES (2149, 714, 27, 'rejected', '2026-04-25 18:51:23', '2026-04-25 18:51:47');
INSERT INTO PAYMENT (payment_id, trip_id, amount, platform_fee, driver_earnings, method, status, paid_at) VALUES (590, 714, 9.17, 1.83, 7.34, 'cash', 'pending', NULL);
INSERT INTO TRIP (trip_id, rider_id, driver_id, vehicle_id, origin_lat, origin_lng, origin_address, dest_lat, dest_lng, dest_address, status, distance_km, duration_minutes, price_estimated, price_final, requested_at, accepted_at, started_at, finished_at) VALUES (715, 96, 25, 25, 40.46729485, -3.73652206, 'Paseo Isabela Ortega 2 Apt. 14 , Madrid', 40.39755844, -3.60921736, 'Paseo Ezequiel Nicolau 5, Madrid', 'completed', 16.11, 36, 26.16, 24.62, '2026-04-25 18:50:46', '2026-04-25 18:54:21', '2026-04-25 18:58:04', '2026-04-25 19:34:04');
INSERT INTO OFFER (offer_id, trip_id, driver_id, status, sent_at, responded_at) VALUES (2150, 715, 25, 'accepted', '2026-04-25 18:50:48', '2026-04-25 18:54:21');
INSERT INTO OFFER (offer_id, trip_id, driver_id, status, sent_at, responded_at) VALUES (2151, 715, 20, 'rejected', '2026-04-25 18:50:51', '2026-04-25 18:51:08');
INSERT INTO OFFER (offer_id, trip_id, driver_id, status, sent_at, responded_at) VALUES (2152, 715, 44, 'expired', '2026-04-25 18:50:47', NULL);
INSERT INTO OFFER (offer_id, trip_id, driver_id, status, sent_at, responded_at) VALUES (2153, 715, 30, 'expired', '2026-04-25 18:50:47', NULL);
INSERT INTO OFFER (offer_id, trip_id, driver_id, status, sent_at, responded_at) VALUES (2154, 715, 28, 'rejected', '2026-04-25 18:50:49', '2026-04-25 18:51:03');
INSERT INTO PAYMENT (payment_id, trip_id, amount, platform_fee, driver_earnings, method, status, paid_at) VALUES (591, 715, 24.62, 4.92, 19.7, 'card', 'completed', '2026-04-25 19:39:04');
INSERT INTO TRIP (trip_id, rider_id, driver_id, vehicle_id, origin_lat, origin_lng, origin_address, dest_lat, dest_lng, dest_address, status, distance_km, duration_minutes, price_estimated, price_final, requested_at, accepted_at, started_at, finished_at) VALUES (716, 80, 6, 6, 40.36234514, -3.68420061, 'Paseo Bartolomé Ferreras 8, Madrid', 40.43199266, -3.66741829, 'Via Juliana Castilla 2 Apt. 45 , Madrid', 'completed', 7.95, 14, 13.93, 14.09, '2026-04-25 18:52:42', '2026-04-25 18:54:25', '2026-04-25 18:57:44', '2026-04-25 19:11:44');
INSERT INTO OFFER (offer_id, trip_id, driver_id, status, sent_at, responded_at) VALUES (2155, 716, 6, 'accepted', '2026-04-25 18:52:45', '2026-04-25 18:54:25');
INSERT INTO OFFER (offer_id, trip_id, driver_id, status, sent_at, responded_at) VALUES (2156, 716, 9, 'rejected', '2026-04-25 18:52:43', '2026-04-25 18:53:31');
INSERT INTO OFFER (offer_id, trip_id, driver_id, status, sent_at, responded_at) VALUES (2157, 716, 4, 'expired', '2026-04-25 18:52:43', NULL);
INSERT INTO OFFER (offer_id, trip_id, driver_id, status, sent_at, responded_at) VALUES (2158, 716, 37, 'rejected', '2026-04-25 18:52:44', '2026-04-25 18:53:39');
INSERT INTO PAYMENT (payment_id, trip_id, amount, platform_fee, driver_earnings, method, status, paid_at) VALUES (592, 716, 14.09, 2.82, 11.27, 'wallet', 'pending', NULL);
INSERT INTO TRIP (trip_id, rider_id, driver_id, vehicle_id, origin_lat, origin_lng, origin_address, dest_lat, dest_lng, dest_address, status, distance_km, duration_minutes, price_estimated, price_final, requested_at, accepted_at, started_at, finished_at) VALUES (717, 31, 44, 44, 40.40486364, -3.61293615, 'Via Emperatriz Llabrés 3, Madrid', 40.39652841, -3.65071923, 'Callejón de Emiliana Rius 17 Puerta 8 , Madrid', 'completed', 4.29, 10, 8.44, 8.64, '2026-04-25 18:51:43', '2026-04-25 18:53:45', '2026-04-25 19:00:25', '2026-04-25 19:10:25');
INSERT INTO OFFER (offer_id, trip_id, driver_id, status, sent_at, responded_at) VALUES (2159, 717, 44, 'accepted', '2026-04-25 18:51:48', '2026-04-25 18:53:45');
INSERT INTO PAYMENT (payment_id, trip_id, amount, platform_fee, driver_earnings, method, status, paid_at) VALUES (593, 717, 8.64, 1.73, 6.91, 'card', 'pending', NULL);
INSERT INTO TRIP (trip_id, rider_id, driver_id, vehicle_id, origin_lat, origin_lng, origin_address, dest_lat, dest_lng, dest_address, status, distance_km, duration_minutes, price_estimated, price_final, requested_at, accepted_at, started_at, finished_at) VALUES (718, 51, 21, 21, 40.36445283, -3.62123166, 'Calle de Marcelo Lamas 53 Piso 4 , Madrid', 40.38080885, -3.70004561, 'Vial Cristian Goicoechea 12 Piso 9 , Madrid', 'completed', 8.93, 19, 15.39, 15.9, '2026-04-25 18:52:20', '2026-04-25 18:57:02', '2026-04-25 19:04:01', '2026-04-25 19:23:01');
INSERT INTO OFFER (offer_id, trip_id, driver_id, status, sent_at, responded_at) VALUES (2160, 718, 21, 'accepted', '2026-04-25 18:52:25', '2026-04-25 18:57:02');
INSERT INTO OFFER (offer_id, trip_id, driver_id, status, sent_at, responded_at) VALUES (2161, 718, 6, 'expired', '2026-04-25 18:52:25', NULL);
INSERT INTO PAYMENT (payment_id, trip_id, amount, platform_fee, driver_earnings, method, status, paid_at) VALUES (594, 718, 15.9, 3.18, 12.72, 'card', 'pending', NULL);
INSERT INTO TRIP (trip_id, rider_id, driver_id, vehicle_id, origin_lat, origin_lng, origin_address, dest_lat, dest_lng, dest_address, status, distance_km, duration_minutes, price_estimated, price_final, requested_at, accepted_at, started_at, finished_at) VALUES (719, 91, 2, 2, 40.48069572, -3.71292002, 'Avenida Noé Salmerón 42 Piso 9 , Madrid', 40.48485057, -3.73554867, 'Rambla de Guadalupe Mora 36, Madrid', 'completed', 2.55, 6, 5.82, 5.71, '2026-04-25 18:51:58', '2026-04-25 18:54:13', '2026-04-25 18:59:37', '2026-04-25 19:05:37');
INSERT INTO OFFER (offer_id, trip_id, driver_id, status, sent_at, responded_at) VALUES (2162, 719, 2, 'accepted', '2026-04-25 18:52:00', '2026-04-25 18:54:13');
INSERT INTO OFFER (offer_id, trip_id, driver_id, status, sent_at, responded_at) VALUES (2163, 719, 25, 'expired', '2026-04-25 18:51:59', NULL);
INSERT INTO PAYMENT (payment_id, trip_id, amount, platform_fee, driver_earnings, method, status, paid_at) VALUES (595, 719, 5.71, 1.14, 4.57, 'wallet', 'completed', '2026-04-25 19:08:37');
INSERT INTO TRIP (trip_id, rider_id, driver_id, vehicle_id, origin_lat, origin_lng, origin_address, dest_lat, dest_lng, dest_address, status, distance_km, duration_minutes, price_estimated, price_final, requested_at, accepted_at, started_at, finished_at) VALUES (720, 89, 20, 20, 40.48864842, -3.61782631, 'Urbanización Rufina Guerra 138 Puerta 6 , Madrid', 40.48932554, -3.74392098, 'Plaza Sol Arrieta 96, Madrid', 'completed', 14.0, 33, 23.0, 24.87, '2026-04-25 18:51:48', '2026-04-25 18:55:38', '2026-04-25 19:02:30', '2026-04-25 19:35:30');
INSERT INTO OFFER (offer_id, trip_id, driver_id, status, sent_at, responded_at) VALUES (2164, 720, 20, 'accepted', '2026-04-25 18:51:51', '2026-04-25 18:55:38');
INSERT INTO OFFER (offer_id, trip_id, driver_id, status, sent_at, responded_at) VALUES (2165, 720, 43, 'expired', '2026-04-25 18:51:53', NULL);
INSERT INTO OFFER (offer_id, trip_id, driver_id, status, sent_at, responded_at) VALUES (2166, 720, 12, 'expired', '2026-04-25 18:51:52', NULL);
INSERT INTO PAYMENT (payment_id, trip_id, amount, platform_fee, driver_earnings, method, status, paid_at) VALUES (596, 720, 24.87, 4.97, 19.9, 'wallet', 'completed', '2026-04-25 19:35:30');

INSERT INTO TRIP (trip_id, rider_id, driver_id, vehicle_id, origin_lat, origin_lng, origin_address, dest_lat, dest_lng, dest_address, status, distance_km, duration_minutes, price_estimated, price_final, requested_at, accepted_at, started_at, finished_at) VALUES (721, 18, 25, 25, 40.38018744, -3.70937115, 'Plaza Felicidad Coloma 7 Puerta 6 , Madrid', 40.46515204, -3.6330666, 'Avenida de Conrado Zabala 48 Piso 0 , Madrid', 'completed', 12.68, 27, 21.02, 22.93, '2026-04-25 18:52:49', '2026-04-25 18:55:53', '2026-04-25 18:59:25', '2026-04-25 19:26:25');
INSERT INTO OFFER (offer_id, trip_id, driver_id, status, sent_at, responded_at) VALUES (2167, 721, 25, 'accepted', '2026-04-25 18:52:52', '2026-04-25 18:55:53');
INSERT INTO OFFER (offer_id, trip_id, driver_id, status, sent_at, responded_at) VALUES (2168, 721, 9, 'rejected', '2026-04-25 18:52:54', '2026-04-25 18:53:25');
INSERT INTO OFFER (offer_id, trip_id, driver_id, status, sent_at, responded_at) VALUES (2169, 721, 32, 'rejected', '2026-04-25 18:52:50', '2026-04-25 18:53:09');
INSERT INTO OFFER (offer_id, trip_id, driver_id, status, sent_at, responded_at) VALUES (2170, 721, 29, 'rejected', '2026-04-25 18:52:51', '2026-04-25 18:53:01');
INSERT INTO PAYMENT (payment_id, trip_id, amount, platform_fee, driver_earnings, method, status, paid_at) VALUES (597, 721, 22.93, 4.59, 18.34, 'cash', 'completed', '2026-04-25 19:27:25');
INSERT INTO TRIP (trip_id, rider_id, driver_id, vehicle_id, origin_lat, origin_lng, origin_address, dest_lat, dest_lng, dest_address, status, distance_km, duration_minutes, price_estimated, price_final, requested_at, accepted_at, started_at, finished_at) VALUES (722, 87, 24, 24, 40.3710599, -3.64904642, 'Alameda Eligia Caro 70 Apt. 25 , Madrid', 40.41813408, -3.67008225, 'Callejón de Vinicio Gómez 52 Apt. 65 , Madrid', 'completed', 5.72, 15, 10.58, 10.79, '2026-04-25 18:51:48', '2026-04-25 18:56:41', '2026-04-25 19:06:31', '2026-04-25 19:21:31');
INSERT INTO OFFER (offer_id, trip_id, driver_id, status, sent_at, responded_at) VALUES (2171, 722, 24, 'accepted', '2026-04-25 18:51:51', '2026-04-25 18:56:41');
INSERT INTO OFFER (offer_id, trip_id, driver_id, status, sent_at, responded_at) VALUES (2172, 722, 28, 'rejected', '2026-04-25 18:51:51', '2026-04-25 18:52:29');
INSERT INTO OFFER (offer_id, trip_id, driver_id, status, sent_at, responded_at) VALUES (2173, 722, 36, 'rejected', '2026-04-25 18:51:52', '2026-04-25 18:52:15');
INSERT INTO OFFER (offer_id, trip_id, driver_id, status, sent_at, responded_at) VALUES (2174, 722, 11, 'rejected', '2026-04-25 18:51:51', '2026-04-25 18:52:08');
INSERT INTO OFFER (offer_id, trip_id, driver_id, status, sent_at, responded_at) VALUES (2175, 722, 17, 'rejected', '2026-04-25 18:51:51', '2026-04-25 18:52:40');
INSERT INTO PAYMENT (payment_id, trip_id, amount, platform_fee, driver_earnings, method, status, paid_at) VALUES (598, 722, 10.79, 2.16, 8.63, 'cash', 'completed', '2026-04-25 19:24:31');
INSERT INTO TRIP (trip_id, rider_id, driver_id, vehicle_id, origin_lat, origin_lng, origin_address, dest_lat, dest_lng, dest_address, status, distance_km, duration_minutes, price_estimated, price_final, requested_at, accepted_at, started_at, finished_at) VALUES (723, 9, 16, 16, 40.40477283, -3.70740174, 'Calle de Wálter Julián 39 Puerta 1 , Madrid', 40.41742443, -3.71681857, 'Cuesta de Fabricio Becerra 91, Madrid', 'completed', 1.75, 5, 4.62, 4.28, '2026-04-25 18:50:36', '2026-04-25 18:55:13', '2026-04-25 18:59:26', '2026-04-25 19:04:26');
INSERT INTO OFFER (offer_id, trip_id, driver_id, status, sent_at, responded_at) VALUES (2176, 723, 16, 'accepted', '2026-04-25 18:50:40', '2026-04-25 18:55:13');
INSERT INTO OFFER (offer_id, trip_id, driver_id, status, sent_at, responded_at) VALUES (2177, 723, 46, 'expired', '2026-04-25 18:50:37', NULL);
INSERT INTO OFFER (offer_id, trip_id, driver_id, status, sent_at, responded_at) VALUES (2178, 723, 6, 'rejected', '2026-04-25 18:50:37', '2026-04-25 18:51:35');
INSERT INTO PAYMENT (payment_id, trip_id, amount, platform_fee, driver_earnings, method, status, paid_at) VALUES (599, 723, 4.28, 0.86, 3.42, 'cash', 'completed', '2026-04-25 19:05:26');
INSERT INTO TRIP (trip_id, rider_id, driver_id, vehicle_id, origin_lat, origin_lng, origin_address, dest_lat, dest_lng, dest_address, status, distance_km, duration_minutes, price_estimated, price_final, requested_at, accepted_at, started_at, finished_at) VALUES (724, 1, 29, 29, 40.49652799, -3.61836412, 'Rambla de Julieta Avilés 53 Puerta 1 , Madrid', 40.48588689, -3.64469215, 'Vial de Ariel Manzano 9, Madrid', 'completed', 3.15, 6, 6.72, 6.55, '2026-04-25 18:53:08', '2026-04-25 18:57:57', '2026-04-25 19:07:44', '2026-04-25 19:13:44');
INSERT INTO OFFER (offer_id, trip_id, driver_id, status, sent_at, responded_at) VALUES (2179, 724, 29, 'accepted', '2026-04-25 18:53:09', '2026-04-25 18:57:57');
INSERT INTO PAYMENT (payment_id, trip_id, amount, platform_fee, driver_earnings, method, status, paid_at) VALUES (600, 724, 6.55, 1.31, 5.24, 'card', 'completed', '2026-04-25 19:13:44');
INSERT INTO TRIP (trip_id, rider_id, driver_id, vehicle_id, origin_lat, origin_lng, origin_address, dest_lat, dest_lng, dest_address, status, distance_km, duration_minutes, price_estimated, price_final, requested_at, accepted_at, started_at, finished_at) VALUES (725, 69, 1, 1, 40.36471094, -3.71985105, 'Paseo de Mariano Roma 344, Madrid', 40.46033889, -3.7466817, 'Paseo Jose Manuel Julián 21, Madrid', 'completed', 11.02, 26, 18.53, 17.24, '2026-04-25 18:50:17', '2026-04-25 18:53:00', '2026-04-25 19:01:21', '2026-04-25 19:27:21');
INSERT INTO OFFER (offer_id, trip_id, driver_id, status, sent_at, responded_at) VALUES (2180, 725, 1, 'accepted', '2026-04-25 18:50:21', '2026-04-25 18:53:00');
INSERT INTO OFFER (offer_id, trip_id, driver_id, status, sent_at, responded_at) VALUES (2181, 725, 28, 'expired', '2026-04-25 18:50:21', NULL);
INSERT INTO PAYMENT (payment_id, trip_id, amount, platform_fee, driver_earnings, method, status, paid_at) VALUES (601, 725, 17.24, 3.45, 13.79, 'wallet', 'pending', NULL);
INSERT INTO TRIP (trip_id, rider_id, driver_id, vehicle_id, origin_lat, origin_lng, origin_address, dest_lat, dest_lng, dest_address, status, distance_km, duration_minutes, price_estimated, price_final, requested_at, accepted_at, started_at, finished_at) VALUES (726, 29, 34, 34, 40.42872292, -3.62959137, 'Urbanización de Nicanor Gallart 46 Apt. 21 , Madrid', 40.47671802, -3.70034229, 'Camino de Javi Egea 7 Apt. 43 , Madrid', 'completed', 9.49, 18, 16.23, 14.99, '2026-04-25 18:50:18', '2026-04-25 18:54:34', '2026-04-25 18:58:55', '2026-04-25 19:16:55');
INSERT INTO OFFER (offer_id, trip_id, driver_id, status, sent_at, responded_at) VALUES (2182, 726, 34, 'accepted', '2026-04-25 18:50:20', '2026-04-25 18:54:34');
INSERT INTO OFFER (offer_id, trip_id, driver_id, status, sent_at, responded_at) VALUES (2183, 726, 1, 'expired', '2026-04-25 18:50:20', NULL);
INSERT INTO OFFER (offer_id, trip_id, driver_id, status, sent_at, responded_at) VALUES (2184, 726, 41, 'rejected', '2026-04-25 18:50:20', '2026-04-25 18:50:41');
INSERT INTO OFFER (offer_id, trip_id, driver_id, status, sent_at, responded_at) VALUES (2185, 726, 37, 'expired', '2026-04-25 18:50:22', NULL);
INSERT INTO OFFER (offer_id, trip_id, driver_id, status, sent_at, responded_at) VALUES (2186, 726, 35, 'rejected', '2026-04-25 18:50:22', '2026-04-25 18:50:59');
INSERT INTO PAYMENT (payment_id, trip_id, amount, platform_fee, driver_earnings, method, status, paid_at) VALUES (602, 726, 14.99, 3.0, 11.99, 'card', 'pending', NULL);
INSERT INTO TRIP (trip_id, rider_id, driver_id, vehicle_id, origin_lat, origin_lng, origin_address, dest_lat, dest_lng, dest_address, status, distance_km, duration_minutes, price_estimated, price_final, requested_at, accepted_at, started_at, finished_at) VALUES (727, 52, 47, 47, 40.47075361, -3.66119087, 'Cañada de Iván Salinas 54 Piso 6 , Madrid', 40.49732783, -3.74447167, 'Plaza Enrique Ródenas 17 Piso 6 , Madrid', 'completed', 9.7, 18, 16.55, 17.41, '2026-04-25 18:51:51', '2026-04-25 18:54:03', '2026-04-25 19:02:02', '2026-04-25 19:20:02');
INSERT INTO OFFER (offer_id, trip_id, driver_id, status, sent_at, responded_at) VALUES (2187, 727, 47, 'accepted', '2026-04-25 18:51:52', '2026-04-25 18:54:03');
INSERT INTO PAYMENT (payment_id, trip_id, amount, platform_fee, driver_earnings, method, status, paid_at) VALUES (603, 727, 17.41, 3.48, 13.93, 'wallet', 'completed', '2026-04-25 19:22:02');
INSERT INTO TRIP (trip_id, rider_id, driver_id, vehicle_id, origin_lat, origin_lng, origin_address, dest_lat, dest_lng, dest_address, status, distance_km, duration_minutes, price_estimated, price_final, requested_at, accepted_at, started_at, finished_at) VALUES (728, 31, NULL, NULL, 40.39344889, -3.61459135, 'Plaza Alonso Infante 53, Madrid', 40.45457744, -3.69683061, 'Paseo Mónica Arana 82, Madrid', 'requested', 11.37, NULL, 19.05, NULL, '2026-04-25 18:52:21', NULL, NULL, NULL);
INSERT INTO OFFER (offer_id, trip_id, driver_id, status, sent_at, responded_at) VALUES (2188, 728, 24, 'rejected', '2026-04-25 18:52:25', '2026-04-25 18:53:20');
INSERT INTO OFFER (offer_id, trip_id, driver_id, status, sent_at, responded_at) VALUES (2189, 728, 34, 'expired', '2026-04-25 18:52:23', NULL);
INSERT INTO OFFER (offer_id, trip_id, driver_id, status, sent_at, responded_at) VALUES (2190, 728, 26, 'expired', '2026-04-25 18:52:26', NULL);
INSERT INTO TRIP (trip_id, rider_id, driver_id, vehicle_id, origin_lat, origin_lng, origin_address, dest_lat, dest_lng, dest_address, status, distance_km, duration_minutes, price_estimated, price_final, requested_at, accepted_at, started_at, finished_at) VALUES (729, 95, 40, 40, 40.47576954, -3.61100955, 'Alameda de Claudio Marco 71, Madrid', 40.44267565, -3.61596233, 'Pasadizo Amalia Tomás 204, Madrid', 'completed', 3.71, 9, 7.56, 6.92, '2026-04-25 18:50:26', '2026-04-25 18:53:08', '2026-04-25 18:55:57', '2026-04-25 19:04:57');
INSERT INTO OFFER (offer_id, trip_id, driver_id, status, sent_at, responded_at) VALUES (2191, 729, 40, 'accepted', '2026-04-25 18:50:28', '2026-04-25 18:53:08');
INSERT INTO OFFER (offer_id, trip_id, driver_id, status, sent_at, responded_at) VALUES (2192, 729, 33, 'expired', '2026-04-25 18:50:28', NULL);
INSERT INTO OFFER (offer_id, trip_id, driver_id, status, sent_at, responded_at) VALUES (2193, 729, 48, 'expired', '2026-04-25 18:50:28', NULL);
INSERT INTO OFFER (offer_id, trip_id, driver_id, status, sent_at, responded_at) VALUES (2194, 729, 39, 'rejected', '2026-04-25 18:50:31', '2026-04-25 18:51:11');
INSERT INTO OFFER (offer_id, trip_id, driver_id, status, sent_at, responded_at) VALUES (2195, 729, 22, 'expired', '2026-04-25 18:50:29', NULL);
INSERT INTO PAYMENT (payment_id, trip_id, amount, platform_fee, driver_earnings, method, status, paid_at) VALUES (604, 729, 6.92, 1.38, 5.54, 'cash', 'completed', '2026-04-25 19:04:57');
INSERT INTO TRIP (trip_id, rider_id, driver_id, vehicle_id, origin_lat, origin_lng, origin_address, dest_lat, dest_lng, dest_address, status, distance_km, duration_minutes, price_estimated, price_final, requested_at, accepted_at, started_at, finished_at) VALUES (730, 35, 5, 5, 40.43556452, -3.71955602, 'Glorieta Rogelio Monreal 1, Madrid', 40.46399946, -3.60890808, 'Calle Jose Ignacio Barragán 63 Apt. 11 , Madrid', 'completed', 12.68, 25, 21.02, 20.73, '2026-04-25 18:52:46', '2026-04-25 18:56:46', '2026-04-25 19:00:59', '2026-04-25 19:25:59');
INSERT INTO OFFER (offer_id, trip_id, driver_id, status, sent_at, responded_at) VALUES (2196, 730, 5, 'accepted', '2026-04-25 18:52:50', '2026-04-25 18:56:46');
INSERT INTO PAYMENT (payment_id, trip_id, amount, platform_fee, driver_earnings, method, status, paid_at) VALUES (605, 730, 20.73, 4.15, 16.58, 'cash', 'completed', '2026-04-25 19:28:59');

INSERT INTO TRIP (trip_id, rider_id, driver_id, vehicle_id, origin_lat, origin_lng, origin_address, dest_lat, dest_lng, dest_address, status, distance_km, duration_minutes, price_estimated, price_final, requested_at, accepted_at, started_at, finished_at) VALUES (731, 41, 31, 31, 40.40775384, -3.66055035, 'Pasadizo de Máxima Gárate 440 Piso 5 , Madrid', 40.49301874, -3.73085336, 'Rambla Ovidio Salamanca 1 Puerta 5 , Madrid', 'completed', 12.27, 26, 20.41, 18.66, '2026-04-25 18:50:33', '2026-04-25 18:54:35', '2026-04-25 19:01:55', '2026-04-25 19:27:55');
INSERT INTO OFFER (offer_id, trip_id, driver_id, status, sent_at, responded_at) VALUES (2197, 731, 31, 'accepted', '2026-04-25 18:50:36', '2026-04-25 18:54:35');
INSERT INTO OFFER (offer_id, trip_id, driver_id, status, sent_at, responded_at) VALUES (2198, 731, 40, 'rejected', '2026-04-25 18:50:35', '2026-04-25 18:50:45');
INSERT INTO OFFER (offer_id, trip_id, driver_id, status, sent_at, responded_at) VALUES (2199, 731, 7, 'expired', '2026-04-25 18:50:35', NULL);
INSERT INTO OFFER (offer_id, trip_id, driver_id, status, sent_at, responded_at) VALUES (2200, 731, 44, 'expired', '2026-04-25 18:50:38', NULL);
INSERT INTO PAYMENT (payment_id, trip_id, amount, platform_fee, driver_earnings, method, status, paid_at) VALUES (606, 731, 18.66, 3.73, 14.93, 'cash', 'completed', '2026-04-25 19:30:55');
INSERT INTO TRIP (trip_id, rider_id, driver_id, vehicle_id, origin_lat, origin_lng, origin_address, dest_lat, dest_lng, dest_address, status, distance_km, duration_minutes, price_estimated, price_final, requested_at, accepted_at, started_at, finished_at) VALUES (732, 20, 1, 1, 40.47961907, -3.66595677, 'Urbanización de Estela Batalla 47, Madrid', 40.38490267, -3.64043616, 'Paseo Epifanio Pedro 50 Puerta 1 , Madrid', 'completed', 10.89, 21, 18.34, 19.42, '2026-04-25 18:50:23', '2026-04-25 18:52:22', '2026-04-25 19:00:07', '2026-04-25 19:21:07');
INSERT INTO OFFER (offer_id, trip_id, driver_id, status, sent_at, responded_at) VALUES (2201, 732, 1, 'accepted', '2026-04-25 18:50:24', '2026-04-25 18:52:22');
INSERT INTO PAYMENT (payment_id, trip_id, amount, platform_fee, driver_earnings, method, status, paid_at) VALUES (607, 732, 19.42, 3.88, 15.54, 'card', 'completed', '2026-04-25 19:25:07');
INSERT INTO TRIP (trip_id, rider_id, driver_id, vehicle_id, origin_lat, origin_lng, origin_address, dest_lat, dest_lng, dest_address, status, distance_km, duration_minutes, price_estimated, price_final, requested_at, accepted_at, started_at, finished_at) VALUES (733, 3, 17, 17, 40.38226431, -3.64437197, 'Alameda de Nereida Cases 752 Puerta 6 , Madrid', 40.3848449, -3.71915282, 'Pasaje de Emiliano Montesinos 8, Madrid', 'completed', 8.31, 15, 14.46, 15.31, '2026-04-25 18:52:27', '2026-04-25 18:56:17', '2026-04-25 19:04:03', '2026-04-25 19:19:03');
INSERT INTO OFFER (offer_id, trip_id, driver_id, status, sent_at, responded_at) VALUES (2202, 733, 48, 'expired', '2026-04-25 18:52:30', NULL);
INSERT INTO OFFER (offer_id, trip_id, driver_id, status, sent_at, responded_at) VALUES (2203, 733, 1, 'rejected', '2026-04-25 18:52:28', '2026-04-25 18:52:58');
INSERT INTO OFFER (offer_id, trip_id, driver_id, status, sent_at, responded_at) VALUES (2204, 733, 28, 'rejected', '2026-04-25 18:52:28', '2026-04-25 18:53:22');
INSERT INTO OFFER (offer_id, trip_id, driver_id, status, sent_at, responded_at) VALUES (2205, 733, 17, 'accepted', '2026-04-25 18:52:32', '2026-04-25 18:56:17');
INSERT INTO OFFER (offer_id, trip_id, driver_id, status, sent_at, responded_at) VALUES (2206, 733, 40, 'rejected', '2026-04-25 18:52:28', '2026-04-25 18:53:00');
INSERT INTO PAYMENT (payment_id, trip_id, amount, platform_fee, driver_earnings, method, status, paid_at) VALUES (608, 733, 15.31, 3.06, 12.25, 'card', 'completed', '2026-04-25 19:20:03');
INSERT INTO TRIP (trip_id, rider_id, driver_id, vehicle_id, origin_lat, origin_lng, origin_address, dest_lat, dest_lng, dest_address, status, distance_km, duration_minutes, price_estimated, price_final, requested_at, accepted_at, started_at, finished_at) VALUES (734, 55, 30, 30, 40.49826311, -3.60524959, 'Rambla de Sara Vives 46 Puerta 1 , Madrid', 40.43754582, -3.61210068, 'C. Pilar Cuevas 63 Puerta 7 , Madrid', 'completed', 6.78, 13, 12.17, 13.22, '2026-04-25 18:53:02', '2026-04-25 18:54:43', '2026-04-25 18:58:08', '2026-04-25 19:11:08');
INSERT INTO OFFER (offer_id, trip_id, driver_id, status, sent_at, responded_at) VALUES (2207, 734, 30, 'accepted', '2026-04-25 18:53:07', '2026-04-25 18:54:43');
INSERT INTO OFFER (offer_id, trip_id, driver_id, status, sent_at, responded_at) VALUES (2208, 734, 6, 'expired', '2026-04-25 18:53:04', NULL);
INSERT INTO OFFER (offer_id, trip_id, driver_id, status, sent_at, responded_at) VALUES (2209, 734, 42, 'expired', '2026-04-25 18:53:03', NULL);
INSERT INTO PAYMENT (payment_id, trip_id, amount, platform_fee, driver_earnings, method, status, paid_at) VALUES (609, 734, 13.22, 2.64, 10.58, 'card', 'completed', '2026-04-25 19:12:08');
INSERT INTO TRIP (trip_id, rider_id, driver_id, vehicle_id, origin_lat, origin_lng, origin_address, dest_lat, dest_lng, dest_address, status, distance_km, duration_minutes, price_estimated, price_final, requested_at, accepted_at, started_at, finished_at) VALUES (735, 72, 50, 50, 40.41184767, -3.6504035, 'Glorieta Elba Canales 56, Madrid', 40.4529473, -3.63171091, 'Glorieta Bernardita Solé 24, Madrid', 'completed', 5.01, 8, 9.52, 10.24, '2026-04-25 18:52:46', '2026-04-25 18:53:59', '2026-04-25 19:01:45', '2026-04-25 19:09:45');
INSERT INTO OFFER (offer_id, trip_id, driver_id, status, sent_at, responded_at) VALUES (2210, 735, 50, 'accepted', '2026-04-25 18:52:47', '2026-04-25 18:53:59');
INSERT INTO PAYMENT (payment_id, trip_id, amount, platform_fee, driver_earnings, method, status, paid_at) VALUES (610, 735, 10.24, 2.05, 8.19, 'wallet', 'completed', '2026-04-25 19:09:45');
INSERT INTO TRIP (trip_id, rider_id, driver_id, vehicle_id, origin_lat, origin_lng, origin_address, dest_lat, dest_lng, dest_address, status, distance_km, duration_minutes, price_estimated, price_final, requested_at, accepted_at, started_at, finished_at) VALUES (736, 9, 40, 40, 40.49000502, -3.69392098, 'Acceso de Isaías Campillo 72, Madrid', 40.45109987, -3.72758024, 'Callejón Hipólito Vilaplana 35 Apt. 19 , Madrid', 'completed', 5.71, 15, 10.56, 10.35, '2026-04-25 18:52:21', '2026-04-25 18:54:56', '2026-04-25 19:02:15', '2026-04-25 19:17:15');
INSERT INTO OFFER (offer_id, trip_id, driver_id, status, sent_at, responded_at) VALUES (2211, 736, 40, 'accepted', '2026-04-25 18:52:23', '2026-04-25 18:54:56');
INSERT INTO PAYMENT (payment_id, trip_id, amount, platform_fee, driver_earnings, method, status, paid_at) VALUES (611, 736, 10.35, 2.07, 8.28, 'cash', 'completed', '2026-04-25 19:17:15');
INSERT INTO TRIP (trip_id, rider_id, driver_id, vehicle_id, origin_lat, origin_lng, origin_address, dest_lat, dest_lng, dest_address, status, distance_km, duration_minutes, price_estimated, price_final, requested_at, accepted_at, started_at, finished_at) VALUES (737, 76, 15, 15, 40.38218759, -3.64006161, 'Ronda de Ángela Ledesma 8 Piso 4 , Madrid', 40.49750738, -3.70430703, 'Avenida Guadalupe Cazorla 50, Madrid', 'completed', 14.65, 34, 23.98, 24.83, '2026-04-25 18:50:35', '2026-04-25 18:54:47', '2026-04-25 18:57:23', '2026-04-25 19:31:23');
INSERT INTO OFFER (offer_id, trip_id, driver_id, status, sent_at, responded_at) VALUES (2212, 737, 15, 'accepted', '2026-04-25 18:50:37', '2026-04-25 18:54:47');
INSERT INTO OFFER (offer_id, trip_id, driver_id, status, sent_at, responded_at) VALUES (2213, 737, 22, 'rejected', '2026-04-25 18:50:39', '2026-04-25 18:51:29');
INSERT INTO OFFER (offer_id, trip_id, driver_id, status, sent_at, responded_at) VALUES (2214, 737, 28, 'rejected', '2026-04-25 18:50:38', '2026-04-25 18:51:13');
INSERT INTO PAYMENT (payment_id, trip_id, amount, platform_fee, driver_earnings, method, status, paid_at) VALUES (612, 737, 24.83, 4.97, 19.86, 'card', 'completed', '2026-04-25 19:31:23');
INSERT INTO TRIP (trip_id, rider_id, driver_id, vehicle_id, origin_lat, origin_lng, origin_address, dest_lat, dest_lng, dest_address, status, distance_km, duration_minutes, price_estimated, price_final, requested_at, accepted_at, started_at, finished_at) VALUES (738, 75, NULL, NULL, 40.38644797, -3.62297092, 'Ronda Moisés Bosch 225 Apt. 02 , Madrid', 40.38834206, -3.70946517, 'Plaza Macario Puig 66, Madrid', 'cancelled', 9.6, NULL, 16.4, NULL, '2026-04-25 18:51:59', NULL, NULL, NULL);
INSERT INTO OFFER (offer_id, trip_id, driver_id, status, sent_at, responded_at) VALUES (2215, 738, 10, 'expired', '2026-04-25 18:52:03', NULL);
INSERT INTO OFFER (offer_id, trip_id, driver_id, status, sent_at, responded_at) VALUES (2216, 738, 20, 'expired', '2026-04-25 18:52:03', NULL);
INSERT INTO OFFER (offer_id, trip_id, driver_id, status, sent_at, responded_at) VALUES (2217, 738, 12, 'expired', '2026-04-25 18:52:01', NULL);
INSERT INTO TRIP (trip_id, rider_id, driver_id, vehicle_id, origin_lat, origin_lng, origin_address, dest_lat, dest_lng, dest_address, status, distance_km, duration_minutes, price_estimated, price_final, requested_at, accepted_at, started_at, finished_at) VALUES (739, 81, 21, 21, 40.39076243, -3.66332529, 'Acceso Eleuterio Ferrero 848 Apt. 54 , Madrid', 40.43680078, -3.69511694, 'Acceso Bibiana Cadenas 96 Puerta 8 , Madrid', 'completed', 6.21, 16, 11.31, 10.82, '2026-04-25 18:52:56', '2026-04-25 18:57:44', '2026-04-25 19:05:16', '2026-04-25 19:21:16');
INSERT INTO OFFER (offer_id, trip_id, driver_id, status, sent_at, responded_at) VALUES (2218, 739, 21, 'accepted', '2026-04-25 18:52:58', '2026-04-25 18:57:44');
INSERT INTO PAYMENT (payment_id, trip_id, amount, platform_fee, driver_earnings, method, status, paid_at) VALUES (613, 739, 10.82, 2.16, 8.66, 'cash', 'completed', '2026-04-25 19:21:16');
INSERT INTO TRIP (trip_id, rider_id, driver_id, vehicle_id, origin_lat, origin_lng, origin_address, dest_lat, dest_lng, dest_address, status, distance_km, duration_minutes, price_estimated, price_final, requested_at, accepted_at, started_at, finished_at) VALUES (740, 33, 13, 13, 40.39751383, -3.69488127, 'Pasadizo Aurelia Gomis 5 Piso 5 , Madrid', 40.47199239, -3.61164801, 'Glorieta Celso Galvez 83, Madrid', 'completed', 12.4, 23, 20.6, 21.83, '2026-04-25 18:52:31', '2026-04-25 18:57:27', '2026-04-25 18:59:58', '2026-04-25 19:22:58');
INSERT INTO OFFER (offer_id, trip_id, driver_id, status, sent_at, responded_at) VALUES (2219, 740, 13, 'accepted', '2026-04-25 18:52:34', '2026-04-25 18:57:27');
INSERT INTO PAYMENT (payment_id, trip_id, amount, platform_fee, driver_earnings, method, status, paid_at) VALUES (614, 740, 21.83, 4.37, 17.46, 'card', 'pending', NULL);

INSERT INTO TRIP (trip_id, rider_id, driver_id, vehicle_id, origin_lat, origin_lng, origin_address, dest_lat, dest_lng, dest_address, status, distance_km, duration_minutes, price_estimated, price_final, requested_at, accepted_at, started_at, finished_at) VALUES (741, 72, 34, 34, 40.39523493, -3.72064843, 'Plaza de Patricia Cabrera 60 Puerta 6 , Madrid', 40.35256229, -3.63514231, 'Pasaje de Jose Luis Alvarez 272 Piso 2 , Madrid', 'completed', 10.61, 23, 17.91, 18.16, '2026-04-25 18:50:27', '2026-04-25 18:51:41', '2026-04-25 18:58:59', '2026-04-25 19:21:59');
INSERT INTO OFFER (offer_id, trip_id, driver_id, status, sent_at, responded_at) VALUES (2220, 741, 34, 'accepted', '2026-04-25 18:50:32', '2026-04-25 18:51:41');
INSERT INTO OFFER (offer_id, trip_id, driver_id, status, sent_at, responded_at) VALUES (2221, 741, 32, 'expired', '2026-04-25 18:50:31', NULL);
INSERT INTO OFFER (offer_id, trip_id, driver_id, status, sent_at, responded_at) VALUES (2222, 741, 47, 'rejected', '2026-04-25 18:50:31', '2026-04-25 18:51:20');
INSERT INTO PAYMENT (payment_id, trip_id, amount, platform_fee, driver_earnings, method, status, paid_at) VALUES (615, 741, 18.16, 3.63, 14.53, 'card', 'pending', NULL);
INSERT INTO TRIP (trip_id, rider_id, driver_id, vehicle_id, origin_lat, origin_lng, origin_address, dest_lat, dest_lng, dest_address, status, distance_km, duration_minutes, price_estimated, price_final, requested_at, accepted_at, started_at, finished_at) VALUES (742, 85, 6, 6, 40.37268913, -3.61725731, 'Cañada Héctor Huertas 4 Piso 3 , Madrid', 40.43993429, -3.68120403, 'Calle de Raquel Vicens 1, Madrid', 'completed', 10.3, 19, 17.45, 17.54, '2026-04-25 18:51:03', '2026-04-25 18:54:47', '2026-04-25 19:02:39', '2026-04-25 19:21:39');
INSERT INTO OFFER (offer_id, trip_id, driver_id, status, sent_at, responded_at) VALUES (2223, 742, 6, 'accepted', '2026-04-25 18:51:06', '2026-04-25 18:54:47');
INSERT INTO OFFER (offer_id, trip_id, driver_id, status, sent_at, responded_at) VALUES (2224, 742, 27, 'rejected', '2026-04-25 18:51:08', '2026-04-25 18:51:55');
INSERT INTO OFFER (offer_id, trip_id, driver_id, status, sent_at, responded_at) VALUES (2225, 742, 40, 'expired', '2026-04-25 18:51:08', NULL);
INSERT INTO OFFER (offer_id, trip_id, driver_id, status, sent_at, responded_at) VALUES (2226, 742, 7, 'rejected', '2026-04-25 18:51:06', '2026-04-25 18:51:14');
INSERT INTO OFFER (offer_id, trip_id, driver_id, status, sent_at, responded_at) VALUES (2227, 742, 48, 'rejected', '2026-04-25 18:51:04', '2026-04-25 18:51:18');
INSERT INTO PAYMENT (payment_id, trip_id, amount, platform_fee, driver_earnings, method, status, paid_at) VALUES (616, 742, 17.54, 3.51, 14.03, 'card', 'completed', '2026-04-25 19:24:39');
INSERT INTO TRIP (trip_id, rider_id, driver_id, vehicle_id, origin_lat, origin_lng, origin_address, dest_lat, dest_lng, dest_address, status, distance_km, duration_minutes, price_estimated, price_final, requested_at, accepted_at, started_at, finished_at) VALUES (743, 62, 21, 21, 40.43422882, -3.72972678, 'Plaza de Eugenio Aragonés 431 Apt. 16 , Madrid', 40.39701598, -3.60683042, 'Pasaje de Lope Malo 54, Madrid', 'completed', 14.25, 26, 23.38, 24.25, '2026-04-25 18:51:50', '2026-04-25 18:55:25', '2026-04-25 19:03:37', '2026-04-25 19:29:37');
INSERT INTO OFFER (offer_id, trip_id, driver_id, status, sent_at, responded_at) VALUES (2228, 743, 21, 'accepted', '2026-04-25 18:51:55', '2026-04-25 18:55:25');
INSERT INTO OFFER (offer_id, trip_id, driver_id, status, sent_at, responded_at) VALUES (2229, 743, 10, 'rejected', '2026-04-25 18:51:51', '2026-04-25 18:52:23');
INSERT INTO OFFER (offer_id, trip_id, driver_id, status, sent_at, responded_at) VALUES (2230, 743, 37, 'rejected', '2026-04-25 18:51:55', '2026-04-25 18:52:15');
INSERT INTO PAYMENT (payment_id, trip_id, amount, platform_fee, driver_earnings, method, status, paid_at) VALUES (617, 743, 24.25, 4.85, 19.4, 'card', 'completed', '2026-04-25 19:31:37');
INSERT INTO TRIP (trip_id, rider_id, driver_id, vehicle_id, origin_lat, origin_lng, origin_address, dest_lat, dest_lng, dest_address, status, distance_km, duration_minutes, price_estimated, price_final, requested_at, accepted_at, started_at, finished_at) VALUES (744, 21, 25, 25, 40.37350527, -3.7015879, 'Plaza de Lucas Capdevila 946, Madrid', 40.49381069, -3.72582776, 'Alameda Marcos Ribera 74 Apt. 45 , Madrid', 'cancelled', 13.62, NULL, 22.43, NULL, '2026-04-25 18:51:20', '2026-04-25 18:52:33', NULL, NULL);
INSERT INTO OFFER (offer_id, trip_id, driver_id, status, sent_at, responded_at) VALUES (2231, 744, 25, 'accepted', '2026-04-25 18:51:22', '2026-04-25 18:52:33');
INSERT INTO TRIP (trip_id, rider_id, driver_id, vehicle_id, origin_lat, origin_lng, origin_address, dest_lat, dest_lng, dest_address, status, distance_km, duration_minutes, price_estimated, price_final, requested_at, accepted_at, started_at, finished_at) VALUES (745, 67, 45, 45, 40.49505982, -3.73796198, 'C. de Macaria Jáuregui 14, Madrid', 40.38025427, -3.61413434, 'Paseo de Sara Landa 54, Madrid', 'completed', 18.74, 40, 30.11, 28.76, '2026-04-25 18:51:51', '2026-04-25 18:54:08', '2026-04-25 18:57:54', '2026-04-25 19:37:54');
INSERT INTO OFFER (offer_id, trip_id, driver_id, status, sent_at, responded_at) VALUES (2232, 745, 45, 'accepted', '2026-04-25 18:51:54', '2026-04-25 18:54:08');
INSERT INTO OFFER (offer_id, trip_id, driver_id, status, sent_at, responded_at) VALUES (2233, 745, 8, 'rejected', '2026-04-25 18:51:54', '2026-04-25 18:52:11');
INSERT INTO PAYMENT (payment_id, trip_id, amount, platform_fee, driver_earnings, method, status, paid_at) VALUES (618, 745, 28.76, 5.75, 23.01, 'wallet', 'pending', NULL);
INSERT INTO TRIP (trip_id, rider_id, driver_id, vehicle_id, origin_lat, origin_lng, origin_address, dest_lat, dest_lng, dest_address, status, distance_km, duration_minutes, price_estimated, price_final, requested_at, accepted_at, started_at, finished_at) VALUES (746, 60, 5, 5, 40.43612189, -3.60620944, 'Ronda de Francisca Cañellas 13, Madrid', 40.3710076, -3.65307854, 'Vial René Peñalver 59, Madrid', 'completed', 8.91, 18, 15.37, 15.17, '2026-04-25 18:51:04', '2026-04-25 18:53:29', '2026-04-25 19:01:42', '2026-04-25 19:19:42');
INSERT INTO OFFER (offer_id, trip_id, driver_id, status, sent_at, responded_at) VALUES (2234, 746, 5, 'accepted', '2026-04-25 18:51:05', '2026-04-25 18:53:29');
INSERT INTO OFFER (offer_id, trip_id, driver_id, status, sent_at, responded_at) VALUES (2235, 746, 42, 'expired', '2026-04-25 18:51:05', NULL);
INSERT INTO PAYMENT (payment_id, trip_id, amount, platform_fee, driver_earnings, method, status, paid_at) VALUES (619, 746, 15.17, 3.03, 12.14, 'card', 'completed', '2026-04-25 19:23:42');
INSERT INTO TRIP (trip_id, rider_id, driver_id, vehicle_id, origin_lat, origin_lng, origin_address, dest_lat, dest_lng, dest_address, status, distance_km, duration_minutes, price_estimated, price_final, requested_at, accepted_at, started_at, finished_at) VALUES (747, 21, 4, 4, 40.40796747, -3.66947927, 'Paseo Ainara Antón 2, Madrid', 40.37171422, -3.72008688, 'Glorieta Encarnación Alcolea 494, Madrid', 'completed', 6.91, 16, 12.37, 12.86, '2026-04-25 18:51:41', '2026-04-25 18:53:54', '2026-04-25 19:01:04', '2026-04-25 19:17:04');
INSERT INTO OFFER (offer_id, trip_id, driver_id, status, sent_at, responded_at) VALUES (2236, 747, 4, 'accepted', '2026-04-25 18:51:43', '2026-04-25 18:53:54');
INSERT INTO OFFER (offer_id, trip_id, driver_id, status, sent_at, responded_at) VALUES (2237, 747, 46, 'expired', '2026-04-25 18:51:44', NULL);
INSERT INTO OFFER (offer_id, trip_id, driver_id, status, sent_at, responded_at) VALUES (2238, 747, 40, 'expired', '2026-04-25 18:51:42', NULL);
INSERT INTO PAYMENT (payment_id, trip_id, amount, platform_fee, driver_earnings, method, status, paid_at) VALUES (620, 747, 12.86, 2.57, 10.29, 'wallet', 'completed', '2026-04-25 19:21:04');
INSERT INTO TRIP (trip_id, rider_id, driver_id, vehicle_id, origin_lat, origin_lng, origin_address, dest_lat, dest_lng, dest_address, status, distance_km, duration_minutes, price_estimated, price_final, requested_at, accepted_at, started_at, finished_at) VALUES (748, 91, 20, 20, 40.44986185, -3.63504436, 'C. de Javi Pardo 4, Madrid', 40.42268455, -3.62526756, 'Calle Olga Pizarro 74, Madrid', 'completed', 3.21, 9, 6.81, 7.22, '2026-04-25 18:52:31', '2026-04-25 18:56:55', '2026-04-25 19:03:05', '2026-04-25 19:12:05');
INSERT INTO OFFER (offer_id, trip_id, driver_id, status, sent_at, responded_at) VALUES (2239, 748, 20, 'accepted', '2026-04-25 18:52:35', '2026-04-25 18:56:55');
INSERT INTO OFFER (offer_id, trip_id, driver_id, status, sent_at, responded_at) VALUES (2240, 748, 17, 'expired', '2026-04-25 18:52:35', NULL);
INSERT INTO OFFER (offer_id, trip_id, driver_id, status, sent_at, responded_at) VALUES (2241, 748, 25, 'expired', '2026-04-25 18:52:32', NULL);
INSERT INTO OFFER (offer_id, trip_id, driver_id, status, sent_at, responded_at) VALUES (2242, 748, 48, 'rejected', '2026-04-25 18:52:34', '2026-04-25 18:53:17');
INSERT INTO PAYMENT (payment_id, trip_id, amount, platform_fee, driver_earnings, method, status, paid_at) VALUES (621, 748, 7.22, 1.44, 5.78, 'cash', 'completed', '2026-04-25 19:14:05');
INSERT INTO TRIP (trip_id, rider_id, driver_id, vehicle_id, origin_lat, origin_lng, origin_address, dest_lat, dest_lng, dest_address, status, distance_km, duration_minutes, price_estimated, price_final, requested_at, accepted_at, started_at, finished_at) VALUES (749, 25, 17, 17, 40.49941512, -3.74045698, 'Rambla Ciríaco Redondo 4, Madrid', 40.47655966, -3.71931132, 'Paseo Galo Sotelo 98, Madrid', 'completed', 3.46, 9, 7.19, 7.63, '2026-04-25 18:50:33', '2026-04-25 18:54:15', '2026-04-25 18:59:10', '2026-04-25 19:08:10');
INSERT INTO OFFER (offer_id, trip_id, driver_id, status, sent_at, responded_at) VALUES (2243, 749, 17, 'accepted', '2026-04-25 18:50:34', '2026-04-25 18:54:15');
INSERT INTO PAYMENT (payment_id, trip_id, amount, platform_fee, driver_earnings, method, status, paid_at) VALUES (622, 749, 7.63, 1.53, 6.1, 'card', 'pending', NULL);
INSERT INTO TRIP (trip_id, rider_id, driver_id, vehicle_id, origin_lat, origin_lng, origin_address, dest_lat, dest_lng, dest_address, status, distance_km, duration_minutes, price_estimated, price_final, requested_at, accepted_at, started_at, finished_at) VALUES (750, 15, 5, 5, 40.47326728, -3.60342808, 'Alameda de Hugo Saura 49, Madrid', 40.46917374, -3.71514718, 'Plaza Santos Albero 73 Piso 5 , Madrid', 'completed', 12.41, 29, 20.62, 22.47, '2026-04-25 18:50:38', '2026-04-25 18:54:17', '2026-04-25 19:04:10', '2026-04-25 19:33:10');
INSERT INTO OFFER (offer_id, trip_id, driver_id, status, sent_at, responded_at) VALUES (2244, 750, 5, 'accepted', '2026-04-25 18:50:41', '2026-04-25 18:54:17');
INSERT INTO OFFER (offer_id, trip_id, driver_id, status, sent_at, responded_at) VALUES (2245, 750, 12, 'expired', '2026-04-25 18:50:39', NULL);
INSERT INTO PAYMENT (payment_id, trip_id, amount, platform_fee, driver_earnings, method, status, paid_at) VALUES (623, 750, 22.47, 4.49, 17.98, 'card', 'pending', NULL);

INSERT INTO TRIP (trip_id, rider_id, driver_id, vehicle_id, origin_lat, origin_lng, origin_address, dest_lat, dest_lng, dest_address, status, distance_km, duration_minutes, price_estimated, price_final, requested_at, accepted_at, started_at, finished_at) VALUES (751, 63, 36, 36, 40.46568495, -3.72113631, 'Alameda Alejo Priego 72 Apt. 44 , Madrid', 40.36227082, -3.74433097, 'Cuesta Agustina Marqués 15 Piso 1 , Madrid', 'completed', 11.76, 25, 19.64, 21.0, '2026-04-25 18:50:43', '2026-04-25 18:55:31', '2026-04-25 19:00:26', '2026-04-25 19:25:26');
INSERT INTO OFFER (offer_id, trip_id, driver_id, status, sent_at, responded_at) VALUES (2246, 751, 36, 'accepted', '2026-04-25 18:50:47', '2026-04-25 18:55:31');
INSERT INTO OFFER (offer_id, trip_id, driver_id, status, sent_at, responded_at) VALUES (2247, 751, 15, 'expired', '2026-04-25 18:50:47', NULL);
INSERT INTO OFFER (offer_id, trip_id, driver_id, status, sent_at, responded_at) VALUES (2248, 751, 19, 'rejected', '2026-04-25 18:50:44', '2026-04-25 18:51:13');
INSERT INTO OFFER (offer_id, trip_id, driver_id, status, sent_at, responded_at) VALUES (2249, 751, 7, 'expired', '2026-04-25 18:50:45', NULL);
INSERT INTO OFFER (offer_id, trip_id, driver_id, status, sent_at, responded_at) VALUES (2250, 751, 31, 'expired', '2026-04-25 18:50:48', NULL);
INSERT INTO PAYMENT (payment_id, trip_id, amount, platform_fee, driver_earnings, method, status, paid_at) VALUES (624, 751, 21.0, 4.2, 16.8, 'card', 'completed', '2026-04-25 19:27:26');
INSERT INTO TRIP (trip_id, rider_id, driver_id, vehicle_id, origin_lat, origin_lng, origin_address, dest_lat, dest_lng, dest_address, status, distance_km, duration_minutes, price_estimated, price_final, requested_at, accepted_at, started_at, finished_at) VALUES (752, 99, 28, 28, 40.44879626, -3.62235604, 'Urbanización Cayetana Garzón 9, Madrid', 40.40177591, -3.72491696, 'Vial Darío Torrens 19 Puerta 5 , Madrid', 'completed', 12.52, 30, 20.78, 19.07, '2026-04-25 18:52:36', '2026-04-25 18:53:57', '2026-04-25 19:00:05', '2026-04-25 19:30:05');
INSERT INTO OFFER (offer_id, trip_id, driver_id, status, sent_at, responded_at) VALUES (2251, 752, 28, 'accepted', '2026-04-25 18:52:37', '2026-04-25 18:53:57');
INSERT INTO PAYMENT (payment_id, trip_id, amount, platform_fee, driver_earnings, method, status, paid_at) VALUES (625, 752, 19.07, 3.81, 15.26, 'cash', 'completed', '2026-04-25 19:34:05');
INSERT INTO TRIP (trip_id, rider_id, driver_id, vehicle_id, origin_lat, origin_lng, origin_address, dest_lat, dest_lng, dest_address, status, distance_km, duration_minutes, price_estimated, price_final, requested_at, accepted_at, started_at, finished_at) VALUES (753, 4, NULL, NULL, 40.3758327, -3.63286507, 'Paseo de Tania Ferrán 36 Puerta 3 , Madrid', 40.42267385, -3.66009265, 'C. Abilio Solera 10, Madrid', 'requested', 6.01, NULL, 11.02, NULL, '2026-04-25 18:50:37', NULL, NULL, NULL);
INSERT INTO OFFER (offer_id, trip_id, driver_id, status, sent_at, responded_at) VALUES (2252, 753, 48, 'expired', '2026-04-25 18:50:40', NULL);
INSERT INTO OFFER (offer_id, trip_id, driver_id, status, sent_at, responded_at) VALUES (2253, 753, 29, 'rejected', '2026-04-25 18:50:39', '2026-04-25 18:51:34');
INSERT INTO TRIP (trip_id, rider_id, driver_id, vehicle_id, origin_lat, origin_lng, origin_address, dest_lat, dest_lng, dest_address, status, distance_km, duration_minutes, price_estimated, price_final, requested_at, accepted_at, started_at, finished_at) VALUES (754, 83, 21, 21, 40.45888744, -3.67901446, 'Urbanización Nacho Abad 24 Puerta 6 , Madrid', 40.43339287, -3.70949357, 'Urbanización Donato Atienza 47, Madrid', 'completed', 4.41, 12, 8.62, 8.58, '2026-04-25 18:51:36', '2026-04-25 18:53:14', '2026-04-25 18:58:04', '2026-04-25 19:10:04');
INSERT INTO OFFER (offer_id, trip_id, driver_id, status, sent_at, responded_at) VALUES (2254, 754, 21, 'accepted', '2026-04-25 18:51:39', '2026-04-25 18:53:14');
INSERT INTO PAYMENT (payment_id, trip_id, amount, platform_fee, driver_earnings, method, status, paid_at) VALUES (626, 754, 8.58, 1.72, 6.86, 'card', 'pending', NULL);
INSERT INTO TRIP (trip_id, rider_id, driver_id, vehicle_id, origin_lat, origin_lng, origin_address, dest_lat, dest_lng, dest_address, status, distance_km, duration_minutes, price_estimated, price_final, requested_at, accepted_at, started_at, finished_at) VALUES (755, 84, 48, 48, 40.35789838, -3.72067591, 'Plaza de Natalia Iborra 778, Madrid', 40.3614832, -3.60781634, 'Pasadizo de Juan José Avilés 51 Piso 3 , Madrid', 'completed', 12.53, 29, 20.79, 22.74, '2026-04-25 18:51:16', '2026-04-25 18:53:07', '2026-04-25 19:00:30', '2026-04-25 19:29:30');
INSERT INTO OFFER (offer_id, trip_id, driver_id, status, sent_at, responded_at) VALUES (2255, 755, 48, 'accepted', '2026-04-25 18:51:19', '2026-04-25 18:53:07');
INSERT INTO OFFER (offer_id, trip_id, driver_id, status, sent_at, responded_at) VALUES (2256, 755, 12, 'rejected', '2026-04-25 18:51:17', '2026-04-25 18:51:39');
INSERT INTO OFFER (offer_id, trip_id, driver_id, status, sent_at, responded_at) VALUES (2257, 755, 3, 'expired', '2026-04-25 18:51:19', NULL);
INSERT INTO PAYMENT (payment_id, trip_id, amount, platform_fee, driver_earnings, method, status, paid_at) VALUES (627, 755, 22.74, 4.55, 18.19, 'card', 'completed', '2026-04-25 19:30:30');
INSERT INTO TRIP (trip_id, rider_id, driver_id, vehicle_id, origin_lat, origin_lng, origin_address, dest_lat, dest_lng, dest_address, status, distance_km, duration_minutes, price_estimated, price_final, requested_at, accepted_at, started_at, finished_at) VALUES (756, 58, 20, 20, 40.40334294, -3.71701647, 'Acceso Severiano Ugarte 56 Apt. 06 , Madrid', 40.46503743, -3.68090544, 'Glorieta Édgar Lobato 237, Madrid', 'completed', 7.93, 14, 13.89, 14.09, '2026-04-25 18:50:59', '2026-04-25 18:52:46', '2026-04-25 18:56:41', '2026-04-25 19:10:41');
INSERT INTO OFFER (offer_id, trip_id, driver_id, status, sent_at, responded_at) VALUES (2258, 756, 11, 'rejected', '2026-04-25 18:51:03', '2026-04-25 18:51:33');
INSERT INTO OFFER (offer_id, trip_id, driver_id, status, sent_at, responded_at) VALUES (2259, 756, 7, 'rejected', '2026-04-25 18:51:01', '2026-04-25 18:51:57');
INSERT INTO OFFER (offer_id, trip_id, driver_id, status, sent_at, responded_at) VALUES (2260, 756, 41, 'expired', '2026-04-25 18:51:00', NULL);
INSERT INTO OFFER (offer_id, trip_id, driver_id, status, sent_at, responded_at) VALUES (2261, 756, 20, 'accepted', '2026-04-25 18:51:03', '2026-04-25 18:52:46');
INSERT INTO OFFER (offer_id, trip_id, driver_id, status, sent_at, responded_at) VALUES (2262, 756, 18, 'expired', '2026-04-25 18:51:04', NULL);
INSERT INTO PAYMENT (payment_id, trip_id, amount, platform_fee, driver_earnings, method, status, paid_at) VALUES (628, 756, 14.09, 2.82, 11.27, 'cash', 'completed', '2026-04-25 19:14:41');
INSERT INTO TRIP (trip_id, rider_id, driver_id, vehicle_id, origin_lat, origin_lng, origin_address, dest_lat, dest_lng, dest_address, status, distance_km, duration_minutes, price_estimated, price_final, requested_at, accepted_at, started_at, finished_at) VALUES (757, 44, 17, 17, 40.40790366, -3.64658885, 'C. Ana Carlos 55 Apt. 33 , Madrid', 40.46224239, -3.69645882, 'Pasaje Poncio Teruel 882 Piso 3 , Madrid', 'completed', 8.19, 19, 14.29, 15.15, '2026-04-25 18:50:55', '2026-04-25 18:54:37', '2026-04-25 19:00:48', '2026-04-25 19:19:48');
INSERT INTO OFFER (offer_id, trip_id, driver_id, status, sent_at, responded_at) VALUES (2263, 757, 17, 'accepted', '2026-04-25 18:50:59', '2026-04-25 18:54:37');
INSERT INTO PAYMENT (payment_id, trip_id, amount, platform_fee, driver_earnings, method, status, paid_at) VALUES (629, 757, 15.15, 3.03, 12.12, 'wallet', 'pending', NULL);
INSERT INTO TRIP (trip_id, rider_id, driver_id, vehicle_id, origin_lat, origin_lng, origin_address, dest_lat, dest_lng, dest_address, status, distance_km, duration_minutes, price_estimated, price_final, requested_at, accepted_at, started_at, finished_at) VALUES (758, 16, NULL, NULL, 40.37586227, -3.60626354, 'Glorieta de Nazaret Plaza 61, Madrid', 40.36629959, -3.66259359, 'Camino de Celestino Solana 31 Puerta 1 , Madrid', 'cancelled', 6.34, NULL, 11.51, NULL, '2026-04-25 18:50:32', NULL, NULL, NULL);
INSERT INTO OFFER (offer_id, trip_id, driver_id, status, sent_at, responded_at) VALUES (2264, 758, 45, 'rejected', '2026-04-25 18:50:33', '2026-04-25 18:51:01');
INSERT INTO OFFER (offer_id, trip_id, driver_id, status, sent_at, responded_at) VALUES (2265, 758, 13, 'rejected', '2026-04-25 18:50:34', '2026-04-25 18:50:46');
INSERT INTO TRIP (trip_id, rider_id, driver_id, vehicle_id, origin_lat, origin_lng, origin_address, dest_lat, dest_lng, dest_address, status, distance_km, duration_minutes, price_estimated, price_final, requested_at, accepted_at, started_at, finished_at) VALUES (759, 42, 23, 23, 40.47083346, -3.69290433, 'Vial Bárbara Palmer 2, Madrid', 40.39353302, -3.73522431, 'Rambla de Mariana Macias 87, Madrid', 'completed', 9.78, 21, 16.67, 18.16, '2026-04-25 18:51:30', '2026-04-25 18:55:18', '2026-04-25 19:03:22', '2026-04-25 19:24:22');
INSERT INTO OFFER (offer_id, trip_id, driver_id, status, sent_at, responded_at) VALUES (2266, 759, 23, 'accepted', '2026-04-25 18:51:35', '2026-04-25 18:55:18');
INSERT INTO OFFER (offer_id, trip_id, driver_id, status, sent_at, responded_at) VALUES (2267, 759, 17, 'expired', '2026-04-25 18:51:31', NULL);
INSERT INTO OFFER (offer_id, trip_id, driver_id, status, sent_at, responded_at) VALUES (2268, 759, 18, 'expired', '2026-04-25 18:51:33', NULL);
INSERT INTO OFFER (offer_id, trip_id, driver_id, status, sent_at, responded_at) VALUES (2269, 759, 46, 'rejected', '2026-04-25 18:51:34', '2026-04-25 18:51:57');
INSERT INTO OFFER (offer_id, trip_id, driver_id, status, sent_at, responded_at) VALUES (2270, 759, 36, 'rejected', '2026-04-25 18:51:31', '2026-04-25 18:51:53');
INSERT INTO PAYMENT (payment_id, trip_id, amount, platform_fee, driver_earnings, method, status, paid_at) VALUES (630, 759, 18.16, 3.63, 14.53, 'wallet', 'completed', '2026-04-25 19:28:22');
INSERT INTO TRIP (trip_id, rider_id, driver_id, vehicle_id, origin_lat, origin_lng, origin_address, dest_lat, dest_lng, dest_address, status, distance_km, duration_minutes, price_estimated, price_final, requested_at, accepted_at, started_at, finished_at) VALUES (760, 72, 9, 9, 40.42441902, -3.60417617, 'Glorieta de Íñigo Antón 10, Madrid', 40.38111521, -3.65733913, 'Callejón Candelario Casal 471, Madrid', 'completed', 7.61, 13, 13.42, 12.79, '2026-04-25 18:51:55', '2026-04-25 18:54:26', '2026-04-25 18:57:59', '2026-04-25 19:10:59');
INSERT INTO OFFER (offer_id, trip_id, driver_id, status, sent_at, responded_at) VALUES (2271, 760, 9, 'accepted', '2026-04-25 18:51:58', '2026-04-25 18:54:26');
INSERT INTO OFFER (offer_id, trip_id, driver_id, status, sent_at, responded_at) VALUES (2272, 760, 40, 'expired', '2026-04-25 18:51:59', NULL);
INSERT INTO PAYMENT (payment_id, trip_id, amount, platform_fee, driver_earnings, method, status, paid_at) VALUES (631, 760, 12.79, 2.56, 10.23, 'wallet', 'pending', NULL);

INSERT INTO TRIP (trip_id, rider_id, driver_id, vehicle_id, origin_lat, origin_lng, origin_address, dest_lat, dest_lng, dest_address, status, distance_km, duration_minutes, price_estimated, price_final, requested_at, accepted_at, started_at, finished_at) VALUES (761, 91, 49, 49, 40.47718196, -3.63234657, 'Vial Eulalia Galván 83, Madrid', 40.3728913, -3.64181598, 'Avenida de Encarna Valenzuela 75, Madrid', 'completed', 11.62, 23, 19.43, 19.3, '2026-04-25 18:51:47', '2026-04-25 18:55:18', '2026-04-25 19:01:59', '2026-04-25 19:24:59');
INSERT INTO OFFER (offer_id, trip_id, driver_id, status, sent_at, responded_at) VALUES (2273, 761, 49, 'accepted', '2026-04-25 18:51:50', '2026-04-25 18:55:18');
INSERT INTO OFFER (offer_id, trip_id, driver_id, status, sent_at, responded_at) VALUES (2274, 761, 45, 'rejected', '2026-04-25 18:51:52', '2026-04-25 18:52:02');
INSERT INTO PAYMENT (payment_id, trip_id, amount, platform_fee, driver_earnings, method, status, paid_at) VALUES (632, 761, 19.3, 3.86, 15.44, 'cash', 'completed', '2026-04-25 19:29:59');
INSERT INTO TRIP (trip_id, rider_id, driver_id, vehicle_id, origin_lat, origin_lng, origin_address, dest_lat, dest_lng, dest_address, status, distance_km, duration_minutes, price_estimated, price_final, requested_at, accepted_at, started_at, finished_at) VALUES (762, 72, 19, 19, 40.35271786, -3.67432128, 'Cañada Ámbar Jódar 227, Madrid', 40.43034824, -3.63562452, 'C. de Azeneth Pazos 1 Piso 9 , Madrid', 'completed', 9.63, 20, 16.45, 17.41, '2026-04-25 18:51:43', '2026-04-25 18:55:27', '2026-04-25 19:02:04', '2026-04-25 19:22:04');
INSERT INTO OFFER (offer_id, trip_id, driver_id, status, sent_at, responded_at) VALUES (2275, 762, 19, 'accepted', '2026-04-25 18:51:46', '2026-04-25 18:55:27');
INSERT INTO OFFER (offer_id, trip_id, driver_id, status, sent_at, responded_at) VALUES (2276, 762, 5, 'expired', '2026-04-25 18:51:48', NULL);
INSERT INTO PAYMENT (payment_id, trip_id, amount, platform_fee, driver_earnings, method, status, paid_at) VALUES (633, 762, 17.41, 3.48, 13.93, 'wallet', 'completed', '2026-04-25 19:25:04');
INSERT INTO TRIP (trip_id, rider_id, driver_id, vehicle_id, origin_lat, origin_lng, origin_address, dest_lat, dest_lng, dest_address, status, distance_km, duration_minutes, price_estimated, price_final, requested_at, accepted_at, started_at, finished_at) VALUES (763, 47, 33, 33, 40.49495231, -3.62861463, 'Avenida Amelia Oliva 41 Puerta 5 , Madrid', 40.47985122, -3.73480827, 'Paseo de Juan Francisco Pedraza 29, Madrid', 'completed', 11.91, 23, 19.87, 19.35, '2026-04-25 18:50:23', '2026-04-25 18:52:43', '2026-04-25 19:00:48', '2026-04-25 19:23:48');
INSERT INTO OFFER (offer_id, trip_id, driver_id, status, sent_at, responded_at) VALUES (2277, 763, 33, 'accepted', '2026-04-25 18:50:26', '2026-04-25 18:52:43');
INSERT INTO PAYMENT (payment_id, trip_id, amount, platform_fee, driver_earnings, method, status, paid_at) VALUES (634, 763, 19.35, 3.87, 15.48, 'card', 'pending', NULL);
INSERT INTO TRIP (trip_id, rider_id, driver_id, vehicle_id, origin_lat, origin_lng, origin_address, dest_lat, dest_lng, dest_address, status, distance_km, duration_minutes, price_estimated, price_final, requested_at, accepted_at, started_at, finished_at) VALUES (764, 28, 29, 29, 40.42062817, -3.73829378, 'Urbanización Espiridión Dalmau 46, Madrid', 40.37191456, -3.6611015, 'Paseo Marc Batalla 13, Madrid', 'completed', 10.13, 23, 17.2, 18.1, '2026-04-25 18:51:21', '2026-04-25 18:52:32', '2026-04-25 18:55:14', '2026-04-25 19:18:14');
INSERT INTO OFFER (offer_id, trip_id, driver_id, status, sent_at, responded_at) VALUES (2278, 764, 29, 'accepted', '2026-04-25 18:51:25', '2026-04-25 18:52:32');
INSERT INTO OFFER (offer_id, trip_id, driver_id, status, sent_at, responded_at) VALUES (2279, 764, 32, 'expired', '2026-04-25 18:51:22', NULL);
INSERT INTO OFFER (offer_id, trip_id, driver_id, status, sent_at, responded_at) VALUES (2280, 764, 12, 'expired', '2026-04-25 18:51:25', NULL);
INSERT INTO OFFER (offer_id, trip_id, driver_id, status, sent_at, responded_at) VALUES (2281, 764, 23, 'rejected', '2026-04-25 18:51:22', '2026-04-25 18:52:05');
INSERT INTO OFFER (offer_id, trip_id, driver_id, status, sent_at, responded_at) VALUES (2282, 764, 27, 'expired', '2026-04-25 18:51:22', NULL);
INSERT INTO PAYMENT (payment_id, trip_id, amount, platform_fee, driver_earnings, method, status, paid_at) VALUES (635, 764, 18.1, 3.62, 14.48, 'wallet', 'pending', NULL);
INSERT INTO TRIP (trip_id, rider_id, driver_id, vehicle_id, origin_lat, origin_lng, origin_address, dest_lat, dest_lng, dest_address, status, distance_km, duration_minutes, price_estimated, price_final, requested_at, accepted_at, started_at, finished_at) VALUES (765, 85, 1, 1, 40.48453444, -3.70827844, 'C. de Elisa Arribas 61, Madrid', 40.46733196, -3.74156349, 'Camino Leocadio Calatayud 420 Apt. 40 , Madrid', 'completed', 4.16, 11, 8.24, 7.69, '2026-04-25 18:51:06', '2026-04-25 18:54:59', '2026-04-25 18:59:52', '2026-04-25 19:10:52');
INSERT INTO OFFER (offer_id, trip_id, driver_id, status, sent_at, responded_at) VALUES (2283, 765, 1, 'accepted', '2026-04-25 18:51:08', '2026-04-25 18:54:59');
INSERT INTO OFFER (offer_id, trip_id, driver_id, status, sent_at, responded_at) VALUES (2284, 765, 44, 'rejected', '2026-04-25 18:51:07', '2026-04-25 18:51:59');
INSERT INTO OFFER (offer_id, trip_id, driver_id, status, sent_at, responded_at) VALUES (2285, 765, 45, 'rejected', '2026-04-25 18:51:07', '2026-04-25 18:52:05');
INSERT INTO PAYMENT (payment_id, trip_id, amount, platform_fee, driver_earnings, method, status, paid_at) VALUES (636, 765, 7.69, 1.54, 6.15, 'wallet', 'pending', NULL);
INSERT INTO TRIP (trip_id, rider_id, driver_id, vehicle_id, origin_lat, origin_lng, origin_address, dest_lat, dest_lng, dest_address, status, distance_km, duration_minutes, price_estimated, price_final, requested_at, accepted_at, started_at, finished_at) VALUES (766, 73, NULL, NULL, 40.41335759, -3.66213462, 'Plaza Chus Niño 42 Piso 6 , Madrid', 40.4100053, -3.7083858, 'Pasaje Lisandro Mendizábal 405, Madrid', 'cancelled', 5.15, NULL, 9.73, NULL, '2026-04-25 18:50:58', NULL, NULL, NULL);
INSERT INTO OFFER (offer_id, trip_id, driver_id, status, sent_at, responded_at) VALUES (2286, 766, 21, 'expired', '2026-04-25 18:51:00', NULL);
INSERT INTO OFFER (offer_id, trip_id, driver_id, status, sent_at, responded_at) VALUES (2287, 766, 22, 'rejected', '2026-04-25 18:51:03', '2026-04-25 18:51:53');
INSERT INTO OFFER (offer_id, trip_id, driver_id, status, sent_at, responded_at) VALUES (2288, 766, 49, 'rejected', '2026-04-25 18:51:01', '2026-04-25 18:51:37');
INSERT INTO OFFER (offer_id, trip_id, driver_id, status, sent_at, responded_at) VALUES (2289, 766, 15, 'expired', '2026-04-25 18:51:00', NULL);
INSERT INTO OFFER (offer_id, trip_id, driver_id, status, sent_at, responded_at) VALUES (2290, 766, 34, 'expired', '2026-04-25 18:51:03', NULL);
INSERT INTO TRIP (trip_id, rider_id, driver_id, vehicle_id, origin_lat, origin_lng, origin_address, dest_lat, dest_lng, dest_address, status, distance_km, duration_minutes, price_estimated, price_final, requested_at, accepted_at, started_at, finished_at) VALUES (767, 35, 31, 31, 40.41761173, -3.62414301, 'Glorieta Poncio Cifuentes 637 Piso 9 , Madrid', 40.40054959, -3.65094398, 'Callejón de Carlito Comas 11, Madrid', 'completed', 3.53, 11, 7.29, 7.89, '2026-04-25 18:51:24', '2026-04-25 18:54:42', '2026-04-25 18:59:29', '2026-04-25 19:10:29');
INSERT INTO OFFER (offer_id, trip_id, driver_id, status, sent_at, responded_at) VALUES (2291, 767, 31, 'accepted', '2026-04-25 18:51:27', '2026-04-25 18:54:42');
INSERT INTO OFFER (offer_id, trip_id, driver_id, status, sent_at, responded_at) VALUES (2292, 767, 49, 'rejected', '2026-04-25 18:51:26', '2026-04-25 18:51:52');
INSERT INTO OFFER (offer_id, trip_id, driver_id, status, sent_at, responded_at) VALUES (2293, 767, 42, 'expired', '2026-04-25 18:51:25', NULL);
INSERT INTO OFFER (offer_id, trip_id, driver_id, status, sent_at, responded_at) VALUES (2294, 767, 3, 'rejected', '2026-04-25 18:51:26', '2026-04-25 18:52:01');
INSERT INTO OFFER (offer_id, trip_id, driver_id, status, sent_at, responded_at) VALUES (2295, 767, 27, 'expired', '2026-04-25 18:51:29', NULL);
INSERT INTO PAYMENT (payment_id, trip_id, amount, platform_fee, driver_earnings, method, status, paid_at) VALUES (637, 767, 7.89, 1.58, 6.31, 'card', 'completed', '2026-04-25 19:11:29');
INSERT INTO TRIP (trip_id, rider_id, driver_id, vehicle_id, origin_lat, origin_lng, origin_address, dest_lat, dest_lng, dest_address, status, distance_km, duration_minutes, price_estimated, price_final, requested_at, accepted_at, started_at, finished_at) VALUES (768, 9, NULL, NULL, 40.49434153, -3.71710356, 'Acceso de Adelina Arroyo 18, Madrid', 40.40945302, -3.70444078, 'Pasaje de Amor Andrés 632, Madrid', 'cancelled', 9.53, NULL, 16.29, NULL, '2026-04-25 18:53:01', NULL, NULL, NULL);
INSERT INTO OFFER (offer_id, trip_id, driver_id, status, sent_at, responded_at) VALUES (2296, 768, 31, 'rejected', '2026-04-25 18:53:06', '2026-04-25 18:53:29');
INSERT INTO OFFER (offer_id, trip_id, driver_id, status, sent_at, responded_at) VALUES (2297, 768, 37, 'rejected', '2026-04-25 18:53:06', '2026-04-25 18:53:24');
INSERT INTO OFFER (offer_id, trip_id, driver_id, status, sent_at, responded_at) VALUES (2298, 768, 6, 'expired', '2026-04-25 18:53:06', NULL);
INSERT INTO OFFER (offer_id, trip_id, driver_id, status, sent_at, responded_at) VALUES (2299, 768, 41, 'rejected', '2026-04-25 18:53:02', '2026-04-25 18:53:30');
INSERT INTO OFFER (offer_id, trip_id, driver_id, status, sent_at, responded_at) VALUES (2300, 768, 4, 'expired', '2026-04-25 18:53:06', NULL);
INSERT INTO TRIP (trip_id, rider_id, driver_id, vehicle_id, origin_lat, origin_lng, origin_address, dest_lat, dest_lng, dest_address, status, distance_km, duration_minutes, price_estimated, price_final, requested_at, accepted_at, started_at, finished_at) VALUES (769, 25, 11, 11, 40.43474214, -3.61253775, 'Acceso de Nicanor Cáceres 14 Piso 3 , Madrid', 40.45945936, -3.71559032, 'Rambla de Aarón Vara 778 Puerta 6 , Madrid', 'completed', 11.76, 25, 19.64, 21.55, '2026-04-25 18:52:15', '2026-04-25 18:55:03', '2026-04-25 19:01:07', '2026-04-25 19:26:07');
INSERT INTO OFFER (offer_id, trip_id, driver_id, status, sent_at, responded_at) VALUES (2301, 769, 11, 'accepted', '2026-04-25 18:52:18', '2026-04-25 18:55:03');
INSERT INTO OFFER (offer_id, trip_id, driver_id, status, sent_at, responded_at) VALUES (2302, 769, 25, 'rejected', '2026-04-25 18:52:19', '2026-04-25 18:52:25');
INSERT INTO OFFER (offer_id, trip_id, driver_id, status, sent_at, responded_at) VALUES (2303, 769, 33, 'rejected', '2026-04-25 18:52:17', '2026-04-25 18:52:42');
INSERT INTO PAYMENT (payment_id, trip_id, amount, platform_fee, driver_earnings, method, status, paid_at) VALUES (638, 769, 21.55, 4.31, 17.24, 'wallet', 'pending', NULL);
INSERT INTO TRIP (trip_id, rider_id, driver_id, vehicle_id, origin_lat, origin_lng, origin_address, dest_lat, dest_lng, dest_address, status, distance_km, duration_minutes, price_estimated, price_final, requested_at, accepted_at, started_at, finished_at) VALUES (770, 87, 31, 31, 40.36091485, -3.72916434, 'Glorieta Guillermo Mármol 38, Madrid', 40.4301409, -3.74763616, 'Vial de Germán Rovira 125, Madrid', 'completed', 7.95, 14, 13.93, 12.64, '2026-04-25 18:51:12', '2026-04-25 18:53:11', '2026-04-25 19:00:04', '2026-04-25 19:14:04');
INSERT INTO OFFER (offer_id, trip_id, driver_id, status, sent_at, responded_at) VALUES (2304, 770, 31, 'accepted', '2026-04-25 18:51:14', '2026-04-25 18:53:11');
INSERT INTO OFFER (offer_id, trip_id, driver_id, status, sent_at, responded_at) VALUES (2305, 770, 28, 'rejected', '2026-04-25 18:51:17', '2026-04-25 18:51:28');
INSERT INTO PAYMENT (payment_id, trip_id, amount, platform_fee, driver_earnings, method, status, paid_at) VALUES (639, 770, 12.64, 2.53, 10.11, 'card', 'pending', NULL);

INSERT INTO TRIP (trip_id, rider_id, driver_id, vehicle_id, origin_lat, origin_lng, origin_address, dest_lat, dest_lng, dest_address, status, distance_km, duration_minutes, price_estimated, price_final, requested_at, accepted_at, started_at, finished_at) VALUES (771, 8, 40, 40, 40.43140215, -3.71693133, 'Glorieta de Esperanza Benavides 17 Piso 1 , Madrid', 40.37457317, -3.6509595, 'Avenida Águeda Pardo 85, Madrid', 'completed', 9.67, 19, 16.5, 17.84, '2026-04-25 18:50:39', '2026-04-25 18:55:25', '2026-04-25 19:00:39', '2026-04-25 19:19:39');
INSERT INTO OFFER (offer_id, trip_id, driver_id, status, sent_at, responded_at) VALUES (2306, 771, 40, 'accepted', '2026-04-25 18:50:44', '2026-04-25 18:55:25');
INSERT INTO OFFER (offer_id, trip_id, driver_id, status, sent_at, responded_at) VALUES (2307, 771, 30, 'expired', '2026-04-25 18:50:41', NULL);
INSERT INTO OFFER (offer_id, trip_id, driver_id, status, sent_at, responded_at) VALUES (2308, 771, 3, 'expired', '2026-04-25 18:50:43', NULL);
INSERT INTO OFFER (offer_id, trip_id, driver_id, status, sent_at, responded_at) VALUES (2309, 771, 15, 'expired', '2026-04-25 18:50:42', NULL);
INSERT INTO PAYMENT (payment_id, trip_id, amount, platform_fee, driver_earnings, method, status, paid_at) VALUES (640, 771, 17.84, 3.57, 14.27, 'card', 'pending', NULL);
INSERT INTO TRIP (trip_id, rider_id, driver_id, vehicle_id, origin_lat, origin_lng, origin_address, dest_lat, dest_lng, dest_address, status, distance_km, duration_minutes, price_estimated, price_final, requested_at, accepted_at, started_at, finished_at) VALUES (772, 43, NULL, NULL, 40.4137388, -3.63022256, 'Cuesta Rosendo Ferrández 44, Madrid', 40.38277208, -3.63203665, 'Cañada de Kike Cantero 78, Madrid', 'cancelled', 3.44, NULL, 7.16, NULL, '2026-04-25 18:51:27', NULL, NULL, NULL);
INSERT INTO OFFER (offer_id, trip_id, driver_id, status, sent_at, responded_at) VALUES (2310, 772, 40, 'expired', '2026-04-25 18:51:30', NULL);
INSERT INTO OFFER (offer_id, trip_id, driver_id, status, sent_at, responded_at) VALUES (2311, 772, 23, 'rejected', '2026-04-25 18:51:29', '2026-04-25 18:51:55');
INSERT INTO TRIP (trip_id, rider_id, driver_id, vehicle_id, origin_lat, origin_lng, origin_address, dest_lat, dest_lng, dest_address, status, distance_km, duration_minutes, price_estimated, price_final, requested_at, accepted_at, started_at, finished_at) VALUES (773, 60, 5, 5, 40.45679921, -3.74013318, 'Pasaje de Clara Gálvez 23, Madrid', 40.4962969, -3.72557748, 'Pasaje de Lázaro Saura 80, Madrid', 'completed', 4.67, 8, 9.0, 8.38, '2026-04-25 18:50:51', '2026-04-25 18:52:02', '2026-04-25 19:00:50', '2026-04-25 19:08:50');
INSERT INTO OFFER (offer_id, trip_id, driver_id, status, sent_at, responded_at) VALUES (2312, 773, 5, 'accepted', '2026-04-25 18:50:56', '2026-04-25 18:52:02');
INSERT INTO PAYMENT (payment_id, trip_id, amount, platform_fee, driver_earnings, method, status, paid_at) VALUES (641, 773, 8.38, 1.68, 6.7, 'cash', 'completed', '2026-04-25 19:10:50');
INSERT INTO TRIP (trip_id, rider_id, driver_id, vehicle_id, origin_lat, origin_lng, origin_address, dest_lat, dest_lng, dest_address, status, distance_km, duration_minutes, price_estimated, price_final, requested_at, accepted_at, started_at, finished_at) VALUES (774, 79, 4, 4, 40.43241883, -3.71153022, 'Glorieta Consuela Serrano 718 Piso 0 , Madrid', 40.40661187, -3.69129206, 'Alameda de Armida Gabaldón 54, Madrid', 'completed', 3.64, 11, 7.46, 7.94, '2026-04-25 18:52:40', '2026-04-25 18:57:09', '2026-04-25 19:03:56', '2026-04-25 19:14:56');
INSERT INTO OFFER (offer_id, trip_id, driver_id, status, sent_at, responded_at) VALUES (2313, 774, 4, 'accepted', '2026-04-25 18:52:45', '2026-04-25 18:57:09');
INSERT INTO OFFER (offer_id, trip_id, driver_id, status, sent_at, responded_at) VALUES (2314, 774, 28, 'rejected', '2026-04-25 18:52:45', '2026-04-25 18:53:15');
INSERT INTO PAYMENT (payment_id, trip_id, amount, platform_fee, driver_earnings, method, status, paid_at) VALUES (642, 774, 7.94, 1.59, 6.35, 'card', 'pending', NULL);
INSERT INTO TRIP (trip_id, rider_id, driver_id, vehicle_id, origin_lat, origin_lng, origin_address, dest_lat, dest_lng, dest_address, status, distance_km, duration_minutes, price_estimated, price_final, requested_at, accepted_at, started_at, finished_at) VALUES (775, 75, 17, 17, 40.48359596, -3.70200408, 'Alameda Herberto Santana 6, Madrid', 40.4695197, -3.63334166, 'Acceso de Carlota Villena 449 Apt. 77 , Madrid', 'completed', 7.78, 16, 13.67, 14.19, '2026-04-25 18:53:06', '2026-04-25 18:54:21', '2026-04-25 18:57:58', '2026-04-25 19:13:58');
INSERT INTO OFFER (offer_id, trip_id, driver_id, status, sent_at, responded_at) VALUES (2315, 775, 17, 'accepted', '2026-04-25 18:53:08', '2026-04-25 18:54:21');
INSERT INTO OFFER (offer_id, trip_id, driver_id, status, sent_at, responded_at) VALUES (2316, 775, 37, 'rejected', '2026-04-25 18:53:10', '2026-04-25 18:54:06');
INSERT INTO OFFER (offer_id, trip_id, driver_id, status, sent_at, responded_at) VALUES (2317, 775, 34, 'rejected', '2026-04-25 18:53:10', '2026-04-25 18:53:52');
INSERT INTO OFFER (offer_id, trip_id, driver_id, status, sent_at, responded_at) VALUES (2318, 775, 27, 'expired', '2026-04-25 18:53:07', NULL);
INSERT INTO PAYMENT (payment_id, trip_id, amount, platform_fee, driver_earnings, method, status, paid_at) VALUES (643, 775, 14.19, 2.84, 11.35, 'cash', 'pending', NULL);
INSERT INTO TRIP (trip_id, rider_id, driver_id, vehicle_id, origin_lat, origin_lng, origin_address, dest_lat, dest_lng, dest_address, status, distance_km, duration_minutes, price_estimated, price_final, requested_at, accepted_at, started_at, finished_at) VALUES (776, 30, 2, 2, 40.46157294, -3.72742216, 'Alameda Fabiana Martorell 777, Madrid', 40.36685022, -3.72472551, 'Glorieta de Rafael Guillen 54 Piso 4 , Madrid', 'completed', 10.52, 23, 17.78, 18.88, '2026-04-25 18:52:58', '2026-04-25 18:56:47', '2026-04-25 19:04:13', '2026-04-25 19:27:13');
INSERT INTO OFFER (offer_id, trip_id, driver_id, status, sent_at, responded_at) VALUES (2319, 776, 2, 'accepted', '2026-04-25 18:53:03', '2026-04-25 18:56:47');
INSERT INTO OFFER (offer_id, trip_id, driver_id, status, sent_at, responded_at) VALUES (2320, 776, 6, 'rejected', '2026-04-25 18:53:00', '2026-04-25 18:53:38');
INSERT INTO OFFER (offer_id, trip_id, driver_id, status, sent_at, responded_at) VALUES (2321, 776, 49, 'rejected', '2026-04-25 18:53:00', '2026-04-25 18:53:38');
INSERT INTO OFFER (offer_id, trip_id, driver_id, status, sent_at, responded_at) VALUES (2322, 776, 22, 'rejected', '2026-04-25 18:53:02', '2026-04-25 18:53:08');
INSERT INTO OFFER (offer_id, trip_id, driver_id, status, sent_at, responded_at) VALUES (2323, 776, 40, 'expired', '2026-04-25 18:53:03', NULL);
INSERT INTO PAYMENT (payment_id, trip_id, amount, platform_fee, driver_earnings, method, status, paid_at) VALUES (644, 776, 18.88, 3.78, 15.1, 'wallet', 'pending', NULL);
INSERT INTO TRIP (trip_id, rider_id, driver_id, vehicle_id, origin_lat, origin_lng, origin_address, dest_lat, dest_lng, dest_address, status, distance_km, duration_minutes, price_estimated, price_final, requested_at, accepted_at, started_at, finished_at) VALUES (777, 99, 11, 11, 40.41121654, -3.67219575, 'Acceso Caridad Ferreras 408 Puerta 4 , Madrid', 40.42755829, -3.66253211, 'Pasadizo Nicolás Ribas 72 Puerta 4 , Madrid', 'cancelled', 2.11, NULL, 5.17, NULL, '2026-04-25 18:51:26', '2026-04-25 18:55:20', NULL, NULL);
INSERT INTO OFFER (offer_id, trip_id, driver_id, status, sent_at, responded_at) VALUES (2324, 777, 11, 'accepted', '2026-04-25 18:51:31', '2026-04-25 18:55:20');
INSERT INTO OFFER (offer_id, trip_id, driver_id, status, sent_at, responded_at) VALUES (2325, 777, 16, 'rejected', '2026-04-25 18:51:29', '2026-04-25 18:51:54');
INSERT INTO OFFER (offer_id, trip_id, driver_id, status, sent_at, responded_at) VALUES (2326, 777, 18, 'rejected', '2026-04-25 18:51:27', '2026-04-25 18:52:01');
INSERT INTO OFFER (offer_id, trip_id, driver_id, status, sent_at, responded_at) VALUES (2327, 777, 49, 'rejected', '2026-04-25 18:51:27', '2026-04-25 18:51:56');
INSERT INTO OFFER (offer_id, trip_id, driver_id, status, sent_at, responded_at) VALUES (2328, 777, 3, 'rejected', '2026-04-25 18:51:29', '2026-04-25 18:52:03');
INSERT INTO TRIP (trip_id, rider_id, driver_id, vehicle_id, origin_lat, origin_lng, origin_address, dest_lat, dest_lng, dest_address, status, distance_km, duration_minutes, price_estimated, price_final, requested_at, accepted_at, started_at, finished_at) VALUES (778, 10, 18, 18, 40.45182499, -3.66783334, 'Vial de Manuelita Perea 17, Madrid', 40.49166282, -3.73614387, 'Rambla Gabino Echevarría 21 Piso 7 , Madrid', 'in_progress', 8.78, NULL, 15.17, NULL, '2026-04-25 18:52:01', '2026-04-25 18:55:41', '2026-04-25 18:59:50', NULL);
INSERT INTO OFFER (offer_id, trip_id, driver_id, status, sent_at, responded_at) VALUES (2329, 778, 18, 'accepted', '2026-04-25 18:52:06', '2026-04-25 18:55:41');
INSERT INTO OFFER (offer_id, trip_id, driver_id, status, sent_at, responded_at) VALUES (2330, 778, 43, 'rejected', '2026-04-25 18:52:02', '2026-04-25 18:52:45');
INSERT INTO OFFER (offer_id, trip_id, driver_id, status, sent_at, responded_at) VALUES (2331, 778, 34, 'rejected', '2026-04-25 18:52:05', '2026-04-25 18:52:16');
INSERT INTO TRIP (trip_id, rider_id, driver_id, vehicle_id, origin_lat, origin_lng, origin_address, dest_lat, dest_lng, dest_address, status, distance_km, duration_minutes, price_estimated, price_final, requested_at, accepted_at, started_at, finished_at) VALUES (779, 69, 39, 39, 40.36005878, -3.69562085, 'Ronda Visitación Benet 1 Puerta 9 , Madrid', 40.44982637, -3.63692962, 'Pasadizo Carlota Camps 3, Madrid', 'completed', 11.9, 24, 19.85, 20.07, '2026-04-25 18:50:52', '2026-04-25 18:52:47', '2026-04-25 18:56:59', '2026-04-25 19:20:59');
INSERT INTO OFFER (offer_id, trip_id, driver_id, status, sent_at, responded_at) VALUES (2332, 779, 39, 'accepted', '2026-04-25 18:50:57', '2026-04-25 18:52:47');
INSERT INTO OFFER (offer_id, trip_id, driver_id, status, sent_at, responded_at) VALUES (2333, 779, 27, 'rejected', '2026-04-25 18:50:55', '2026-04-25 18:51:31');
INSERT INTO OFFER (offer_id, trip_id, driver_id, status, sent_at, responded_at) VALUES (2334, 779, 46, 'rejected', '2026-04-25 18:50:54', '2026-04-25 18:51:28');
INSERT INTO PAYMENT (payment_id, trip_id, amount, platform_fee, driver_earnings, method, status, paid_at) VALUES (645, 779, 20.07, 4.01, 16.06, 'card', 'pending', NULL);
INSERT INTO TRIP (trip_id, rider_id, driver_id, vehicle_id, origin_lat, origin_lng, origin_address, dest_lat, dest_lng, dest_address, status, distance_km, duration_minutes, price_estimated, price_final, requested_at, accepted_at, started_at, finished_at) VALUES (780, 70, 28, 28, 40.40008993, -3.61029153, 'Vial Berta Porcel 706 Puerta 6 , Madrid', 40.48173011, -3.71921498, 'Paseo de Buenaventura Moreno 90 Puerta 7 , Madrid', 'completed', 15.11, 33, 24.66, 23.17, '2026-04-25 18:52:00', '2026-04-25 18:56:23', '2026-04-25 19:04:19', '2026-04-25 19:37:19');
INSERT INTO OFFER (offer_id, trip_id, driver_id, status, sent_at, responded_at) VALUES (2335, 780, 28, 'accepted', '2026-04-25 18:52:04', '2026-04-25 18:56:23');
INSERT INTO OFFER (offer_id, trip_id, driver_id, status, sent_at, responded_at) VALUES (2336, 780, 34, 'expired', '2026-04-25 18:52:02', NULL);
INSERT INTO OFFER (offer_id, trip_id, driver_id, status, sent_at, responded_at) VALUES (2337, 780, 37, 'expired', '2026-04-25 18:52:04', NULL);
INSERT INTO PAYMENT (payment_id, trip_id, amount, platform_fee, driver_earnings, method, status, paid_at) VALUES (646, 780, 23.17, 4.63, 18.54, 'card', 'completed', '2026-04-25 19:40:19');

INSERT INTO TRIP (trip_id, rider_id, driver_id, vehicle_id, origin_lat, origin_lng, origin_address, dest_lat, dest_lng, dest_address, status, distance_km, duration_minutes, price_estimated, price_final, requested_at, accepted_at, started_at, finished_at) VALUES (781, 21, 47, 47, 40.47384302, -3.6172068, 'Via Roberto Alvarez 64, Madrid', 40.37782204, -3.65686904, 'Avenida de Isa Fonseca 85 Puerta 9 , Madrid', 'completed', 11.53, 22, 19.29, 19.72, '2026-04-25 18:50:44', '2026-04-25 18:53:21', '2026-04-25 18:59:28', '2026-04-25 19:21:28');
INSERT INTO OFFER (offer_id, trip_id, driver_id, status, sent_at, responded_at) VALUES (2338, 781, 47, 'accepted', '2026-04-25 18:50:45', '2026-04-25 18:53:21');
INSERT INTO OFFER (offer_id, trip_id, driver_id, status, sent_at, responded_at) VALUES (2339, 781, 50, 'rejected', '2026-04-25 18:50:48', '2026-04-25 18:51:33');
INSERT INTO OFFER (offer_id, trip_id, driver_id, status, sent_at, responded_at) VALUES (2340, 781, 33, 'rejected', '2026-04-25 18:50:49', '2026-04-25 18:50:56');
INSERT INTO OFFER (offer_id, trip_id, driver_id, status, sent_at, responded_at) VALUES (2341, 781, 28, 'expired', '2026-04-25 18:50:48', NULL);
INSERT INTO OFFER (offer_id, trip_id, driver_id, status, sent_at, responded_at) VALUES (2342, 781, 13, 'expired', '2026-04-25 18:50:45', NULL);
INSERT INTO PAYMENT (payment_id, trip_id, amount, platform_fee, driver_earnings, method, status, paid_at) VALUES (647, 781, 19.72, 3.94, 15.78, 'cash', 'completed', '2026-04-25 19:21:28');
INSERT INTO TRIP (trip_id, rider_id, driver_id, vehicle_id, origin_lat, origin_lng, origin_address, dest_lat, dest_lng, dest_address, status, distance_km, duration_minutes, price_estimated, price_final, requested_at, accepted_at, started_at, finished_at) VALUES (782, 18, 29, 29, 40.40047682, -3.61808845, 'Cañada de Calixta Menendez 49 Puerta 7 , Madrid', 40.37650193, -3.63440587, 'Camino Prudencia Molins 89, Madrid', 'completed', 3.22, 11, 6.83, 7.07, '2026-04-25 18:51:12', '2026-04-25 18:54:20', '2026-04-25 19:00:17', '2026-04-25 19:11:17');
INSERT INTO OFFER (offer_id, trip_id, driver_id, status, sent_at, responded_at) VALUES (2343, 782, 29, 'accepted', '2026-04-25 18:51:17', '2026-04-25 18:54:20');
INSERT INTO PAYMENT (payment_id, trip_id, amount, platform_fee, driver_earnings, method, status, paid_at) VALUES (648, 782, 7.07, 1.41, 5.66, 'wallet', 'completed', '2026-04-25 19:15:17');
INSERT INTO TRIP (trip_id, rider_id, driver_id, vehicle_id, origin_lat, origin_lng, origin_address, dest_lat, dest_lng, dest_address, status, distance_km, duration_minutes, price_estimated, price_final, requested_at, accepted_at, started_at, finished_at) VALUES (783, 87, 35, 35, 40.46199675, -3.61501815, 'Camino de Brunilda Galán 89 Apt. 84 , Madrid', 40.4283648, -3.67258131, 'C. de Ignacia Villalba 267 Puerta 8 , Madrid', 'in_progress', 7.4, NULL, 13.1, NULL, '2026-04-25 18:52:00', '2026-04-25 18:53:59', '2026-04-25 19:00:10', NULL);
INSERT INTO OFFER (offer_id, trip_id, driver_id, status, sent_at, responded_at) VALUES (2344, 783, 35, 'accepted', '2026-04-25 18:52:01', '2026-04-25 18:53:59');
INSERT INTO OFFER (offer_id, trip_id, driver_id, status, sent_at, responded_at) VALUES (2345, 783, 16, 'rejected', '2026-04-25 18:52:03', '2026-04-25 18:52:14');
INSERT INTO OFFER (offer_id, trip_id, driver_id, status, sent_at, responded_at) VALUES (2346, 783, 38, 'expired', '2026-04-25 18:52:04', NULL);
INSERT INTO OFFER (offer_id, trip_id, driver_id, status, sent_at, responded_at) VALUES (2347, 783, 21, 'rejected', '2026-04-25 18:52:03', '2026-04-25 18:52:43');
INSERT INTO OFFER (offer_id, trip_id, driver_id, status, sent_at, responded_at) VALUES (2348, 783, 49, 'rejected', '2026-04-25 18:52:01', '2026-04-25 18:52:38');
INSERT INTO TRIP (trip_id, rider_id, driver_id, vehicle_id, origin_lat, origin_lng, origin_address, dest_lat, dest_lng, dest_address, status, distance_km, duration_minutes, price_estimated, price_final, requested_at, accepted_at, started_at, finished_at) VALUES (784, 47, 15, 15, 40.37212818, -3.64879637, 'Paseo de Santiago Bosch 1 Piso 2 , Madrid', 40.49635881, -3.629414, 'Vial de Cintia Alvarado 51 Piso 0 , Madrid', 'completed', 13.96, 28, 22.94, 23.07, '2026-04-25 18:52:29', '2026-04-25 18:56:52', '2026-04-25 19:05:12', '2026-04-25 19:33:12');
INSERT INTO OFFER (offer_id, trip_id, driver_id, status, sent_at, responded_at) VALUES (2349, 784, 15, 'accepted', '2026-04-25 18:52:33', '2026-04-25 18:56:52');
INSERT INTO OFFER (offer_id, trip_id, driver_id, status, sent_at, responded_at) VALUES (2350, 784, 43, 'rejected', '2026-04-25 18:52:34', '2026-04-25 18:52:41');
INSERT INTO OFFER (offer_id, trip_id, driver_id, status, sent_at, responded_at) VALUES (2351, 784, 22, 'rejected', '2026-04-25 18:52:32', '2026-04-25 18:53:22');
INSERT INTO OFFER (offer_id, trip_id, driver_id, status, sent_at, responded_at) VALUES (2352, 784, 34, 'expired', '2026-04-25 18:52:34', NULL);
INSERT INTO OFFER (offer_id, trip_id, driver_id, status, sent_at, responded_at) VALUES (2353, 784, 26, 'expired', '2026-04-25 18:52:31', NULL);
INSERT INTO PAYMENT (payment_id, trip_id, amount, platform_fee, driver_earnings, method, status, paid_at) VALUES (649, 784, 23.07, 4.61, 18.46, 'card', 'completed', '2026-04-25 19:35:12');
INSERT INTO TRIP (trip_id, rider_id, driver_id, vehicle_id, origin_lat, origin_lng, origin_address, dest_lat, dest_lng, dest_address, status, distance_km, duration_minutes, price_estimated, price_final, requested_at, accepted_at, started_at, finished_at) VALUES (785, 40, 2, 2, 40.39740814, -3.70676064, 'Pasadizo de Benito Ureña 1, Madrid', 40.41381186, -3.67897438, 'Avenida de Azeneth Baños 72 Piso 6 , Madrid', 'completed', 3.58, 10, 7.37, 6.87, '2026-04-25 18:51:36', '2026-04-25 18:54:12', '2026-04-25 18:58:18', '2026-04-25 19:08:18');
INSERT INTO OFFER (offer_id, trip_id, driver_id, status, sent_at, responded_at) VALUES (2354, 785, 2, 'accepted', '2026-04-25 18:51:38', '2026-04-25 18:54:12');
INSERT INTO PAYMENT (payment_id, trip_id, amount, platform_fee, driver_earnings, method, status, paid_at) VALUES (650, 785, 6.87, 1.37, 5.5, 'wallet', 'completed', '2026-04-25 19:11:18');
INSERT INTO TRIP (trip_id, rider_id, driver_id, vehicle_id, origin_lat, origin_lng, origin_address, dest_lat, dest_lng, dest_address, status, distance_km, duration_minutes, price_estimated, price_final, requested_at, accepted_at, started_at, finished_at) VALUES (786, 27, 7, 7, 40.3678459, -3.64997829, 'Avenida de Jimena Cuervo 89 Apt. 81 , Madrid', 40.45716492, -3.60183225, 'Vial Amaro Moliner 65 Apt. 84 , Madrid', 'completed', 11.26, 25, 18.89, 18.89, '2026-04-25 18:51:15', '2026-04-25 18:52:46', '2026-04-25 18:55:35', '2026-04-25 19:20:35');
INSERT INTO OFFER (offer_id, trip_id, driver_id, status, sent_at, responded_at) VALUES (2355, 786, 7, 'accepted', '2026-04-25 18:51:16', '2026-04-25 18:52:46');
INSERT INTO OFFER (offer_id, trip_id, driver_id, status, sent_at, responded_at) VALUES (2356, 786, 16, 'rejected', '2026-04-25 18:51:17', '2026-04-25 18:52:05');
INSERT INTO OFFER (offer_id, trip_id, driver_id, status, sent_at, responded_at) VALUES (2357, 786, 25, 'rejected', '2026-04-25 18:51:19', '2026-04-25 18:51:37');
INSERT INTO OFFER (offer_id, trip_id, driver_id, status, sent_at, responded_at) VALUES (2358, 786, 29, 'expired', '2026-04-25 18:51:17', NULL);
INSERT INTO PAYMENT (payment_id, trip_id, amount, platform_fee, driver_earnings, method, status, paid_at) VALUES (651, 786, 18.89, 3.78, 15.11, 'wallet', 'completed', '2026-04-25 19:20:35');
INSERT INTO TRIP (trip_id, rider_id, driver_id, vehicle_id, origin_lat, origin_lng, origin_address, dest_lat, dest_lng, dest_address, status, distance_km, duration_minutes, price_estimated, price_final, requested_at, accepted_at, started_at, finished_at) VALUES (787, 87, 35, 35, 40.4294398, -3.72993616, 'Vial Armando Prat 94, Madrid', 40.45474188, -3.67993015, 'Camino de Alba Sobrino 7, Madrid', 'completed', 6.22, 16, 11.33, 12.26, '2026-04-25 18:52:07', '2026-04-25 18:54:43', '2026-04-25 19:00:07', '2026-04-25 19:16:07');
INSERT INTO OFFER (offer_id, trip_id, driver_id, status, sent_at, responded_at) VALUES (2359, 787, 35, 'accepted', '2026-04-25 18:52:08', '2026-04-25 18:54:43');
INSERT INTO OFFER (offer_id, trip_id, driver_id, status, sent_at, responded_at) VALUES (2360, 787, 17, 'expired', '2026-04-25 18:52:08', NULL);
INSERT INTO OFFER (offer_id, trip_id, driver_id, status, sent_at, responded_at) VALUES (2361, 787, 5, 'rejected', '2026-04-25 18:52:09', '2026-04-25 18:52:33');
INSERT INTO PAYMENT (payment_id, trip_id, amount, platform_fee, driver_earnings, method, status, paid_at) VALUES (652, 787, 12.26, 2.45, 9.81, 'cash', 'pending', NULL);
INSERT INTO TRIP (trip_id, rider_id, driver_id, vehicle_id, origin_lat, origin_lng, origin_address, dest_lat, dest_lng, dest_address, status, distance_km, duration_minutes, price_estimated, price_final, requested_at, accepted_at, started_at, finished_at) VALUES (788, 90, 11, 11, 40.44565226, -3.71312743, 'Glorieta de Aroa Soria 59 Apt. 27 , Madrid', 40.37095248, -3.65608983, 'Pasadizo Marcelo Acuña 54, Madrid', 'in_progress', 10.43, NULL, 17.64, NULL, '2026-04-25 18:50:26', '2026-04-25 18:53:41', '2026-04-25 19:02:22', NULL);
INSERT INTO OFFER (offer_id, trip_id, driver_id, status, sent_at, responded_at) VALUES (2362, 788, 11, 'accepted', '2026-04-25 18:50:30', '2026-04-25 18:53:41');
INSERT INTO OFFER (offer_id, trip_id, driver_id, status, sent_at, responded_at) VALUES (2363, 788, 13, 'rejected', '2026-04-25 18:50:27', '2026-04-25 18:51:04');
INSERT INTO OFFER (offer_id, trip_id, driver_id, status, sent_at, responded_at) VALUES (2364, 788, 18, 'rejected', '2026-04-25 18:50:30', '2026-04-25 18:50:57');
INSERT INTO TRIP (trip_id, rider_id, driver_id, vehicle_id, origin_lat, origin_lng, origin_address, dest_lat, dest_lng, dest_address, status, distance_km, duration_minutes, price_estimated, price_final, requested_at, accepted_at, started_at, finished_at) VALUES (789, 12, 1, 1, 40.46185596, -3.72526837, 'Vial Marcelino Bernad 43 Apt. 03 , Madrid', 40.38008687, -3.70391177, 'Ronda Guadalupe Nogués 2, Madrid', 'completed', 9.38, 20, 16.07, 15.88, '2026-04-25 18:52:47', '2026-04-25 18:55:38', '2026-04-25 19:05:03', '2026-04-25 19:25:03');
INSERT INTO OFFER (offer_id, trip_id, driver_id, status, sent_at, responded_at) VALUES (2365, 789, 33, 'expired', '2026-04-25 18:52:50', NULL);
INSERT INTO OFFER (offer_id, trip_id, driver_id, status, sent_at, responded_at) VALUES (2366, 789, 1, 'accepted', '2026-04-25 18:52:49', '2026-04-25 18:55:38');
INSERT INTO PAYMENT (payment_id, trip_id, amount, platform_fee, driver_earnings, method, status, paid_at) VALUES (653, 789, 15.88, 3.18, 12.7, 'card', 'completed', '2026-04-25 19:30:03');
INSERT INTO TRIP (trip_id, rider_id, driver_id, vehicle_id, origin_lat, origin_lng, origin_address, dest_lat, dest_lng, dest_address, status, distance_km, duration_minutes, price_estimated, price_final, requested_at, accepted_at, started_at, finished_at) VALUES (790, 81, 24, 24, 40.43454866, -3.62760547, 'Cuesta de Fito Palomo 9 Piso 3 , Madrid', 40.36833555, -3.72928664, 'Alameda de Fidela Franch 7 Piso 9 , Madrid', 'completed', 13.47, 30, 22.21, 22.33, '2026-04-25 18:50:19', '2026-04-25 18:52:23', '2026-04-25 18:59:23', '2026-04-25 19:29:23');
INSERT INTO OFFER (offer_id, trip_id, driver_id, status, sent_at, responded_at) VALUES (2367, 790, 24, 'accepted', '2026-04-25 18:50:23', '2026-04-25 18:52:23');
INSERT INTO PAYMENT (payment_id, trip_id, amount, platform_fee, driver_earnings, method, status, paid_at) VALUES (654, 790, 22.33, 4.47, 17.86, 'wallet', 'completed', '2026-04-25 19:33:23');

INSERT INTO TRIP (trip_id, rider_id, driver_id, vehicle_id, origin_lat, origin_lng, origin_address, dest_lat, dest_lng, dest_address, status, distance_km, duration_minutes, price_estimated, price_final, requested_at, accepted_at, started_at, finished_at) VALUES (791, 68, 13, 13, 40.44887891, -3.63709953, 'Alameda Jacinta Vilaplana 20, Madrid', 40.37612351, -3.61178211, 'Cuesta de Ceferino Izaguirre 47, Madrid', 'completed', 8.55, 20, 14.83, 15.44, '2026-04-25 18:51:33', '2026-04-25 18:52:59', '2026-04-25 18:57:47', '2026-04-25 19:17:47');
INSERT INTO OFFER (offer_id, trip_id, driver_id, status, sent_at, responded_at) VALUES (2368, 791, 13, 'accepted', '2026-04-25 18:51:35', '2026-04-25 18:52:59');
INSERT INTO PAYMENT (payment_id, trip_id, amount, platform_fee, driver_earnings, method, status, paid_at) VALUES (655, 791, 15.44, 3.09, 12.35, 'wallet', 'pending', NULL);
INSERT INTO TRIP (trip_id, rider_id, driver_id, vehicle_id, origin_lat, origin_lng, origin_address, dest_lat, dest_lng, dest_address, status, distance_km, duration_minutes, price_estimated, price_final, requested_at, accepted_at, started_at, finished_at) VALUES (792, 5, 18, 18, 40.47897177, -3.65025392, 'Pasadizo de Ligia Sanz 72 Puerta 7 , Madrid', 40.38209636, -3.71064998, 'Paseo Fausto Pi 56 Puerta 2 , Madrid', 'completed', 12.67, 30, 21.0, 19.5, '2026-04-25 18:52:02', '2026-04-25 18:56:37', '2026-04-25 19:04:14', '2026-04-25 19:34:14');
INSERT INTO OFFER (offer_id, trip_id, driver_id, status, sent_at, responded_at) VALUES (2369, 792, 18, 'accepted', '2026-04-25 18:52:03', '2026-04-25 18:56:37');
INSERT INTO OFFER (offer_id, trip_id, driver_id, status, sent_at, responded_at) VALUES (2370, 792, 30, 'expired', '2026-04-25 18:52:06', NULL);
INSERT INTO OFFER (offer_id, trip_id, driver_id, status, sent_at, responded_at) VALUES (2371, 792, 42, 'rejected', '2026-04-25 18:52:06', '2026-04-25 18:52:46');
INSERT INTO OFFER (offer_id, trip_id, driver_id, status, sent_at, responded_at) VALUES (2372, 792, 28, 'rejected', '2026-04-25 18:52:07', '2026-04-25 18:53:00');
INSERT INTO OFFER (offer_id, trip_id, driver_id, status, sent_at, responded_at) VALUES (2373, 792, 48, 'rejected', '2026-04-25 18:52:05', '2026-04-25 18:52:19');
INSERT INTO PAYMENT (payment_id, trip_id, amount, platform_fee, driver_earnings, method, status, paid_at) VALUES (656, 792, 19.5, 3.9, 15.6, 'card', 'completed', '2026-04-25 19:35:14');
INSERT INTO TRIP (trip_id, rider_id, driver_id, vehicle_id, origin_lat, origin_lng, origin_address, dest_lat, dest_lng, dest_address, status, distance_km, duration_minutes, price_estimated, price_final, requested_at, accepted_at, started_at, finished_at) VALUES (793, 69, 21, 21, 40.38909848, -3.65443838, 'Plaza Lorena Gallego 56, Madrid', 40.48473624, -3.68775486, 'Callejón Nieves Ledesma 94 Apt. 75 , Madrid', 'completed', 11.24, 27, 18.86, 19.17, '2026-04-25 18:53:10', '2026-04-25 18:55:35', '2026-04-25 18:58:43', '2026-04-25 19:25:43');
INSERT INTO OFFER (offer_id, trip_id, driver_id, status, sent_at, responded_at) VALUES (2374, 793, 21, 'accepted', '2026-04-25 18:53:11', '2026-04-25 18:55:35');
INSERT INTO OFFER (offer_id, trip_id, driver_id, status, sent_at, responded_at) VALUES (2375, 793, 35, 'rejected', '2026-04-25 18:53:15', '2026-04-25 18:53:49');
INSERT INTO OFFER (offer_id, trip_id, driver_id, status, sent_at, responded_at) VALUES (2376, 793, 27, 'rejected', '2026-04-25 18:53:11', '2026-04-25 18:53:34');
INSERT INTO PAYMENT (payment_id, trip_id, amount, platform_fee, driver_earnings, method, status, paid_at) VALUES (657, 793, 19.17, 3.83, 15.34, 'wallet', 'completed', '2026-04-25 19:26:43');
INSERT INTO TRIP (trip_id, rider_id, driver_id, vehicle_id, origin_lat, origin_lng, origin_address, dest_lat, dest_lng, dest_address, status, distance_km, duration_minutes, price_estimated, price_final, requested_at, accepted_at, started_at, finished_at) VALUES (794, 4, 37, 37, 40.37875609, -3.63294465, 'Pasadizo Eufemia Verdugo 942 Apt. 65 , Madrid', 40.36593349, -3.68531557, 'Urbanización de Cristian Pomares 6 Piso 9 , Madrid', 'completed', 5.98, 11, 10.97, 10.68, '2026-04-25 18:51:17', '2026-04-25 18:54:19', '2026-04-25 19:00:03', '2026-04-25 19:11:03');
INSERT INTO OFFER (offer_id, trip_id, driver_id, status, sent_at, responded_at) VALUES (2377, 794, 37, 'accepted', '2026-04-25 18:51:21', '2026-04-25 18:54:19');
INSERT INTO OFFER (offer_id, trip_id, driver_id, status, sent_at, responded_at) VALUES (2378, 794, 2, 'rejected', '2026-04-25 18:51:19', '2026-04-25 18:51:34');
INSERT INTO PAYMENT (payment_id, trip_id, amount, platform_fee, driver_earnings, method, status, paid_at) VALUES (658, 794, 10.68, 2.14, 8.54, 'card', 'pending', NULL);
INSERT INTO TRIP (trip_id, rider_id, driver_id, vehicle_id, origin_lat, origin_lng, origin_address, dest_lat, dest_lng, dest_address, status, distance_km, duration_minutes, price_estimated, price_final, requested_at, accepted_at, started_at, finished_at) VALUES (795, 30, 26, 26, 40.36898328, -3.60057734, 'Pasadizo de Joel Maestre 98, Madrid', 40.40157229, -3.65476777, 'Pasadizo Abigaíl Alcalá 38, Madrid', 'completed', 7.02, 14, 12.53, 13.5, '2026-04-25 18:50:52', '2026-04-25 18:54:38', '2026-04-25 19:01:44', '2026-04-25 19:15:44');
INSERT INTO OFFER (offer_id, trip_id, driver_id, status, sent_at, responded_at) VALUES (2379, 795, 26, 'accepted', '2026-04-25 18:50:53', '2026-04-25 18:54:38');
INSERT INTO PAYMENT (payment_id, trip_id, amount, platform_fee, driver_earnings, method, status, paid_at) VALUES (659, 795, 13.5, 2.7, 10.8, 'wallet', 'pending', NULL);
INSERT INTO TRIP (trip_id, rider_id, driver_id, vehicle_id, origin_lat, origin_lng, origin_address, dest_lat, dest_lng, dest_address, status, distance_km, duration_minutes, price_estimated, price_final, requested_at, accepted_at, started_at, finished_at) VALUES (796, 62, 30, 30, 40.42116519, -3.655402, 'Pasadizo de Calixto Aguirre 3, Madrid', 40.37185475, -3.60072412, 'Pasaje de Nayara Palomar 18 Apt. 99 , Madrid', 'completed', 8.17, 16, 14.25, 14.45, '2026-04-25 18:50:59', '2026-04-25 18:55:00', '2026-04-25 19:03:27', '2026-04-25 19:19:27');
INSERT INTO OFFER (offer_id, trip_id, driver_id, status, sent_at, responded_at) VALUES (2380, 796, 30, 'accepted', '2026-04-25 18:51:00', '2026-04-25 18:55:00');
INSERT INTO PAYMENT (payment_id, trip_id, amount, platform_fee, driver_earnings, method, status, paid_at) VALUES (660, 796, 14.45, 2.89, 11.56, 'cash', 'pending', NULL);
INSERT INTO TRIP (trip_id, rider_id, driver_id, vehicle_id, origin_lat, origin_lng, origin_address, dest_lat, dest_lng, dest_address, status, distance_km, duration_minutes, price_estimated, price_final, requested_at, accepted_at, started_at, finished_at) VALUES (797, 71, 11, 11, 40.46558469, -3.63126468, 'Calle Narcisa Raya 6 Piso 0 , Madrid', 40.39436718, -3.72311722, 'Paseo Valerio Alcalá 48, Madrid', 'completed', 12.9, 27, 21.35, 22.12, '2026-04-25 18:52:49', '2026-04-25 18:56:10', '2026-04-25 19:02:05', '2026-04-25 19:29:05');
INSERT INTO OFFER (offer_id, trip_id, driver_id, status, sent_at, responded_at) VALUES (2381, 797, 11, 'accepted', '2026-04-25 18:52:54', '2026-04-25 18:56:10');
INSERT INTO OFFER (offer_id, trip_id, driver_id, status, sent_at, responded_at) VALUES (2382, 797, 9, 'rejected', '2026-04-25 18:52:52', '2026-04-25 18:53:49');
INSERT INTO OFFER (offer_id, trip_id, driver_id, status, sent_at, responded_at) VALUES (2383, 797, 10, 'rejected', '2026-04-25 18:52:54', '2026-04-25 18:53:34');
INSERT INTO OFFER (offer_id, trip_id, driver_id, status, sent_at, responded_at) VALUES (2384, 797, 28, 'expired', '2026-04-25 18:52:54', NULL);
INSERT INTO OFFER (offer_id, trip_id, driver_id, status, sent_at, responded_at) VALUES (2385, 797, 49, 'expired', '2026-04-25 18:52:52', NULL);
INSERT INTO PAYMENT (payment_id, trip_id, amount, platform_fee, driver_earnings, method, status, paid_at) VALUES (661, 797, 22.12, 4.42, 17.7, 'card', 'completed', '2026-04-25 19:34:05');
INSERT INTO TRIP (trip_id, rider_id, driver_id, vehicle_id, origin_lat, origin_lng, origin_address, dest_lat, dest_lng, dest_address, status, distance_km, duration_minutes, price_estimated, price_final, requested_at, accepted_at, started_at, finished_at) VALUES (798, 37, 42, 42, 40.49752397, -3.71071645, 'Pasaje de Carlos Farré 67 Apt. 86 , Madrid', 40.3864816, -3.73450744, 'C. de Liliana Uribe 559, Madrid', 'completed', 12.61, 23, 20.91, 20.16, '2026-04-25 18:51:07', '2026-04-25 18:55:31', '2026-04-25 18:58:09', '2026-04-25 19:21:09');
INSERT INTO OFFER (offer_id, trip_id, driver_id, status, sent_at, responded_at) VALUES (2386, 798, 42, 'accepted', '2026-04-25 18:51:09', '2026-04-25 18:55:31');
INSERT INTO OFFER (offer_id, trip_id, driver_id, status, sent_at, responded_at) VALUES (2387, 798, 4, 'expired', '2026-04-25 18:51:12', NULL);
INSERT INTO OFFER (offer_id, trip_id, driver_id, status, sent_at, responded_at) VALUES (2388, 798, 44, 'expired', '2026-04-25 18:51:11', NULL);
INSERT INTO OFFER (offer_id, trip_id, driver_id, status, sent_at, responded_at) VALUES (2389, 798, 21, 'rejected', '2026-04-25 18:51:09', '2026-04-25 18:51:48');
INSERT INTO OFFER (offer_id, trip_id, driver_id, status, sent_at, responded_at) VALUES (2390, 798, 35, 'rejected', '2026-04-25 18:51:10', '2026-04-25 18:51:27');
INSERT INTO PAYMENT (payment_id, trip_id, amount, platform_fee, driver_earnings, method, status, paid_at) VALUES (662, 798, 20.16, 4.03, 16.13, 'cash', 'pending', NULL);
INSERT INTO TRIP (trip_id, rider_id, driver_id, vehicle_id, origin_lat, origin_lng, origin_address, dest_lat, dest_lng, dest_address, status, distance_km, duration_minutes, price_estimated, price_final, requested_at, accepted_at, started_at, finished_at) VALUES (799, 59, 1, 1, 40.4650749, -3.61230681, 'Acceso Amelia Jara 60 Piso 7 , Madrid', 40.44437503, -3.65342213, 'Ronda de Cristian Báez 679 Puerta 8 , Madrid', 'completed', 5.11, 9, 9.67, 9.18, '2026-04-25 18:51:42', '2026-04-25 18:53:13', '2026-04-25 19:01:14', '2026-04-25 19:10:14');
INSERT INTO OFFER (offer_id, trip_id, driver_id, status, sent_at, responded_at) VALUES (2391, 799, 1, 'accepted', '2026-04-25 18:51:45', '2026-04-25 18:53:13');
INSERT INTO OFFER (offer_id, trip_id, driver_id, status, sent_at, responded_at) VALUES (2392, 799, 6, 'expired', '2026-04-25 18:51:46', NULL);
INSERT INTO OFFER (offer_id, trip_id, driver_id, status, sent_at, responded_at) VALUES (2393, 799, 41, 'rejected', '2026-04-25 18:51:45', '2026-04-25 18:52:14');
INSERT INTO PAYMENT (payment_id, trip_id, amount, platform_fee, driver_earnings, method, status, paid_at) VALUES (663, 799, 9.18, 1.84, 7.34, 'card', 'pending', NULL);
INSERT INTO TRIP (trip_id, rider_id, driver_id, vehicle_id, origin_lat, origin_lng, origin_address, dest_lat, dest_lng, dest_address, status, distance_km, duration_minutes, price_estimated, price_final, requested_at, accepted_at, started_at, finished_at) VALUES (800, 31, 21, 21, 40.39639167, -3.67492179, 'Glorieta de Apolinar Dueñas 97 Apt. 48 , Madrid', 40.36913141, -3.67735661, 'Vial Albano Alcántara 59 Puerta 0 , Madrid', 'completed', 3.04, 9, 6.56, 6.52, '2026-04-25 18:51:04', '2026-04-25 18:55:14', '2026-04-25 18:59:05', '2026-04-25 19:08:05');
INSERT INTO OFFER (offer_id, trip_id, driver_id, status, sent_at, responded_at) VALUES (2394, 800, 21, 'accepted', '2026-04-25 18:51:06', '2026-04-25 18:55:14');
INSERT INTO PAYMENT (payment_id, trip_id, amount, platform_fee, driver_earnings, method, status, paid_at) VALUES (664, 800, 6.52, 1.3, 5.22, 'wallet', 'completed', '2026-04-25 19:09:05');

INSERT INTO TRIP (trip_id, rider_id, driver_id, vehicle_id, origin_lat, origin_lng, origin_address, dest_lat, dest_lng, dest_address, status, distance_km, duration_minutes, price_estimated, price_final, requested_at, accepted_at, started_at, finished_at) VALUES (801, 92, 40, 40, 40.49128025, -3.7465329, 'Camino Fernanda Vallés 5 Apt. 88 , Madrid', 40.43625583, -3.72468605, 'Cuesta Roldán Cerro 4 Puerta 2 , Madrid', 'completed', 6.57, 15, 11.86, 12.75, '2026-04-25 18:52:22', '2026-04-25 18:55:00', '2026-04-25 19:00:51', '2026-04-25 19:15:51');
INSERT INTO OFFER (offer_id, trip_id, driver_id, status, sent_at, responded_at) VALUES (2395, 801, 40, 'accepted', '2026-04-25 18:52:26', '2026-04-25 18:55:00');
INSERT INTO OFFER (offer_id, trip_id, driver_id, status, sent_at, responded_at) VALUES (2396, 801, 8, 'rejected', '2026-04-25 18:52:27', '2026-04-25 18:52:41');
INSERT INTO OFFER (offer_id, trip_id, driver_id, status, sent_at, responded_at) VALUES (2397, 801, 38, 'expired', '2026-04-25 18:52:25', NULL);
INSERT INTO OFFER (offer_id, trip_id, driver_id, status, sent_at, responded_at) VALUES (2398, 801, 42, 'rejected', '2026-04-25 18:52:26', '2026-04-25 18:53:11');
INSERT INTO PAYMENT (payment_id, trip_id, amount, platform_fee, driver_earnings, method, status, paid_at) VALUES (665, 801, 12.75, 2.55, 10.2, 'wallet', 'completed', '2026-04-25 19:20:51');
INSERT INTO TRIP (trip_id, rider_id, driver_id, vehicle_id, origin_lat, origin_lng, origin_address, dest_lat, dest_lng, dest_address, status, distance_km, duration_minutes, price_estimated, price_final, requested_at, accepted_at, started_at, finished_at) VALUES (802, 68, 30, 30, 40.47778156, -3.73937319, 'Alameda Apolonia Julián 21 Apt. 75 , Madrid', 40.39934927, -3.72279391, 'Urbanización Bernarda Lloret 48 Piso 0 , Madrid', 'completed', 8.9, 15, 15.35, 14.05, '2026-04-25 18:52:10', '2026-04-25 18:53:11', '2026-04-25 18:55:51', '2026-04-25 19:10:51');
INSERT INTO OFFER (offer_id, trip_id, driver_id, status, sent_at, responded_at) VALUES (2399, 802, 30, 'accepted', '2026-04-25 18:52:13', '2026-04-25 18:53:11');
INSERT INTO OFFER (offer_id, trip_id, driver_id, status, sent_at, responded_at) VALUES (2400, 802, 21, 'rejected', '2026-04-25 18:52:12', '2026-04-25 18:52:38');
INSERT INTO PAYMENT (payment_id, trip_id, amount, platform_fee, driver_earnings, method, status, paid_at) VALUES (666, 802, 14.05, 2.81, 11.24, 'cash', 'pending', NULL);
INSERT INTO TRIP (trip_id, rider_id, driver_id, vehicle_id, origin_lat, origin_lng, origin_address, dest_lat, dest_lng, dest_address, status, distance_km, duration_minutes, price_estimated, price_final, requested_at, accepted_at, started_at, finished_at) VALUES (803, 53, NULL, NULL, 40.47982345, -3.63896824, 'Camino de Marcela Raya 20, Madrid', 40.38981008, -3.62084154, 'C. Cecilio Luján 65 Piso 9 , Madrid', 'cancelled', 10.19, NULL, 17.29, NULL, '2026-04-25 18:50:42', NULL, NULL, NULL);
INSERT INTO OFFER (offer_id, trip_id, driver_id, status, sent_at, responded_at) VALUES (2401, 803, 19, 'rejected', '2026-04-25 18:50:47', '2026-04-25 18:51:29');
INSERT INTO TRIP (trip_id, rider_id, driver_id, vehicle_id, origin_lat, origin_lng, origin_address, dest_lat, dest_lng, dest_address, status, distance_km, duration_minutes, price_estimated, price_final, requested_at, accepted_at, started_at, finished_at) VALUES (804, 7, 18, 18, 40.49045992, -3.6447964, 'Pasadizo Basilio Viana 44 Apt. 05 , Madrid', 40.45161415, -3.69594808, 'Pasaje de Xiomara Sanmartín 7 Apt. 47 , Madrid', 'completed', 7.13, 13, 12.7, 13.12, '2026-04-25 18:52:31', '2026-04-25 18:55:08', '2026-04-25 19:03:52', '2026-04-25 19:16:52');
INSERT INTO OFFER (offer_id, trip_id, driver_id, status, sent_at, responded_at) VALUES (2402, 804, 18, 'accepted', '2026-04-25 18:52:33', '2026-04-25 18:55:08');
INSERT INTO OFFER (offer_id, trip_id, driver_id, status, sent_at, responded_at) VALUES (2403, 804, 17, 'rejected', '2026-04-25 18:52:34', '2026-04-25 18:52:55');
INSERT INTO OFFER (offer_id, trip_id, driver_id, status, sent_at, responded_at) VALUES (2404, 804, 49, 'expired', '2026-04-25 18:52:33', NULL);
INSERT INTO OFFER (offer_id, trip_id, driver_id, status, sent_at, responded_at) VALUES (2405, 804, 30, 'expired', '2026-04-25 18:52:33', NULL);
INSERT INTO OFFER (offer_id, trip_id, driver_id, status, sent_at, responded_at) VALUES (2406, 804, 14, 'rejected', '2026-04-25 18:52:36', '2026-04-25 18:53:12');
INSERT INTO PAYMENT (payment_id, trip_id, amount, platform_fee, driver_earnings, method, status, paid_at) VALUES (667, 804, 13.12, 2.62, 10.5, 'card', 'completed', '2026-04-25 19:19:52');
INSERT INTO TRIP (trip_id, rider_id, driver_id, vehicle_id, origin_lat, origin_lng, origin_address, dest_lat, dest_lng, dest_address, status, distance_km, duration_minutes, price_estimated, price_final, requested_at, accepted_at, started_at, finished_at) VALUES (805, 95, 41, 41, 40.36925856, -3.65929774, 'Ronda de Trinidad Luz 88 Piso 5 , Madrid', 40.39761604, -3.63359998, 'Cuesta de Florinda Padilla 7, Madrid', 'completed', 4.25, 7, 8.38, 7.92, '2026-04-25 18:51:46', '2026-04-25 18:55:44', '2026-04-25 19:03:10', '2026-04-25 19:10:10');
INSERT INTO OFFER (offer_id, trip_id, driver_id, status, sent_at, responded_at) VALUES (2407, 805, 41, 'accepted', '2026-04-25 18:51:48', '2026-04-25 18:55:44');
INSERT INTO OFFER (offer_id, trip_id, driver_id, status, sent_at, responded_at) VALUES (2408, 805, 3, 'rejected', '2026-04-25 18:51:48', '2026-04-25 18:52:36');
INSERT INTO OFFER (offer_id, trip_id, driver_id, status, sent_at, responded_at) VALUES (2409, 805, 39, 'rejected', '2026-04-25 18:51:50', '2026-04-25 18:52:21');
INSERT INTO PAYMENT (payment_id, trip_id, amount, platform_fee, driver_earnings, method, status, paid_at) VALUES (668, 805, 7.92, 1.58, 6.34, 'card', 'completed', '2026-04-25 19:11:10');
INSERT INTO TRIP (trip_id, rider_id, driver_id, vehicle_id, origin_lat, origin_lng, origin_address, dest_lat, dest_lng, dest_address, status, distance_km, duration_minutes, price_estimated, price_final, requested_at, accepted_at, started_at, finished_at) VALUES (806, 28, 10, 10, 40.49773519, -3.71042885, 'Vial de Esperanza Heredia 596, Madrid', 40.45195747, -3.71058638, 'Urbanización de Manola Ortuño 61 Apt. 25 , Madrid', 'completed', 5.08, 12, 9.62, 8.83, '2026-04-25 18:53:05', '2026-04-25 18:56:16', '2026-04-25 18:59:18', '2026-04-25 19:11:18');
INSERT INTO OFFER (offer_id, trip_id, driver_id, status, sent_at, responded_at) VALUES (2410, 806, 10, 'accepted', '2026-04-25 18:53:09', '2026-04-25 18:56:16');
INSERT INTO OFFER (offer_id, trip_id, driver_id, status, sent_at, responded_at) VALUES (2411, 806, 46, 'rejected', '2026-04-25 18:53:08', '2026-04-25 18:53:50');
INSERT INTO OFFER (offer_id, trip_id, driver_id, status, sent_at, responded_at) VALUES (2412, 806, 48, 'rejected', '2026-04-25 18:53:09', '2026-04-25 18:53:36');
INSERT INTO OFFER (offer_id, trip_id, driver_id, status, sent_at, responded_at) VALUES (2413, 806, 1, 'expired', '2026-04-25 18:53:10', NULL);
INSERT INTO PAYMENT (payment_id, trip_id, amount, platform_fee, driver_earnings, method, status, paid_at) VALUES (669, 806, 8.83, 1.77, 7.06, 'card', 'pending', NULL);
INSERT INTO TRIP (trip_id, rider_id, driver_id, vehicle_id, origin_lat, origin_lng, origin_address, dest_lat, dest_lng, dest_address, status, distance_km, duration_minutes, price_estimated, price_final, requested_at, accepted_at, started_at, finished_at) VALUES (807, 40, 1, 1, 40.49075534, -3.60067418, 'Glorieta Aroa Rosales 97, Madrid', 40.45360959, -3.70344537, 'Ronda Lisandro Ferrera 52, Madrid', 'completed', 12.13, 27, 20.2, 20.02, '2026-04-25 18:52:55', '2026-04-25 18:55:26', '2026-04-25 19:03:42', '2026-04-25 19:30:42');
INSERT INTO OFFER (offer_id, trip_id, driver_id, status, sent_at, responded_at) VALUES (2414, 807, 1, 'accepted', '2026-04-25 18:52:59', '2026-04-25 18:55:26');
INSERT INTO OFFER (offer_id, trip_id, driver_id, status, sent_at, responded_at) VALUES (2415, 807, 40, 'rejected', '2026-04-25 18:53:00', '2026-04-25 18:53:14');
INSERT INTO OFFER (offer_id, trip_id, driver_id, status, sent_at, responded_at) VALUES (2416, 807, 38, 'rejected', '2026-04-25 18:52:57', '2026-04-25 18:53:30');
INSERT INTO OFFER (offer_id, trip_id, driver_id, status, sent_at, responded_at) VALUES (2417, 807, 21, 'rejected', '2026-04-25 18:52:56', '2026-04-25 18:53:34');
INSERT INTO OFFER (offer_id, trip_id, driver_id, status, sent_at, responded_at) VALUES (2418, 807, 13, 'rejected', '2026-04-25 18:52:58', '2026-04-25 18:53:12');
INSERT INTO PAYMENT (payment_id, trip_id, amount, platform_fee, driver_earnings, method, status, paid_at) VALUES (670, 807, 20.02, 4.0, 16.02, 'card', 'completed', '2026-04-25 19:30:42');
INSERT INTO TRIP (trip_id, rider_id, driver_id, vehicle_id, origin_lat, origin_lng, origin_address, dest_lat, dest_lng, dest_address, status, distance_km, duration_minutes, price_estimated, price_final, requested_at, accepted_at, started_at, finished_at) VALUES (808, 81, 11, 11, 40.39856641, -3.62424472, 'Calle de Florencio Hoz 77 Apt. 36 , Madrid', 40.46174672, -3.72452284, 'C. de Donato Arenas 16, Madrid', 'completed', 13.16, 29, 21.74, 21.43, '2026-04-25 18:50:49', '2026-04-25 18:52:30', '2026-04-25 19:00:58', '2026-04-25 19:29:58');
INSERT INTO OFFER (offer_id, trip_id, driver_id, status, sent_at, responded_at) VALUES (2419, 808, 11, 'accepted', '2026-04-25 18:50:52', '2026-04-25 18:52:30');
INSERT INTO PAYMENT (payment_id, trip_id, amount, platform_fee, driver_earnings, method, status, paid_at) VALUES (671, 808, 21.43, 4.29, 17.14, 'card', 'completed', '2026-04-25 19:32:58');
INSERT INTO TRIP (trip_id, rider_id, driver_id, vehicle_id, origin_lat, origin_lng, origin_address, dest_lat, dest_lng, dest_address, status, distance_km, duration_minutes, price_estimated, price_final, requested_at, accepted_at, started_at, finished_at) VALUES (809, 48, 5, 5, 40.44826369, -3.68863733, 'Calle de Constanza Sobrino 264 Puerta 1 , Madrid', 40.40921474, -3.68690183, 'Callejón Rodrigo Ribas 10, Madrid', 'in_progress', 4.34, NULL, 8.51, NULL, '2026-04-25 18:51:56', '2026-04-25 18:55:00', '2026-04-25 19:00:32', NULL);
INSERT INTO OFFER (offer_id, trip_id, driver_id, status, sent_at, responded_at) VALUES (2420, 809, 5, 'accepted', '2026-04-25 18:51:59', '2026-04-25 18:55:00');
INSERT INTO OFFER (offer_id, trip_id, driver_id, status, sent_at, responded_at) VALUES (2421, 809, 31, 'rejected', '2026-04-25 18:51:59', '2026-04-25 18:52:54');
INSERT INTO OFFER (offer_id, trip_id, driver_id, status, sent_at, responded_at) VALUES (2422, 809, 43, 'rejected', '2026-04-25 18:51:57', '2026-04-25 18:52:41');
INSERT INTO TRIP (trip_id, rider_id, driver_id, vehicle_id, origin_lat, origin_lng, origin_address, dest_lat, dest_lng, dest_address, status, distance_km, duration_minutes, price_estimated, price_final, requested_at, accepted_at, started_at, finished_at) VALUES (810, 35, 8, 8, 40.48272442, -3.63126822, 'Cuesta de Modesta Ferrando 9, Madrid', 40.37421268, -3.7043493, 'Vial de Marciano Pi 68 Puerta 6 , Madrid', 'completed', 14.52, 31, 23.78, 24.0, '2026-04-25 18:53:12', '2026-04-25 18:54:44', '2026-04-25 19:03:20', '2026-04-25 19:34:20');
INSERT INTO OFFER (offer_id, trip_id, driver_id, status, sent_at, responded_at) VALUES (2423, 810, 8, 'accepted', '2026-04-25 18:53:17', '2026-04-25 18:54:44');
INSERT INTO OFFER (offer_id, trip_id, driver_id, status, sent_at, responded_at) VALUES (2424, 810, 29, 'expired', '2026-04-25 18:53:17', NULL);
INSERT INTO OFFER (offer_id, trip_id, driver_id, status, sent_at, responded_at) VALUES (2425, 810, 40, 'rejected', '2026-04-25 18:53:17', '2026-04-25 18:53:52');
INSERT INTO OFFER (offer_id, trip_id, driver_id, status, sent_at, responded_at) VALUES (2426, 810, 22, 'rejected', '2026-04-25 18:53:14', '2026-04-25 18:53:29');
INSERT INTO PAYMENT (payment_id, trip_id, amount, platform_fee, driver_earnings, method, status, paid_at) VALUES (672, 810, 24.0, 4.8, 19.2, 'card', 'pending', NULL);

INSERT INTO TRIP (trip_id, rider_id, driver_id, vehicle_id, origin_lat, origin_lng, origin_address, dest_lat, dest_lng, dest_address, status, distance_km, duration_minutes, price_estimated, price_final, requested_at, accepted_at, started_at, finished_at) VALUES (811, 72, 27, 27, 40.36738874, -3.71928267, 'C. de Rico Hierro 792 Apt. 23 , Madrid', 40.41662008, -3.62338467, 'Cañada Mariano Peral 60, Madrid', 'completed', 11.97, 22, 19.96, 19.15, '2026-04-25 18:50:54', '2026-04-25 18:53:45', '2026-04-25 18:58:00', '2026-04-25 19:20:00');
INSERT INTO OFFER (offer_id, trip_id, driver_id, status, sent_at, responded_at) VALUES (2427, 811, 27, 'accepted', '2026-04-25 18:50:56', '2026-04-25 18:53:45');
INSERT INTO OFFER (offer_id, trip_id, driver_id, status, sent_at, responded_at) VALUES (2428, 811, 26, 'rejected', '2026-04-25 18:50:59', '2026-04-25 18:51:22');
INSERT INTO OFFER (offer_id, trip_id, driver_id, status, sent_at, responded_at) VALUES (2429, 811, 41, 'expired', '2026-04-25 18:50:59', NULL);
INSERT INTO OFFER (offer_id, trip_id, driver_id, status, sent_at, responded_at) VALUES (2430, 811, 37, 'expired', '2026-04-25 18:50:59', NULL);
INSERT INTO OFFER (offer_id, trip_id, driver_id, status, sent_at, responded_at) VALUES (2431, 811, 33, 'expired', '2026-04-25 18:50:58', NULL);
INSERT INTO PAYMENT (payment_id, trip_id, amount, platform_fee, driver_earnings, method, status, paid_at) VALUES (673, 811, 19.15, 3.83, 15.32, 'cash', 'pending', NULL);
INSERT INTO TRIP (trip_id, rider_id, driver_id, vehicle_id, origin_lat, origin_lng, origin_address, dest_lat, dest_lng, dest_address, status, distance_km, duration_minutes, price_estimated, price_final, requested_at, accepted_at, started_at, finished_at) VALUES (812, 76, 7, 7, 40.49586587, -3.66959784, 'Acceso Gerónimo Pi 84 Piso 9 , Madrid', 40.3851155, -3.74969371, 'Camino Ester Colomer 91 Piso 7 , Madrid', 'completed', 15.17, 28, 24.75, 26.67, '2026-04-25 18:53:06', '2026-04-25 18:54:55', '2026-04-25 19:04:44', '2026-04-25 19:32:44');
INSERT INTO OFFER (offer_id, trip_id, driver_id, status, sent_at, responded_at) VALUES (2432, 812, 7, 'accepted', '2026-04-25 18:53:10', '2026-04-25 18:54:55');
INSERT INTO OFFER (offer_id, trip_id, driver_id, status, sent_at, responded_at) VALUES (2433, 812, 10, 'rejected', '2026-04-25 18:53:08', '2026-04-25 18:53:55');
INSERT INTO OFFER (offer_id, trip_id, driver_id, status, sent_at, responded_at) VALUES (2434, 812, 28, 'rejected', '2026-04-25 18:53:10', '2026-04-25 18:53:33');
INSERT INTO OFFER (offer_id, trip_id, driver_id, status, sent_at, responded_at) VALUES (2435, 812, 19, 'rejected', '2026-04-25 18:53:07', '2026-04-25 18:53:26');
INSERT INTO PAYMENT (payment_id, trip_id, amount, platform_fee, driver_earnings, method, status, paid_at) VALUES (674, 812, 26.67, 5.33, 21.34, 'card', 'pending', NULL);
INSERT INTO TRIP (trip_id, rider_id, driver_id, vehicle_id, origin_lat, origin_lng, origin_address, dest_lat, dest_lng, dest_address, status, distance_km, duration_minutes, price_estimated, price_final, requested_at, accepted_at, started_at, finished_at) VALUES (813, 19, 37, 37, 40.36341635, -3.6258304, 'Cañada Amor Sarmiento 31, Madrid', 40.36657235, -3.70568596, 'Calle de Aitana Carro 31, Madrid', 'completed', 8.87, 20, 15.3, 15.03, '2026-04-25 18:52:00', '2026-04-25 18:54:33', '2026-04-25 18:58:37', '2026-04-25 19:18:37');
INSERT INTO OFFER (offer_id, trip_id, driver_id, status, sent_at, responded_at) VALUES (2436, 813, 37, 'accepted', '2026-04-25 18:52:05', '2026-04-25 18:54:33');
INSERT INTO OFFER (offer_id, trip_id, driver_id, status, sent_at, responded_at) VALUES (2437, 813, 27, 'rejected', '2026-04-25 18:52:05', '2026-04-25 18:52:22');
INSERT INTO PAYMENT (payment_id, trip_id, amount, platform_fee, driver_earnings, method, status, paid_at) VALUES (675, 813, 15.03, 3.01, 12.02, 'card', 'pending', NULL);
INSERT INTO TRIP (trip_id, rider_id, driver_id, vehicle_id, origin_lat, origin_lng, origin_address, dest_lat, dest_lng, dest_address, status, distance_km, duration_minutes, price_estimated, price_final, requested_at, accepted_at, started_at, finished_at) VALUES (814, 61, 46, 46, 40.44698574, -3.71232656, 'Glorieta Marcelino Velázquez 91, Madrid', 40.39427524, -3.6552912, 'Callejón de Hilario Gracia 4, Madrid', 'cancelled', 8.62, NULL, 14.93, NULL, '2026-04-25 18:52:53', '2026-04-25 18:55:21', NULL, NULL);
INSERT INTO OFFER (offer_id, trip_id, driver_id, status, sent_at, responded_at) VALUES (2438, 814, 46, 'accepted', '2026-04-25 18:52:54', '2026-04-25 18:55:21');
INSERT INTO TRIP (trip_id, rider_id, driver_id, vehicle_id, origin_lat, origin_lng, origin_address, dest_lat, dest_lng, dest_address, status, distance_km, duration_minutes, price_estimated, price_final, requested_at, accepted_at, started_at, finished_at) VALUES (815, 21, 37, 37, 40.38323909, -3.60222857, 'Via de Charo Bravo 9, Madrid', 40.4858621, -3.7154714, 'Callejón de Amaya Arteaga 23, Madrid', 'in_progress', 16.96, NULL, 27.44, NULL, '2026-04-25 18:51:38', '2026-04-25 18:55:22', '2026-04-25 18:59:58', NULL);
INSERT INTO OFFER (offer_id, trip_id, driver_id, status, sent_at, responded_at) VALUES (2439, 815, 37, 'accepted', '2026-04-25 18:51:41', '2026-04-25 18:55:22');
INSERT INTO OFFER (offer_id, trip_id, driver_id, status, sent_at, responded_at) VALUES (2440, 815, 43, 'rejected', '2026-04-25 18:51:40', '2026-04-25 18:51:54');
INSERT INTO OFFER (offer_id, trip_id, driver_id, status, sent_at, responded_at) VALUES (2441, 815, 16, 'rejected', '2026-04-25 18:51:41', '2026-04-25 18:52:09');
INSERT INTO OFFER (offer_id, trip_id, driver_id, status, sent_at, responded_at) VALUES (2442, 815, 31, 'expired', '2026-04-25 18:51:39', NULL);
INSERT INTO TRIP (trip_id, rider_id, driver_id, vehicle_id, origin_lat, origin_lng, origin_address, dest_lat, dest_lng, dest_address, status, distance_km, duration_minutes, price_estimated, price_final, requested_at, accepted_at, started_at, finished_at) VALUES (816, 24, NULL, NULL, 40.36735993, -3.69566459, 'Plaza Desiderio Mendizábal 88 Apt. 20 , Madrid', 40.42852431, -3.74573689, 'Cañada de Jose Ignacio Villar 29 Puerta 9 , Madrid', 'requested', 8.77, NULL, 15.15, NULL, '2026-04-25 18:52:55', NULL, NULL, NULL);
INSERT INTO OFFER (offer_id, trip_id, driver_id, status, sent_at, responded_at) VALUES (2443, 816, 20, 'rejected', '2026-04-25 18:52:56', '2026-04-25 18:53:26');
INSERT INTO OFFER (offer_id, trip_id, driver_id, status, sent_at, responded_at) VALUES (2444, 816, 14, 'expired', '2026-04-25 18:52:58', NULL);
INSERT INTO OFFER (offer_id, trip_id, driver_id, status, sent_at, responded_at) VALUES (2445, 816, 31, 'expired', '2026-04-25 18:52:58', NULL);
INSERT INTO TRIP (trip_id, rider_id, driver_id, vehicle_id, origin_lat, origin_lng, origin_address, dest_lat, dest_lng, dest_address, status, distance_km, duration_minutes, price_estimated, price_final, requested_at, accepted_at, started_at, finished_at) VALUES (817, 42, 27, 27, 40.47825425, -3.74569038, 'Acceso de Cloe Aragón 49 Piso 9 , Madrid', 40.43590273, -3.71000412, 'Acceso de Amparo Millán 53, Madrid', 'completed', 6.15, 11, 11.23, 11.11, '2026-04-25 18:52:53', '2026-04-25 18:55:47', '2026-04-25 19:02:29', '2026-04-25 19:13:29');
INSERT INTO OFFER (offer_id, trip_id, driver_id, status, sent_at, responded_at) VALUES (2446, 817, 27, 'accepted', '2026-04-25 18:52:55', '2026-04-25 18:55:47');
INSERT INTO PAYMENT (payment_id, trip_id, amount, platform_fee, driver_earnings, method, status, paid_at) VALUES (676, 817, 11.11, 2.22, 8.89, 'wallet', 'completed', '2026-04-25 19:14:29');
INSERT INTO TRIP (trip_id, rider_id, driver_id, vehicle_id, origin_lat, origin_lng, origin_address, dest_lat, dest_lng, dest_address, status, distance_km, duration_minutes, price_estimated, price_final, requested_at, accepted_at, started_at, finished_at) VALUES (818, 66, 46, 46, 40.41169588, -3.68668459, 'Acceso Ofelia Hurtado 55 Puerta 0 , Madrid', 40.38463624, -3.60745908, 'Cuesta de Graciela Bermúdez 311, Madrid', 'completed', 9.29, 21, 15.93, 14.66, '2026-04-25 18:52:15', '2026-04-25 18:56:53', '2026-04-25 19:00:31', '2026-04-25 19:21:31');
INSERT INTO OFFER (offer_id, trip_id, driver_id, status, sent_at, responded_at) VALUES (2447, 818, 46, 'accepted', '2026-04-25 18:52:20', '2026-04-25 18:56:53');
INSERT INTO OFFER (offer_id, trip_id, driver_id, status, sent_at, responded_at) VALUES (2448, 818, 10, 'expired', '2026-04-25 18:52:17', NULL);
INSERT INTO OFFER (offer_id, trip_id, driver_id, status, sent_at, responded_at) VALUES (2449, 818, 14, 'rejected', '2026-04-25 18:52:19', '2026-04-25 18:53:09');
INSERT INTO OFFER (offer_id, trip_id, driver_id, status, sent_at, responded_at) VALUES (2450, 818, 44, 'rejected', '2026-04-25 18:52:17', '2026-04-25 18:52:54');
INSERT INTO PAYMENT (payment_id, trip_id, amount, platform_fee, driver_earnings, method, status, paid_at) VALUES (677, 818, 14.66, 2.93, 11.73, 'wallet', 'completed', '2026-04-25 19:24:31');
INSERT INTO TRIP (trip_id, rider_id, driver_id, vehicle_id, origin_lat, origin_lng, origin_address, dest_lat, dest_lng, dest_address, status, distance_km, duration_minutes, price_estimated, price_final, requested_at, accepted_at, started_at, finished_at) VALUES (819, 99, 35, 35, 40.48617086, -3.69458409, 'Via de Primitiva Benavente 92, Madrid', 40.43566572, -3.64999558, 'Glorieta de Flor Macías 216, Madrid', 'completed', 7.48, 14, 13.22, 12.43, '2026-04-25 18:52:43', '2026-04-25 18:56:13', '2026-04-25 18:59:31', '2026-04-25 19:13:31');
INSERT INTO OFFER (offer_id, trip_id, driver_id, status, sent_at, responded_at) VALUES (2451, 819, 35, 'accepted', '2026-04-25 18:52:48', '2026-04-25 18:56:13');
INSERT INTO PAYMENT (payment_id, trip_id, amount, platform_fee, driver_earnings, method, status, paid_at) VALUES (678, 819, 12.43, 2.49, 9.94, 'wallet', 'pending', NULL);
INSERT INTO TRIP (trip_id, rider_id, driver_id, vehicle_id, origin_lat, origin_lng, origin_address, dest_lat, dest_lng, dest_address, status, distance_km, duration_minutes, price_estimated, price_final, requested_at, accepted_at, started_at, finished_at) VALUES (820, 89, NULL, NULL, 40.42352101, -3.67729757, 'Calle Ainoa Quiroga 57, Madrid', 40.37936716, -3.63787047, 'Acceso Íñigo Querol 650, Madrid', 'cancelled', 6.57, NULL, 11.86, NULL, '2026-04-25 18:51:53', NULL, NULL, NULL);
INSERT INTO OFFER (offer_id, trip_id, driver_id, status, sent_at, responded_at) VALUES (2452, 820, 6, 'expired', '2026-04-25 18:51:55', NULL);
INSERT INTO OFFER (offer_id, trip_id, driver_id, status, sent_at, responded_at) VALUES (2453, 820, 20, 'rejected', '2026-04-25 18:51:57', '2026-04-25 18:52:25');

INSERT INTO TRIP (trip_id, rider_id, driver_id, vehicle_id, origin_lat, origin_lng, origin_address, dest_lat, dest_lng, dest_address, status, distance_km, duration_minutes, price_estimated, price_final, requested_at, accepted_at, started_at, finished_at) VALUES (821, 16, NULL, NULL, 40.40731538, -3.61046961, 'Glorieta Adelia Olmedo 8, Madrid', 40.43897816, -3.69006369, 'Cuesta de Emiliana Gelabert 8 Puerta 5 , Madrid', 'requested', 9.51, NULL, 16.27, NULL, '2026-04-25 18:50:51', NULL, NULL, NULL);
INSERT INTO OFFER (offer_id, trip_id, driver_id, status, sent_at, responded_at) VALUES (2454, 821, 3, 'rejected', '2026-04-25 18:50:55', '2026-04-25 18:51:42');
INSERT INTO OFFER (offer_id, trip_id, driver_id, status, sent_at, responded_at) VALUES (2455, 821, 31, 'expired', '2026-04-25 18:50:55', NULL);
INSERT INTO TRIP (trip_id, rider_id, driver_id, vehicle_id, origin_lat, origin_lng, origin_address, dest_lat, dest_lng, dest_address, status, distance_km, duration_minutes, price_estimated, price_final, requested_at, accepted_at, started_at, finished_at) VALUES (822, 41, 15, 15, 40.45471013, -3.65333831, 'Urbanización Patricia Chaparro 68 Piso 6 , Madrid', 40.39650166, -3.65785001, 'Pasaje Édgar Miró 98, Madrid', 'in_progress', 6.48, NULL, 11.72, NULL, '2026-04-25 18:52:28', '2026-04-25 18:56:35', '2026-04-25 19:00:34', NULL);
INSERT INTO OFFER (offer_id, trip_id, driver_id, status, sent_at, responded_at) VALUES (2456, 822, 34, 'rejected', '2026-04-25 18:52:33', '2026-04-25 18:53:27');
INSERT INTO OFFER (offer_id, trip_id, driver_id, status, sent_at, responded_at) VALUES (2457, 822, 15, 'accepted', '2026-04-25 18:52:33', '2026-04-25 18:56:35');
INSERT INTO OFFER (offer_id, trip_id, driver_id, status, sent_at, responded_at) VALUES (2458, 822, 50, 'expired', '2026-04-25 18:52:33', NULL);
INSERT INTO OFFER (offer_id, trip_id, driver_id, status, sent_at, responded_at) VALUES (2459, 822, 6, 'expired', '2026-04-25 18:52:30', NULL);
INSERT INTO TRIP (trip_id, rider_id, driver_id, vehicle_id, origin_lat, origin_lng, origin_address, dest_lat, dest_lng, dest_address, status, distance_km, duration_minutes, price_estimated, price_final, requested_at, accepted_at, started_at, finished_at) VALUES (823, 44, 49, 49, 40.49367196, -3.65978673, 'Cuesta Daniel Ochoa 53 Piso 9 , Madrid', 40.42261179, -3.60144176, 'Rambla Casemiro Gimenez 94, Madrid', 'completed', 10.21, 19, 17.32, 18.53, '2026-04-25 18:53:05', '2026-04-25 18:56:37', '2026-04-25 19:05:30', '2026-04-25 19:24:30');
INSERT INTO OFFER (offer_id, trip_id, driver_id, status, sent_at, responded_at) VALUES (2460, 823, 49, 'accepted', '2026-04-25 18:53:10', '2026-04-25 18:56:37');
INSERT INTO OFFER (offer_id, trip_id, driver_id, status, sent_at, responded_at) VALUES (2461, 823, 9, 'rejected', '2026-04-25 18:53:08', '2026-04-25 18:54:03');
INSERT INTO OFFER (offer_id, trip_id, driver_id, status, sent_at, responded_at) VALUES (2462, 823, 2, 'expired', '2026-04-25 18:53:06', NULL);
INSERT INTO OFFER (offer_id, trip_id, driver_id, status, sent_at, responded_at) VALUES (2463, 823, 31, 'rejected', '2026-04-25 18:53:10', '2026-04-25 18:53:55');
INSERT INTO PAYMENT (payment_id, trip_id, amount, platform_fee, driver_earnings, method, status, paid_at) VALUES (679, 823, 18.53, 3.71, 14.82, 'card', 'pending', NULL);
INSERT INTO TRIP (trip_id, rider_id, driver_id, vehicle_id, origin_lat, origin_lng, origin_address, dest_lat, dest_lng, dest_address, status, distance_km, duration_minutes, price_estimated, price_final, requested_at, accepted_at, started_at, finished_at) VALUES (824, 54, 25, 25, 40.4302167, -3.6027793, 'Pasadizo de Leticia Tirado 41, Madrid', 40.44139742, -3.62200944, 'Acceso de Trini Marín 69 Apt. 67 , Madrid', 'completed', 2.47, 9, 5.71, 5.37, '2026-04-25 18:50:45', '2026-04-25 18:55:22', '2026-04-25 18:59:46', '2026-04-25 19:08:46');
INSERT INTO OFFER (offer_id, trip_id, driver_id, status, sent_at, responded_at) VALUES (2464, 824, 25, 'accepted', '2026-04-25 18:50:49', '2026-04-25 18:55:22');
INSERT INTO OFFER (offer_id, trip_id, driver_id, status, sent_at, responded_at) VALUES (2465, 824, 27, 'rejected', '2026-04-25 18:50:49', '2026-04-25 18:51:44');
INSERT INTO OFFER (offer_id, trip_id, driver_id, status, sent_at, responded_at) VALUES (2466, 824, 16, 'rejected', '2026-04-25 18:50:46', '2026-04-25 18:51:26');
INSERT INTO OFFER (offer_id, trip_id, driver_id, status, sent_at, responded_at) VALUES (2467, 824, 12, 'expired', '2026-04-25 18:50:46', NULL);
INSERT INTO PAYMENT (payment_id, trip_id, amount, platform_fee, driver_earnings, method, status, paid_at) VALUES (680, 824, 5.37, 1.07, 4.3, 'card', 'completed', '2026-04-25 19:12:46');
INSERT INTO TRIP (trip_id, rider_id, driver_id, vehicle_id, origin_lat, origin_lng, origin_address, dest_lat, dest_lng, dest_address, status, distance_km, duration_minutes, price_estimated, price_final, requested_at, accepted_at, started_at, finished_at) VALUES (825, 33, 23, 23, 40.46823059, -3.64579957, 'Urbanización de Feliciana Pulido 47 Apt. 06 , Madrid', 40.48861282, -3.61251011, 'Acceso Narcisa Elías 3, Madrid', 'completed', 4.33, 7, 8.5, 8.54, '2026-04-25 18:51:44', '2026-04-25 18:56:10', '2026-04-25 19:03:05', '2026-04-25 19:10:05');
INSERT INTO OFFER (offer_id, trip_id, driver_id, status, sent_at, responded_at) VALUES (2468, 825, 23, 'accepted', '2026-04-25 18:51:48', '2026-04-25 18:56:10');
INSERT INTO OFFER (offer_id, trip_id, driver_id, status, sent_at, responded_at) VALUES (2469, 825, 11, 'expired', '2026-04-25 18:51:46', NULL);
INSERT INTO PAYMENT (payment_id, trip_id, amount, platform_fee, driver_earnings, method, status, paid_at) VALUES (681, 825, 8.54, 1.71, 6.83, 'cash', 'pending', NULL);
INSERT INTO TRIP (trip_id, rider_id, driver_id, vehicle_id, origin_lat, origin_lng, origin_address, dest_lat, dest_lng, dest_address, status, distance_km, duration_minutes, price_estimated, price_final, requested_at, accepted_at, started_at, finished_at) VALUES (826, 56, 22, 22, 40.35203912, -3.70894938, 'Alameda de Florentino Carpio 9, Madrid', 40.38169042, -3.70261384, 'C. Emiliano Sacristán 2 Apt. 33 , Madrid', 'in_progress', 3.37, NULL, 7.05, NULL, '2026-04-25 18:51:20', '2026-04-25 18:53:37', '2026-04-25 19:00:21', NULL);
INSERT INTO OFFER (offer_id, trip_id, driver_id, status, sent_at, responded_at) VALUES (2470, 826, 22, 'accepted', '2026-04-25 18:51:22', '2026-04-25 18:53:37');
INSERT INTO OFFER (offer_id, trip_id, driver_id, status, sent_at, responded_at) VALUES (2471, 826, 1, 'rejected', '2026-04-25 18:51:22', '2026-04-25 18:52:00');
INSERT INTO OFFER (offer_id, trip_id, driver_id, status, sent_at, responded_at) VALUES (2472, 826, 9, 'expired', '2026-04-25 18:51:22', NULL);
INSERT INTO OFFER (offer_id, trip_id, driver_id, status, sent_at, responded_at) VALUES (2473, 826, 33, 'rejected', '2026-04-25 18:51:22', '2026-04-25 18:52:01');
INSERT INTO TRIP (trip_id, rider_id, driver_id, vehicle_id, origin_lat, origin_lng, origin_address, dest_lat, dest_lng, dest_address, status, distance_km, duration_minutes, price_estimated, price_final, requested_at, accepted_at, started_at, finished_at) VALUES (827, 47, 2, 2, 40.47166833, -3.67915174, 'Glorieta de Plácido Benítez 52 Piso 2 , Madrid', 40.45900793, -3.60505608, 'Urbanización de Leandra Pavón 94 Apt. 60 , Madrid', 'completed', 8.34, 21, 14.51, 14.73, '2026-04-25 18:51:11', '2026-04-25 18:55:11', '2026-04-25 19:00:01', '2026-04-25 19:21:01');
INSERT INTO OFFER (offer_id, trip_id, driver_id, status, sent_at, responded_at) VALUES (2474, 827, 2, 'accepted', '2026-04-25 18:51:13', '2026-04-25 18:55:11');
INSERT INTO PAYMENT (payment_id, trip_id, amount, platform_fee, driver_earnings, method, status, paid_at) VALUES (682, 827, 14.73, 2.95, 11.78, 'cash', 'completed', '2026-04-25 19:25:01');
INSERT INTO TRIP (trip_id, rider_id, driver_id, vehicle_id, origin_lat, origin_lng, origin_address, dest_lat, dest_lng, dest_address, status, distance_km, duration_minutes, price_estimated, price_final, requested_at, accepted_at, started_at, finished_at) VALUES (828, 100, 24, 24, 40.49155759, -3.60799967, 'Paseo Primitiva Granados 506 Apt. 44 , Madrid', 40.40303998, -3.64453475, 'Urbanización de Dorita Chacón 1, Madrid', 'completed', 10.63, 24, 17.95, 17.08, '2026-04-25 18:50:15', '2026-04-25 18:53:43', '2026-04-25 18:56:00', '2026-04-25 19:20:00');
INSERT INTO OFFER (offer_id, trip_id, driver_id, status, sent_at, responded_at) VALUES (2475, 828, 24, 'accepted', '2026-04-25 18:50:18', '2026-04-25 18:53:43');
INSERT INTO OFFER (offer_id, trip_id, driver_id, status, sent_at, responded_at) VALUES (2476, 828, 44, 'rejected', '2026-04-25 18:50:17', '2026-04-25 18:50:28');
INSERT INTO OFFER (offer_id, trip_id, driver_id, status, sent_at, responded_at) VALUES (2477, 828, 18, 'rejected', '2026-04-25 18:50:16', '2026-04-25 18:50:47');
INSERT INTO PAYMENT (payment_id, trip_id, amount, platform_fee, driver_earnings, method, status, paid_at) VALUES (683, 828, 17.08, 3.42, 13.66, 'cash', 'completed', '2026-04-25 19:23:00');
INSERT INTO TRIP (trip_id, rider_id, driver_id, vehicle_id, origin_lat, origin_lng, origin_address, dest_lat, dest_lng, dest_address, status, distance_km, duration_minutes, price_estimated, price_final, requested_at, accepted_at, started_at, finished_at) VALUES (829, 13, NULL, NULL, 40.38512977, -3.72171809, 'Camino José Antonio Arjona 882 Apt. 75 , Madrid', 40.4954679, -3.7468088, 'Via de Germán Nadal 872 Piso 4 , Madrid', 'requested', 12.56, NULL, 20.84, NULL, '2026-04-25 18:52:14', NULL, NULL, NULL);
INSERT INTO OFFER (offer_id, trip_id, driver_id, status, sent_at, responded_at) VALUES (2478, 829, 31, 'expired', '2026-04-25 18:52:17', NULL);
INSERT INTO OFFER (offer_id, trip_id, driver_id, status, sent_at, responded_at) VALUES (2479, 829, 23, 'expired', '2026-04-25 18:52:16', NULL);
INSERT INTO TRIP (trip_id, rider_id, driver_id, vehicle_id, origin_lat, origin_lng, origin_address, dest_lat, dest_lng, dest_address, status, distance_km, duration_minutes, price_estimated, price_final, requested_at, accepted_at, started_at, finished_at) VALUES (830, 50, 23, 23, 40.49047631, -3.66765692, 'Alameda Bernabé Rius 74 Piso 8 , Madrid', 40.41680818, -3.62535005, 'Plaza de Aurora Ferrer 68, Madrid', 'completed', 9.43, 21, 16.14, 17.02, '2026-04-25 18:51:02', '2026-04-25 18:53:46', '2026-04-25 18:56:39', '2026-04-25 19:17:39');
INSERT INTO OFFER (offer_id, trip_id, driver_id, status, sent_at, responded_at) VALUES (2480, 830, 23, 'accepted', '2026-04-25 18:51:06', '2026-04-25 18:53:46');
INSERT INTO PAYMENT (payment_id, trip_id, amount, platform_fee, driver_earnings, method, status, paid_at) VALUES (684, 830, 17.02, 3.4, 13.62, 'cash', 'completed', '2026-04-25 19:22:39');

INSERT INTO TRIP (trip_id, rider_id, driver_id, vehicle_id, origin_lat, origin_lng, origin_address, dest_lat, dest_lng, dest_address, status, distance_km, duration_minutes, price_estimated, price_final, requested_at, accepted_at, started_at, finished_at) VALUES (831, 78, 12, 12, 40.42518473, -3.61140024, 'Callejón de Victorino Aramburu 5, Madrid', 40.43401949, -3.62327455, 'Cuesta de Marcos Mata 24, Madrid', 'completed', 1.64, 2, 4.46, 4.25, '2026-04-25 18:50:41', '2026-04-25 18:55:08', '2026-04-25 19:03:22', '2026-04-25 19:05:22');
INSERT INTO OFFER (offer_id, trip_id, driver_id, status, sent_at, responded_at) VALUES (2481, 831, 12, 'accepted', '2026-04-25 18:50:46', '2026-04-25 18:55:08');
INSERT INTO OFFER (offer_id, trip_id, driver_id, status, sent_at, responded_at) VALUES (2482, 831, 44, 'rejected', '2026-04-25 18:50:44', '2026-04-25 18:51:40');
INSERT INTO PAYMENT (payment_id, trip_id, amount, platform_fee, driver_earnings, method, status, paid_at) VALUES (685, 831, 4.25, 0.85, 3.4, 'cash', 'completed', '2026-04-25 19:09:22');
INSERT INTO TRIP (trip_id, rider_id, driver_id, vehicle_id, origin_lat, origin_lng, origin_address, dest_lat, dest_lng, dest_address, status, distance_km, duration_minutes, price_estimated, price_final, requested_at, accepted_at, started_at, finished_at) VALUES (832, 42, 19, 19, 40.44631653, -3.68118008, 'Via Pacífica Molins 86 Puerta 1 , Madrid', 40.39825777, -3.68145594, 'Alameda Gonzalo Manrique 82, Madrid', 'completed', 5.33, 14, 10.0, 9.43, '2026-04-25 18:50:55', '2026-04-25 18:52:47', '2026-04-25 19:02:04', '2026-04-25 19:16:04');
INSERT INTO OFFER (offer_id, trip_id, driver_id, status, sent_at, responded_at) VALUES (2483, 832, 19, 'accepted', '2026-04-25 18:50:58', '2026-04-25 18:52:47');
INSERT INTO OFFER (offer_id, trip_id, driver_id, status, sent_at, responded_at) VALUES (2484, 832, 21, 'rejected', '2026-04-25 18:50:59', '2026-04-25 18:51:36');
INSERT INTO OFFER (offer_id, trip_id, driver_id, status, sent_at, responded_at) VALUES (2485, 832, 10, 'rejected', '2026-04-25 18:51:00', '2026-04-25 18:51:44');
INSERT INTO PAYMENT (payment_id, trip_id, amount, platform_fee, driver_earnings, method, status, paid_at) VALUES (686, 832, 9.43, 1.89, 7.54, 'card', 'completed', '2026-04-25 19:21:04');
INSERT INTO TRIP (trip_id, rider_id, driver_id, vehicle_id, origin_lat, origin_lng, origin_address, dest_lat, dest_lng, dest_address, status, distance_km, duration_minutes, price_estimated, price_final, requested_at, accepted_at, started_at, finished_at) VALUES (833, 51, 26, 26, 40.42738481, -3.62773237, 'Pasadizo de Zacarías Benavides 412, Madrid', 40.42269602, -3.69660855, 'C. de Porfirio Pombo 35, Madrid', 'completed', 7.66, 16, 13.49, 14.02, '2026-04-25 18:51:13', '2026-04-25 18:52:33', '2026-04-25 19:00:46', '2026-04-25 19:16:46');
INSERT INTO OFFER (offer_id, trip_id, driver_id, status, sent_at, responded_at) VALUES (2486, 833, 26, 'accepted', '2026-04-25 18:51:15', '2026-04-25 18:52:33');
INSERT INTO OFFER (offer_id, trip_id, driver_id, status, sent_at, responded_at) VALUES (2487, 833, 17, 'expired', '2026-04-25 18:51:16', NULL);
INSERT INTO OFFER (offer_id, trip_id, driver_id, status, sent_at, responded_at) VALUES (2488, 833, 7, 'rejected', '2026-04-25 18:51:16', '2026-04-25 18:51:49');
INSERT INTO PAYMENT (payment_id, trip_id, amount, platform_fee, driver_earnings, method, status, paid_at) VALUES (687, 833, 14.02, 2.8, 11.22, 'wallet', 'completed', '2026-04-25 19:18:46');
INSERT INTO TRIP (trip_id, rider_id, driver_id, vehicle_id, origin_lat, origin_lng, origin_address, dest_lat, dest_lng, dest_address, status, distance_km, duration_minutes, price_estimated, price_final, requested_at, accepted_at, started_at, finished_at) VALUES (834, 53, 29, 29, 40.4571617, -3.61842641, 'Rambla Ángela Real 770 Puerta 2 , Madrid', 40.451229, -3.64605702, 'Calle de Toni Rico 655 Piso 6 , Madrid', 'completed', 3.14, 4, 6.71, 6.21, '2026-04-25 18:52:35', '2026-04-25 18:56:53', '2026-04-25 19:05:01', '2026-04-25 19:09:01');
INSERT INTO OFFER (offer_id, trip_id, driver_id, status, sent_at, responded_at) VALUES (2489, 834, 29, 'accepted', '2026-04-25 18:52:36', '2026-04-25 18:56:53');
INSERT INTO OFFER (offer_id, trip_id, driver_id, status, sent_at, responded_at) VALUES (2490, 834, 34, 'expired', '2026-04-25 18:52:39', NULL);
INSERT INTO OFFER (offer_id, trip_id, driver_id, status, sent_at, responded_at) VALUES (2491, 834, 15, 'expired', '2026-04-25 18:52:36', NULL);
INSERT INTO PAYMENT (payment_id, trip_id, amount, platform_fee, driver_earnings, method, status, paid_at) VALUES (688, 834, 6.21, 1.24, 4.97, 'card', 'completed', '2026-04-25 19:09:01');
INSERT INTO TRIP (trip_id, rider_id, driver_id, vehicle_id, origin_lat, origin_lng, origin_address, dest_lat, dest_lng, dest_address, status, distance_km, duration_minutes, price_estimated, price_final, requested_at, accepted_at, started_at, finished_at) VALUES (835, 31, 48, 48, 40.40925238, -3.73508447, 'C. Cecilia Company 30, Madrid', 40.39881022, -3.65631828, 'Via César Ramos 3, Madrid', 'completed', 8.82, 17, 15.23, 14.55, '2026-04-25 18:52:53', '2026-04-25 18:56:55', '2026-04-25 19:03:08', '2026-04-25 19:20:08');
INSERT INTO OFFER (offer_id, trip_id, driver_id, status, sent_at, responded_at) VALUES (2492, 835, 48, 'accepted', '2026-04-25 18:52:58', '2026-04-25 18:56:55');
INSERT INTO OFFER (offer_id, trip_id, driver_id, status, sent_at, responded_at) VALUES (2493, 835, 19, 'expired', '2026-04-25 18:52:54', NULL);
INSERT INTO OFFER (offer_id, trip_id, driver_id, status, sent_at, responded_at) VALUES (2494, 835, 45, 'rejected', '2026-04-25 18:52:57', '2026-04-25 18:53:41');
INSERT INTO OFFER (offer_id, trip_id, driver_id, status, sent_at, responded_at) VALUES (2495, 835, 36, 'expired', '2026-04-25 18:52:55', NULL);
INSERT INTO OFFER (offer_id, trip_id, driver_id, status, sent_at, responded_at) VALUES (2496, 835, 44, 'expired', '2026-04-25 18:52:56', NULL);
INSERT INTO PAYMENT (payment_id, trip_id, amount, platform_fee, driver_earnings, method, status, paid_at) VALUES (689, 835, 14.55, 2.91, 11.64, 'card', 'completed', '2026-04-25 19:20:08');
INSERT INTO TRIP (trip_id, rider_id, driver_id, vehicle_id, origin_lat, origin_lng, origin_address, dest_lat, dest_lng, dest_address, status, distance_km, duration_minutes, price_estimated, price_final, requested_at, accepted_at, started_at, finished_at) VALUES (836, 91, 12, 12, 40.35043401, -3.68059008, 'Cañada Geraldo Elías 26 Apt. 69 , Madrid', 40.37548156, -3.6681263, 'Avenida de Bartolomé Arco 929 Piso 4 , Madrid', 'completed', 3.11, 6, 6.67, 6.17, '2026-04-25 18:52:50', '2026-04-25 18:56:46', '2026-04-25 19:03:53', '2026-04-25 19:09:53');
INSERT INTO OFFER (offer_id, trip_id, driver_id, status, sent_at, responded_at) VALUES (2497, 836, 12, 'accepted', '2026-04-25 18:52:52', '2026-04-25 18:56:46');
INSERT INTO OFFER (offer_id, trip_id, driver_id, status, sent_at, responded_at) VALUES (2498, 836, 45, 'rejected', '2026-04-25 18:52:54', '2026-04-25 18:53:08');
INSERT INTO PAYMENT (payment_id, trip_id, amount, platform_fee, driver_earnings, method, status, paid_at) VALUES (690, 836, 6.17, 1.23, 4.94, 'wallet', 'completed', '2026-04-25 19:13:53');
INSERT INTO TRIP (trip_id, rider_id, driver_id, vehicle_id, origin_lat, origin_lng, origin_address, dest_lat, dest_lng, dest_address, status, distance_km, duration_minutes, price_estimated, price_final, requested_at, accepted_at, started_at, finished_at) VALUES (837, 54, 14, 14, 40.47769875, -3.71623198, 'Avenida de Isabel Arteaga 4, Madrid', 40.47778146, -3.71084015, 'Plaza de Joel Marin 282, Madrid', 'completed', 0.6, 5, 2.9, 2.7, '2026-04-25 18:53:05', '2026-04-25 18:54:33', '2026-04-25 18:56:45', '2026-04-25 19:01:45');
INSERT INTO OFFER (offer_id, trip_id, driver_id, status, sent_at, responded_at) VALUES (2499, 837, 14, 'accepted', '2026-04-25 18:53:06', '2026-04-25 18:54:33');
INSERT INTO OFFER (offer_id, trip_id, driver_id, status, sent_at, responded_at) VALUES (2500, 837, 32, 'expired', '2026-04-25 18:53:10', NULL);
INSERT INTO OFFER (offer_id, trip_id, driver_id, status, sent_at, responded_at) VALUES (2501, 837, 3, 'rejected', '2026-04-25 18:53:09', '2026-04-25 18:53:58');
INSERT INTO OFFER (offer_id, trip_id, driver_id, status, sent_at, responded_at) VALUES (2502, 837, 25, 'rejected', '2026-04-25 18:53:08', '2026-04-25 18:53:28');
INSERT INTO OFFER (offer_id, trip_id, driver_id, status, sent_at, responded_at) VALUES (2503, 837, 22, 'rejected', '2026-04-25 18:53:09', '2026-04-25 18:53:37');
INSERT INTO PAYMENT (payment_id, trip_id, amount, platform_fee, driver_earnings, method, status, paid_at) VALUES (691, 837, 2.7, 0.54, 2.16, 'wallet', 'pending', NULL);
INSERT INTO TRIP (trip_id, rider_id, driver_id, vehicle_id, origin_lat, origin_lng, origin_address, dest_lat, dest_lng, dest_address, status, distance_km, duration_minutes, price_estimated, price_final, requested_at, accepted_at, started_at, finished_at) VALUES (838, 13, 8, 8, 40.4035475, -3.72846093, 'Urbanización Marino Plana 12, Madrid', 40.38161476, -3.69190668, 'Rambla Mayte Asensio 34 Apt. 54 , Madrid', 'completed', 4.73, 10, 9.1, 9.72, '2026-04-25 18:51:48', '2026-04-25 18:56:02', '2026-04-25 19:01:50', '2026-04-25 19:11:50');
INSERT INTO OFFER (offer_id, trip_id, driver_id, status, sent_at, responded_at) VALUES (2504, 838, 8, 'accepted', '2026-04-25 18:51:49', '2026-04-25 18:56:02');
INSERT INTO OFFER (offer_id, trip_id, driver_id, status, sent_at, responded_at) VALUES (2505, 838, 49, 'rejected', '2026-04-25 18:51:50', '2026-04-25 18:52:24');
INSERT INTO PAYMENT (payment_id, trip_id, amount, platform_fee, driver_earnings, method, status, paid_at) VALUES (692, 838, 9.72, 1.94, 7.78, 'card', 'completed', '2026-04-25 19:14:50');
INSERT INTO TRIP (trip_id, rider_id, driver_id, vehicle_id, origin_lat, origin_lng, origin_address, dest_lat, dest_lng, dest_address, status, distance_km, duration_minutes, price_estimated, price_final, requested_at, accepted_at, started_at, finished_at) VALUES (839, 53, 24, 24, 40.43835062, -3.67851162, 'Callejón de Almudena Sánchez 2 Puerta 9 , Madrid', 40.36203714, -3.60248042, 'Glorieta de Cebrián Carro 91 Piso 6 , Madrid', 'completed', 11.96, 25, 19.94, 18.5, '2026-04-25 18:53:04', '2026-04-25 18:56:52', '2026-04-25 19:02:37', '2026-04-25 19:27:37');
INSERT INTO OFFER (offer_id, trip_id, driver_id, status, sent_at, responded_at) VALUES (2506, 839, 24, 'accepted', '2026-04-25 18:53:09', '2026-04-25 18:56:52');
INSERT INTO OFFER (offer_id, trip_id, driver_id, status, sent_at, responded_at) VALUES (2507, 839, 33, 'rejected', '2026-04-25 18:53:05', '2026-04-25 18:53:42');
INSERT INTO PAYMENT (payment_id, trip_id, amount, platform_fee, driver_earnings, method, status, paid_at) VALUES (693, 839, 18.5, 3.7, 14.8, 'cash', 'completed', '2026-04-25 19:31:37');
INSERT INTO TRIP (trip_id, rider_id, driver_id, vehicle_id, origin_lat, origin_lng, origin_address, dest_lat, dest_lng, dest_address, status, distance_km, duration_minutes, price_estimated, price_final, requested_at, accepted_at, started_at, finished_at) VALUES (840, 39, 12, 12, 40.40262809, -3.61699246, 'Plaza de Plinio Corominas 9 Piso 1 , Madrid', 40.49191462, -3.71871021, 'Rambla Eusebio Requena 67 Apt. 49 , Madrid', 'completed', 15.02, 34, 24.53, 25.35, '2026-04-25 18:52:00', '2026-04-25 18:55:17', '2026-04-25 19:01:02', '2026-04-25 19:35:02');
INSERT INTO OFFER (offer_id, trip_id, driver_id, status, sent_at, responded_at) VALUES (2508, 840, 12, 'accepted', '2026-04-25 18:52:03', '2026-04-25 18:55:17');
INSERT INTO OFFER (offer_id, trip_id, driver_id, status, sent_at, responded_at) VALUES (2509, 840, 4, 'expired', '2026-04-25 18:52:01', NULL);
INSERT INTO OFFER (offer_id, trip_id, driver_id, status, sent_at, responded_at) VALUES (2510, 840, 42, 'expired', '2026-04-25 18:52:02', NULL);
INSERT INTO PAYMENT (payment_id, trip_id, amount, platform_fee, driver_earnings, method, status, paid_at) VALUES (694, 840, 25.35, 5.07, 20.28, 'card', 'completed', '2026-04-25 19:40:02');

INSERT INTO TRIP (trip_id, rider_id, driver_id, vehicle_id, origin_lat, origin_lng, origin_address, dest_lat, dest_lng, dest_address, status, distance_km, duration_minutes, price_estimated, price_final, requested_at, accepted_at, started_at, finished_at) VALUES (841, 4, 31, 31, 40.49296496, -3.74555449, 'Avenida de Jose Carlos Alcalá 1 Apt. 81 , Madrid', 40.4491864, -3.66265751, 'Camino de Yago Porcel 71 Piso 9 , Madrid', 'completed', 10.41, 22, 17.62, 17.06, '2026-04-25 18:52:42', '2026-04-25 18:56:29', '2026-04-25 19:03:24', '2026-04-25 19:25:24');
INSERT INTO OFFER (offer_id, trip_id, driver_id, status, sent_at, responded_at) VALUES (2511, 841, 31, 'accepted', '2026-04-25 18:52:46', '2026-04-25 18:56:29');
INSERT INTO PAYMENT (payment_id, trip_id, amount, platform_fee, driver_earnings, method, status, paid_at) VALUES (695, 841, 17.06, 3.41, 13.65, 'wallet', 'pending', NULL);
INSERT INTO TRIP (trip_id, rider_id, driver_id, vehicle_id, origin_lat, origin_lng, origin_address, dest_lat, dest_lng, dest_address, status, distance_km, duration_minutes, price_estimated, price_final, requested_at, accepted_at, started_at, finished_at) VALUES (842, 64, 32, 32, 40.39744149, -3.66579753, 'Rambla de Cornelio Oliveras 908 Apt. 94 , Madrid', 40.44727143, -3.61899485, 'Avenida de Raimundo Alberdi 36 Puerta 4 , Madrid', 'completed', 7.59, 13, 13.38, 13.91, '2026-04-25 18:52:03', '2026-04-25 18:54:23', '2026-04-25 18:57:07', '2026-04-25 19:10:07');
INSERT INTO OFFER (offer_id, trip_id, driver_id, status, sent_at, responded_at) VALUES (2512, 842, 32, 'accepted', '2026-04-25 18:52:07', '2026-04-25 18:54:23');
INSERT INTO OFFER (offer_id, trip_id, driver_id, status, sent_at, responded_at) VALUES (2513, 842, 14, 'rejected', '2026-04-25 18:52:06', '2026-04-25 18:52:14');
INSERT INTO OFFER (offer_id, trip_id, driver_id, status, sent_at, responded_at) VALUES (2514, 842, 2, 'expired', '2026-04-25 18:52:08', NULL);
INSERT INTO OFFER (offer_id, trip_id, driver_id, status, sent_at, responded_at) VALUES (2515, 842, 22, 'rejected', '2026-04-25 18:52:04', '2026-04-25 18:53:03');
INSERT INTO PAYMENT (payment_id, trip_id, amount, platform_fee, driver_earnings, method, status, paid_at) VALUES (696, 842, 13.91, 2.78, 11.13, 'cash', 'completed', '2026-04-25 19:13:07');
INSERT INTO TRIP (trip_id, rider_id, driver_id, vehicle_id, origin_lat, origin_lng, origin_address, dest_lat, dest_lng, dest_address, status, distance_km, duration_minutes, price_estimated, price_final, requested_at, accepted_at, started_at, finished_at) VALUES (843, 35, 5, 5, 40.42001885, -3.64887153, 'C. de Fidel Correa 20, Madrid', 40.43933077, -3.73942263, 'C. de Ovidio Morillo 53, Madrid', 'completed', 10.28, 24, 17.42, 18.8, '2026-04-25 18:51:43', '2026-04-25 18:55:45', '2026-04-25 18:57:52', '2026-04-25 19:21:52');
INSERT INTO OFFER (offer_id, trip_id, driver_id, status, sent_at, responded_at) VALUES (2516, 843, 17, 'rejected', '2026-04-25 18:51:45', '2026-04-25 18:52:13');
INSERT INTO OFFER (offer_id, trip_id, driver_id, status, sent_at, responded_at) VALUES (2517, 843, 5, 'accepted', '2026-04-25 18:51:44', '2026-04-25 18:55:45');
INSERT INTO PAYMENT (payment_id, trip_id, amount, platform_fee, driver_earnings, method, status, paid_at) VALUES (697, 843, 18.8, 3.76, 15.04, 'wallet', 'pending', NULL);
INSERT INTO TRIP (trip_id, rider_id, driver_id, vehicle_id, origin_lat, origin_lng, origin_address, dest_lat, dest_lng, dest_address, status, distance_km, duration_minutes, price_estimated, price_final, requested_at, accepted_at, started_at, finished_at) VALUES (844, 99, 42, 42, 40.481974, -3.66902098, 'Urbanización de Elisabet Hurtado 725, Madrid', 40.37081454, -3.60742419, 'C. Cristian Priego 96 Piso 2 , Madrid', 'completed', 14.11, 29, 23.16, 23.4, '2026-04-25 18:50:15', '2026-04-25 18:52:03', '2026-04-25 18:57:50', '2026-04-25 19:26:50');
INSERT INTO OFFER (offer_id, trip_id, driver_id, status, sent_at, responded_at) VALUES (2518, 844, 42, 'accepted', '2026-04-25 18:50:19', '2026-04-25 18:52:03');
INSERT INTO PAYMENT (payment_id, trip_id, amount, platform_fee, driver_earnings, method, status, paid_at) VALUES (698, 844, 23.4, 4.68, 18.72, 'cash', 'completed', '2026-04-25 19:30:50');
INSERT INTO TRIP (trip_id, rider_id, driver_id, vehicle_id, origin_lat, origin_lng, origin_address, dest_lat, dest_lng, dest_address, status, distance_km, duration_minutes, price_estimated, price_final, requested_at, accepted_at, started_at, finished_at) VALUES (845, 95, 32, 32, 40.35274009, -3.65634481, 'Urbanización Chus Álvarez 10, Madrid', 40.44532813, -3.73385026, 'Paseo Catalina Benavent 33 Piso 8 , Madrid', 'completed', 13.4, 31, 22.1, 21.81, '2026-04-25 18:50:19', '2026-04-25 18:53:22', '2026-04-25 19:03:01', '2026-04-25 19:34:01');
INSERT INTO OFFER (offer_id, trip_id, driver_id, status, sent_at, responded_at) VALUES (2519, 845, 32, 'accepted', '2026-04-25 18:50:21', '2026-04-25 18:53:22');
INSERT INTO OFFER (offer_id, trip_id, driver_id, status, sent_at, responded_at) VALUES (2520, 845, 26, 'expired', '2026-04-25 18:50:23', NULL);
INSERT INTO OFFER (offer_id, trip_id, driver_id, status, sent_at, responded_at) VALUES (2521, 845, 34, 'rejected', '2026-04-25 18:50:21', '2026-04-25 18:51:15');
INSERT INTO OFFER (offer_id, trip_id, driver_id, status, sent_at, responded_at) VALUES (2522, 845, 43, 'rejected', '2026-04-25 18:50:24', '2026-04-25 18:50:33');
INSERT INTO PAYMENT (payment_id, trip_id, amount, platform_fee, driver_earnings, method, status, paid_at) VALUES (699, 845, 21.81, 4.36, 17.45, 'cash', 'pending', NULL);
INSERT INTO TRIP (trip_id, rider_id, driver_id, vehicle_id, origin_lat, origin_lng, origin_address, dest_lat, dest_lng, dest_address, status, distance_km, duration_minutes, price_estimated, price_final, requested_at, accepted_at, started_at, finished_at) VALUES (846, 52, 34, 34, 40.37773991, -3.63542612, 'Pasadizo de Teobaldo Gimeno 53 Puerta 8 , Madrid', 40.43418114, -3.6725509, 'C. de Valentín Goñi 67 Puerta 6 , Madrid', 'cancelled', 7.5, NULL, 13.25, NULL, '2026-04-25 18:50:41', '2026-04-25 18:53:58', NULL, NULL);
INSERT INTO OFFER (offer_id, trip_id, driver_id, status, sent_at, responded_at) VALUES (2523, 846, 34, 'accepted', '2026-04-25 18:50:42', '2026-04-25 18:53:58');
INSERT INTO OFFER (offer_id, trip_id, driver_id, status, sent_at, responded_at) VALUES (2524, 846, 37, 'rejected', '2026-04-25 18:50:46', '2026-04-25 18:50:58');
INSERT INTO OFFER (offer_id, trip_id, driver_id, status, sent_at, responded_at) VALUES (2525, 846, 33, 'rejected', '2026-04-25 18:50:46', '2026-04-25 18:51:30');
INSERT INTO OFFER (offer_id, trip_id, driver_id, status, sent_at, responded_at) VALUES (2526, 846, 1, 'expired', '2026-04-25 18:50:44', NULL);
INSERT INTO TRIP (trip_id, rider_id, driver_id, vehicle_id, origin_lat, origin_lng, origin_address, dest_lat, dest_lng, dest_address, status, distance_km, duration_minutes, price_estimated, price_final, requested_at, accepted_at, started_at, finished_at) VALUES (847, 60, 22, 22, 40.49818417, -3.68531252, 'Paseo de Pía Esteve 94, Madrid', 40.44107669, -3.60690808, 'Via Rosendo Tello 76, Madrid', 'completed', 10.77, 20, 18.16, 18.65, '2026-04-25 18:51:50', '2026-04-25 18:54:21', '2026-04-25 18:59:42', '2026-04-25 19:19:42');
INSERT INTO OFFER (offer_id, trip_id, driver_id, status, sent_at, responded_at) VALUES (2527, 847, 22, 'accepted', '2026-04-25 18:51:52', '2026-04-25 18:54:21');
INSERT INTO PAYMENT (payment_id, trip_id, amount, platform_fee, driver_earnings, method, status, paid_at) VALUES (700, 847, 18.65, 3.73, 14.92, 'cash', 'pending', NULL);
INSERT INTO TRIP (trip_id, rider_id, driver_id, vehicle_id, origin_lat, origin_lng, origin_address, dest_lat, dest_lng, dest_address, status, distance_km, duration_minutes, price_estimated, price_final, requested_at, accepted_at, started_at, finished_at) VALUES (848, 7, 4, 4, 40.41032278, -3.72409751, 'Paseo de Rodolfo Torrents 67 Piso 6 , Madrid', 40.3607227, -3.68532617, 'Pasaje de Anita Salmerón 66, Madrid', 'completed', 6.99, 12, 12.48, 12.34, '2026-04-25 18:52:40', '2026-04-25 18:56:07', '2026-04-25 19:01:47', '2026-04-25 19:13:47');
INSERT INTO OFFER (offer_id, trip_id, driver_id, status, sent_at, responded_at) VALUES (2528, 848, 4, 'accepted', '2026-04-25 18:52:41', '2026-04-25 18:56:07');
INSERT INTO OFFER (offer_id, trip_id, driver_id, status, sent_at, responded_at) VALUES (2529, 848, 20, 'expired', '2026-04-25 18:52:43', NULL);
INSERT INTO OFFER (offer_id, trip_id, driver_id, status, sent_at, responded_at) VALUES (2530, 848, 28, 'expired', '2026-04-25 18:52:41', NULL);
INSERT INTO OFFER (offer_id, trip_id, driver_id, status, sent_at, responded_at) VALUES (2531, 848, 24, 'rejected', '2026-04-25 18:52:42', '2026-04-25 18:53:27');
INSERT INTO PAYMENT (payment_id, trip_id, amount, platform_fee, driver_earnings, method, status, paid_at) VALUES (701, 848, 12.34, 2.47, 9.87, 'card', 'pending', NULL);
INSERT INTO TRIP (trip_id, rider_id, driver_id, vehicle_id, origin_lat, origin_lng, origin_address, dest_lat, dest_lng, dest_address, status, distance_km, duration_minutes, price_estimated, price_final, requested_at, accepted_at, started_at, finished_at) VALUES (849, 63, 19, 19, 40.40036068, -3.71215364, 'Pasadizo Aurelio Ferrándiz 94 Apt. 02 , Madrid', 40.3936553, -3.62359728, 'Ronda de Benito Pablo 16 Puerta 7 , Madrid', 'completed', 9.86, 19, 16.79, 17.86, '2026-04-25 18:50:34', '2026-04-25 18:52:45', '2026-04-25 19:00:12', '2026-04-25 19:19:12');
INSERT INTO OFFER (offer_id, trip_id, driver_id, status, sent_at, responded_at) VALUES (2532, 849, 19, 'accepted', '2026-04-25 18:50:35', '2026-04-25 18:52:45');
INSERT INTO OFFER (offer_id, trip_id, driver_id, status, sent_at, responded_at) VALUES (2533, 849, 25, 'expired', '2026-04-25 18:50:37', NULL);
INSERT INTO PAYMENT (payment_id, trip_id, amount, platform_fee, driver_earnings, method, status, paid_at) VALUES (702, 849, 17.86, 3.57, 14.29, 'wallet', 'completed', '2026-04-25 19:24:12');
INSERT INTO TRIP (trip_id, rider_id, driver_id, vehicle_id, origin_lat, origin_lng, origin_address, dest_lat, dest_lng, dest_address, status, distance_km, duration_minutes, price_estimated, price_final, requested_at, accepted_at, started_at, finished_at) VALUES (850, 79, 22, 22, 40.36547265, -3.72570965, 'Paseo Lorena Girona 58 Apt. 56 , Madrid', 40.46480895, -3.73407218, 'Urbanización Olivia Luna 76 Puerta 3 , Madrid', 'completed', 11.07, 20, 18.61, 16.89, '2026-04-25 18:51:18', '2026-04-25 18:55:08', '2026-04-25 18:59:29', '2026-04-25 19:19:29');
INSERT INTO OFFER (offer_id, trip_id, driver_id, status, sent_at, responded_at) VALUES (2534, 850, 22, 'accepted', '2026-04-25 18:51:21', '2026-04-25 18:55:08');
INSERT INTO OFFER (offer_id, trip_id, driver_id, status, sent_at, responded_at) VALUES (2535, 850, 16, 'expired', '2026-04-25 18:51:20', NULL);
INSERT INTO PAYMENT (payment_id, trip_id, amount, platform_fee, driver_earnings, method, status, paid_at) VALUES (703, 850, 16.89, 3.38, 13.51, 'card', 'completed', '2026-04-25 19:22:29');

INSERT INTO TRIP (trip_id, rider_id, driver_id, vehicle_id, origin_lat, origin_lng, origin_address, dest_lat, dest_lng, dest_address, status, distance_km, duration_minutes, price_estimated, price_final, requested_at, accepted_at, started_at, finished_at) VALUES (851, 99, NULL, NULL, 40.45571814, -3.71546864, 'Cañada Almudena Gargallo 979 Puerta 4 , Madrid', 40.42256686, -3.7482148, 'Pasadizo Pío Espejo 95, Madrid', 'cancelled', 5.17, NULL, 9.75, NULL, '2026-04-25 18:52:08', NULL, NULL, NULL);
INSERT INTO OFFER (offer_id, trip_id, driver_id, status, sent_at, responded_at) VALUES (2536, 851, 17, 'rejected', '2026-04-25 18:52:10', '2026-04-25 18:52:47');
INSERT INTO OFFER (offer_id, trip_id, driver_id, status, sent_at, responded_at) VALUES (2537, 851, 5, 'rejected', '2026-04-25 18:52:11', '2026-04-25 18:53:04');
INSERT INTO OFFER (offer_id, trip_id, driver_id, status, sent_at, responded_at) VALUES (2538, 851, 16, 'rejected', '2026-04-25 18:52:10', '2026-04-25 18:52:46');
INSERT INTO OFFER (offer_id, trip_id, driver_id, status, sent_at, responded_at) VALUES (2539, 851, 30, 'rejected', '2026-04-25 18:52:13', '2026-04-25 18:52:27');
INSERT INTO OFFER (offer_id, trip_id, driver_id, status, sent_at, responded_at) VALUES (2540, 851, 43, 'rejected', '2026-04-25 18:52:12', '2026-04-25 18:52:42');
INSERT INTO TRIP (trip_id, rider_id, driver_id, vehicle_id, origin_lat, origin_lng, origin_address, dest_lat, dest_lng, dest_address, status, distance_km, duration_minutes, price_estimated, price_final, requested_at, accepted_at, started_at, finished_at) VALUES (852, 85, 13, 13, 40.43344159, -3.69146888, 'Pasadizo de Carlos Milla 32 Piso 1 , Madrid', 40.36752745, -3.73155326, 'Camino Alfonso Palacio 1, Madrid', 'completed', 8.56, 15, 14.84, 15.87, '2026-04-25 18:50:33', '2026-04-25 18:54:02', '2026-04-25 19:00:29', '2026-04-25 19:15:29');
INSERT INTO OFFER (offer_id, trip_id, driver_id, status, sent_at, responded_at) VALUES (2541, 852, 13, 'accepted', '2026-04-25 18:50:36', '2026-04-25 18:54:02');
INSERT INTO OFFER (offer_id, trip_id, driver_id, status, sent_at, responded_at) VALUES (2542, 852, 37, 'rejected', '2026-04-25 18:50:35', '2026-04-25 18:50:59');
INSERT INTO OFFER (offer_id, trip_id, driver_id, status, sent_at, responded_at) VALUES (2543, 852, 21, 'rejected', '2026-04-25 18:50:35', '2026-04-25 18:51:20');
INSERT INTO PAYMENT (payment_id, trip_id, amount, platform_fee, driver_earnings, method, status, paid_at) VALUES (704, 852, 15.87, 3.17, 12.7, 'card', 'pending', NULL);
INSERT INTO TRIP (trip_id, rider_id, driver_id, vehicle_id, origin_lat, origin_lng, origin_address, dest_lat, dest_lng, dest_address, status, distance_km, duration_minutes, price_estimated, price_final, requested_at, accepted_at, started_at, finished_at) VALUES (853, 44, 25, 25, 40.37705084, -3.62387156, 'Vial Ramiro Linares 88, Madrid', 40.35111755, -3.71770936, 'Glorieta de Rebeca Alcaraz 79 Piso 5 , Madrid', 'completed', 10.81, 23, 18.21, 19.23, '2026-04-25 18:51:43', '2026-04-25 18:55:16', '2026-04-25 19:01:15', '2026-04-25 19:24:15');
INSERT INTO OFFER (offer_id, trip_id, driver_id, status, sent_at, responded_at) VALUES (2544, 853, 25, 'accepted', '2026-04-25 18:51:47', '2026-04-25 18:55:16');
INSERT INTO PAYMENT (payment_id, trip_id, amount, platform_fee, driver_earnings, method, status, paid_at) VALUES (705, 853, 19.23, 3.85, 15.38, 'card', 'completed', '2026-04-25 19:24:15');
INSERT INTO TRIP (trip_id, rider_id, driver_id, vehicle_id, origin_lat, origin_lng, origin_address, dest_lat, dest_lng, dest_address, status, distance_km, duration_minutes, price_estimated, price_final, requested_at, accepted_at, started_at, finished_at) VALUES (854, 47, 7, 7, 40.41490833, -3.61296151, 'Glorieta de Aurora Prada 9 Puerta 2 , Madrid', 40.41200124, -3.60632469, 'Ronda Armando Peñas 350, Madrid', 'completed', 0.8, 3, 3.2, 3.21, '2026-04-25 18:51:54', '2026-04-25 18:54:46', '2026-04-25 18:57:21', '2026-04-25 19:00:21');
INSERT INTO OFFER (offer_id, trip_id, driver_id, status, sent_at, responded_at) VALUES (2545, 854, 36, 'rejected', '2026-04-25 18:51:58', '2026-04-25 18:52:31');
INSERT INTO OFFER (offer_id, trip_id, driver_id, status, sent_at, responded_at) VALUES (2546, 854, 13, 'expired', '2026-04-25 18:51:56', NULL);
INSERT INTO OFFER (offer_id, trip_id, driver_id, status, sent_at, responded_at) VALUES (2547, 854, 7, 'accepted', '2026-04-25 18:51:58', '2026-04-25 18:54:46');
INSERT INTO OFFER (offer_id, trip_id, driver_id, status, sent_at, responded_at) VALUES (2548, 854, 38, 'expired', '2026-04-25 18:51:56', NULL);
INSERT INTO PAYMENT (payment_id, trip_id, amount, platform_fee, driver_earnings, method, status, paid_at) VALUES (706, 854, 3.21, 0.64, 2.57, 'cash', 'pending', NULL);
INSERT INTO TRIP (trip_id, rider_id, driver_id, vehicle_id, origin_lat, origin_lng, origin_address, dest_lat, dest_lng, dest_address, status, distance_km, duration_minutes, price_estimated, price_final, requested_at, accepted_at, started_at, finished_at) VALUES (855, 93, 18, 18, 40.41903088, -3.73183498, 'Via de Mercedes Calvo 46, Madrid', 40.45998406, -3.62016603, 'Plaza de Amor Cruz 5 Puerta 1 , Madrid', 'completed', 13.2, 27, 21.8, 23.72, '2026-04-25 18:52:47', '2026-04-25 18:54:21', '2026-04-25 18:56:42', '2026-04-25 19:23:42');
INSERT INTO OFFER (offer_id, trip_id, driver_id, status, sent_at, responded_at) VALUES (2549, 855, 18, 'accepted', '2026-04-25 18:52:51', '2026-04-25 18:54:21');
INSERT INTO OFFER (offer_id, trip_id, driver_id, status, sent_at, responded_at) VALUES (2550, 855, 39, 'expired', '2026-04-25 18:52:50', NULL);
INSERT INTO OFFER (offer_id, trip_id, driver_id, status, sent_at, responded_at) VALUES (2551, 855, 26, 'rejected', '2026-04-25 18:52:49', '2026-04-25 18:53:25');
INSERT INTO OFFER (offer_id, trip_id, driver_id, status, sent_at, responded_at) VALUES (2552, 855, 2, 'expired', '2026-04-25 18:52:48', NULL);
INSERT INTO PAYMENT (payment_id, trip_id, amount, platform_fee, driver_earnings, method, status, paid_at) VALUES (707, 855, 23.72, 4.74, 18.98, 'wallet', 'completed', '2026-04-25 19:23:42');
INSERT INTO TRIP (trip_id, rider_id, driver_id, vehicle_id, origin_lat, origin_lng, origin_address, dest_lat, dest_lng, dest_address, status, distance_km, duration_minutes, price_estimated, price_final, requested_at, accepted_at, started_at, finished_at) VALUES (856, 55, 11, 11, 40.47407728, -3.61977462, 'Plaza de Petrona Agustí 97, Madrid', 40.38731326, -3.71356676, 'Ronda Heraclio López 38, Madrid', 'completed', 14.18, 28, 23.27, 25.44, '2026-04-25 18:50:53', '2026-04-25 18:54:00', '2026-04-25 19:01:57', '2026-04-25 19:29:57');
INSERT INTO OFFER (offer_id, trip_id, driver_id, status, sent_at, responded_at) VALUES (2553, 856, 11, 'accepted', '2026-04-25 18:50:56', '2026-04-25 18:54:00');
INSERT INTO OFFER (offer_id, trip_id, driver_id, status, sent_at, responded_at) VALUES (2554, 856, 29, 'rejected', '2026-04-25 18:50:55', '2026-04-25 18:51:05');
INSERT INTO PAYMENT (payment_id, trip_id, amount, platform_fee, driver_earnings, method, status, paid_at) VALUES (708, 856, 25.44, 5.09, 20.35, 'card', 'completed', '2026-04-25 19:32:57');
INSERT INTO TRIP (trip_id, rider_id, driver_id, vehicle_id, origin_lat, origin_lng, origin_address, dest_lat, dest_lng, dest_address, status, distance_km, duration_minutes, price_estimated, price_final, requested_at, accepted_at, started_at, finished_at) VALUES (857, 39, 7, 7, 40.38458379, -3.67918277, 'Cañada de Elodia Jove 257, Madrid', 40.38328463, -3.66989147, 'Cuesta de Tristán Rozas 55 Apt. 41 , Madrid', 'completed', 1.04, 1, 3.56, 3.8, '2026-04-25 18:52:33', '2026-04-25 18:54:53', '2026-04-25 18:59:37', '2026-04-25 19:00:37');
INSERT INTO OFFER (offer_id, trip_id, driver_id, status, sent_at, responded_at) VALUES (2555, 857, 7, 'accepted', '2026-04-25 18:52:37', '2026-04-25 18:54:53');
INSERT INTO OFFER (offer_id, trip_id, driver_id, status, sent_at, responded_at) VALUES (2556, 857, 25, 'rejected', '2026-04-25 18:52:37', '2026-04-25 18:52:46');
INSERT INTO OFFER (offer_id, trip_id, driver_id, status, sent_at, responded_at) VALUES (2557, 857, 35, 'rejected', '2026-04-25 18:52:36', '2026-04-25 18:52:48');
INSERT INTO OFFER (offer_id, trip_id, driver_id, status, sent_at, responded_at) VALUES (2558, 857, 5, 'rejected', '2026-04-25 18:52:34', '2026-04-25 18:52:48');
INSERT INTO PAYMENT (payment_id, trip_id, amount, platform_fee, driver_earnings, method, status, paid_at) VALUES (709, 857, 3.8, 0.76, 3.04, 'card', 'completed', '2026-04-25 19:03:37');
INSERT INTO TRIP (trip_id, rider_id, driver_id, vehicle_id, origin_lat, origin_lng, origin_address, dest_lat, dest_lng, dest_address, status, distance_km, duration_minutes, price_estimated, price_final, requested_at, accepted_at, started_at, finished_at) VALUES (858, 70, 7, 7, 40.40265279, -3.69427464, 'Cuesta Edmundo Dávila 91, Madrid', 40.36502749, -3.71759865, 'Vial Camila Flores 50, Madrid', 'completed', 4.91, 14, 9.37, 9.09, '2026-04-25 18:51:35', '2026-04-25 18:54:45', '2026-04-25 18:58:44', '2026-04-25 19:12:44');
INSERT INTO OFFER (offer_id, trip_id, driver_id, status, sent_at, responded_at) VALUES (2559, 858, 7, 'accepted', '2026-04-25 18:51:40', '2026-04-25 18:54:45');
INSERT INTO OFFER (offer_id, trip_id, driver_id, status, sent_at, responded_at) VALUES (2560, 858, 46, 'rejected', '2026-04-25 18:51:40', '2026-04-25 18:52:34');
INSERT INTO OFFER (offer_id, trip_id, driver_id, status, sent_at, responded_at) VALUES (2561, 858, 50, 'expired', '2026-04-25 18:51:38', NULL);
INSERT INTO PAYMENT (payment_id, trip_id, amount, platform_fee, driver_earnings, method, status, paid_at) VALUES (710, 858, 9.09, 1.82, 7.27, 'card', 'completed', '2026-04-25 19:14:44');
INSERT INTO TRIP (trip_id, rider_id, driver_id, vehicle_id, origin_lat, origin_lng, origin_address, dest_lat, dest_lng, dest_address, status, distance_km, duration_minutes, price_estimated, price_final, requested_at, accepted_at, started_at, finished_at) VALUES (859, 31, 36, 36, 40.3580012, -3.63089769, 'Via Patricia Batlle 433 Piso 0 , Madrid', 40.41164931, -3.61615102, 'Cañada de Ainara Gimenez 7, Madrid', 'completed', 6.18, 10, 11.27, 10.55, '2026-04-25 18:52:11', '2026-04-25 18:55:08', '2026-04-25 19:00:57', '2026-04-25 19:10:57');
INSERT INTO OFFER (offer_id, trip_id, driver_id, status, sent_at, responded_at) VALUES (2562, 859, 36, 'accepted', '2026-04-25 18:52:15', '2026-04-25 18:55:08');
INSERT INTO OFFER (offer_id, trip_id, driver_id, status, sent_at, responded_at) VALUES (2563, 859, 32, 'rejected', '2026-04-25 18:52:13', '2026-04-25 18:52:46');
INSERT INTO OFFER (offer_id, trip_id, driver_id, status, sent_at, responded_at) VALUES (2564, 859, 17, 'rejected', '2026-04-25 18:52:13', '2026-04-25 18:53:11');
INSERT INTO PAYMENT (payment_id, trip_id, amount, platform_fee, driver_earnings, method, status, paid_at) VALUES (711, 859, 10.55, 2.11, 8.44, 'card', 'pending', NULL);
INSERT INTO TRIP (trip_id, rider_id, driver_id, vehicle_id, origin_lat, origin_lng, origin_address, dest_lat, dest_lng, dest_address, status, distance_km, duration_minutes, price_estimated, price_final, requested_at, accepted_at, started_at, finished_at) VALUES (860, 42, 32, 32, 40.37314263, -3.6920715, 'Avenida Alejo Flores 52, Madrid', 40.41478569, -3.65813154, 'Cuesta Patricia Lorenzo 78, Madrid', 'completed', 5.96, 16, 10.94, 10.34, '2026-04-25 18:52:54', '2026-04-25 18:57:25', '2026-04-25 19:03:16', '2026-04-25 19:19:16');
INSERT INTO OFFER (offer_id, trip_id, driver_id, status, sent_at, responded_at) VALUES (2565, 860, 32, 'accepted', '2026-04-25 18:52:57', '2026-04-25 18:57:25');
INSERT INTO OFFER (offer_id, trip_id, driver_id, status, sent_at, responded_at) VALUES (2566, 860, 7, 'expired', '2026-04-25 18:52:57', NULL);
INSERT INTO OFFER (offer_id, trip_id, driver_id, status, sent_at, responded_at) VALUES (2567, 860, 11, 'rejected', '2026-04-25 18:52:59', '2026-04-25 18:53:25');
INSERT INTO OFFER (offer_id, trip_id, driver_id, status, sent_at, responded_at) VALUES (2568, 860, 43, 'rejected', '2026-04-25 18:52:58', '2026-04-25 18:53:07');
INSERT INTO OFFER (offer_id, trip_id, driver_id, status, sent_at, responded_at) VALUES (2569, 860, 48, 'expired', '2026-04-25 18:52:59', NULL);
INSERT INTO PAYMENT (payment_id, trip_id, amount, platform_fee, driver_earnings, method, status, paid_at) VALUES (712, 860, 10.34, 2.07, 8.27, 'card', 'pending', NULL);

INSERT INTO TRIP (trip_id, rider_id, driver_id, vehicle_id, origin_lat, origin_lng, origin_address, dest_lat, dest_lng, dest_address, status, distance_km, duration_minutes, price_estimated, price_final, requested_at, accepted_at, started_at, finished_at) VALUES (861, 8, 23, 23, 40.36295819, -3.72649981, 'Plaza Socorro Cerdán 82 Piso 4 , Madrid', 40.35645956, -3.67442765, 'Avenida de Edgardo Machado 68 Apt. 20 , Madrid', 'completed', 5.82, 11, 10.73, 11.01, '2026-04-25 18:52:52', '2026-04-25 18:54:08', '2026-04-25 19:03:38', '2026-04-25 19:14:38');
INSERT INTO OFFER (offer_id, trip_id, driver_id, status, sent_at, responded_at) VALUES (2570, 861, 23, 'accepted', '2026-04-25 18:52:55', '2026-04-25 18:54:08');
INSERT INTO PAYMENT (payment_id, trip_id, amount, platform_fee, driver_earnings, method, status, paid_at) VALUES (713, 861, 11.01, 2.2, 8.81, 'wallet', 'pending', NULL);
INSERT INTO TRIP (trip_id, rider_id, driver_id, vehicle_id, origin_lat, origin_lng, origin_address, dest_lat, dest_lng, dest_address, status, distance_km, duration_minutes, price_estimated, price_final, requested_at, accepted_at, started_at, finished_at) VALUES (862, 46, 43, 43, 40.36536833, -3.63026275, 'Urbanización René Calzada 87, Madrid', 40.40695143, -3.74642249, 'Glorieta Sarita Múgica 4 Piso 5 , Madrid', 'completed', 13.7, 29, 22.55, 22.55, '2026-04-25 18:50:28', '2026-04-25 18:54:48', '2026-04-25 18:57:15', '2026-04-25 19:26:15');
INSERT INTO OFFER (offer_id, trip_id, driver_id, status, sent_at, responded_at) VALUES (2571, 862, 43, 'accepted', '2026-04-25 18:50:30', '2026-04-25 18:54:48');
INSERT INTO OFFER (offer_id, trip_id, driver_id, status, sent_at, responded_at) VALUES (2572, 862, 16, 'expired', '2026-04-25 18:50:33', NULL);
INSERT INTO OFFER (offer_id, trip_id, driver_id, status, sent_at, responded_at) VALUES (2573, 862, 37, 'rejected', '2026-04-25 18:50:30', '2026-04-25 18:51:04');
INSERT INTO PAYMENT (payment_id, trip_id, amount, platform_fee, driver_earnings, method, status, paid_at) VALUES (714, 862, 22.55, 4.51, 18.04, 'card', 'completed', '2026-04-25 19:29:15');
INSERT INTO TRIP (trip_id, rider_id, driver_id, vehicle_id, origin_lat, origin_lng, origin_address, dest_lat, dest_lng, dest_address, status, distance_km, duration_minutes, price_estimated, price_final, requested_at, accepted_at, started_at, finished_at) VALUES (863, 11, 25, 25, 40.4097051, -3.66715503, 'Camino de Leandro Sierra 91 Apt. 10 , Madrid', 40.36707704, -3.6996579, 'Rambla María Ángeles Feijoo 39, Madrid', 'completed', 5.95, 13, 10.93, 10.81, '2026-04-25 18:50:48', '2026-04-25 18:55:12', '2026-04-25 19:02:15', '2026-04-25 19:15:15');
INSERT INTO OFFER (offer_id, trip_id, driver_id, status, sent_at, responded_at) VALUES (2574, 863, 25, 'accepted', '2026-04-25 18:50:50', '2026-04-25 18:55:12');
INSERT INTO OFFER (offer_id, trip_id, driver_id, status, sent_at, responded_at) VALUES (2575, 863, 5, 'expired', '2026-04-25 18:50:53', NULL);
INSERT INTO OFFER (offer_id, trip_id, driver_id, status, sent_at, responded_at) VALUES (2576, 863, 43, 'rejected', '2026-04-25 18:50:49', '2026-04-25 18:51:37');
INSERT INTO PAYMENT (payment_id, trip_id, amount, platform_fee, driver_earnings, method, status, paid_at) VALUES (715, 863, 10.81, 2.16, 8.65, 'card', 'pending', NULL);
INSERT INTO TRIP (trip_id, rider_id, driver_id, vehicle_id, origin_lat, origin_lng, origin_address, dest_lat, dest_lng, dest_address, status, distance_km, duration_minutes, price_estimated, price_final, requested_at, accepted_at, started_at, finished_at) VALUES (864, 69, 15, 15, 40.49280628, -3.70811538, 'Pasadizo Toribio Botella 22, Madrid', 40.41927928, -3.63296278, 'Urbanización Itziar Zabala 79 Puerta 3 , Madrid', 'completed', 11.67, 26, 19.5, 17.76, '2026-04-25 18:51:33', '2026-04-25 18:52:58', '2026-04-25 19:02:50', '2026-04-25 19:28:50');
INSERT INTO OFFER (offer_id, trip_id, driver_id, status, sent_at, responded_at) VALUES (2577, 864, 15, 'accepted', '2026-04-25 18:51:35', '2026-04-25 18:52:58');
INSERT INTO OFFER (offer_id, trip_id, driver_id, status, sent_at, responded_at) VALUES (2578, 864, 43, 'rejected', '2026-04-25 18:51:36', '2026-04-25 18:52:12');
INSERT INTO OFFER (offer_id, trip_id, driver_id, status, sent_at, responded_at) VALUES (2579, 864, 33, 'expired', '2026-04-25 18:51:38', NULL);
INSERT INTO PAYMENT (payment_id, trip_id, amount, platform_fee, driver_earnings, method, status, paid_at) VALUES (716, 864, 17.76, 3.55, 14.21, 'card', 'pending', NULL);
INSERT INTO TRIP (trip_id, rider_id, driver_id, vehicle_id, origin_lat, origin_lng, origin_address, dest_lat, dest_lng, dest_address, status, distance_km, duration_minutes, price_estimated, price_final, requested_at, accepted_at, started_at, finished_at) VALUES (865, 67, 15, 15, 40.35697497, -3.71358321, 'Cuesta Amarilis Alfonso 113, Madrid', 40.49991057, -3.63649405, 'Urbanización de Maximiliano Gelabert 172, Madrid', 'completed', 18.03, 35, 29.05, 29.78, '2026-04-25 18:51:24', '2026-04-25 18:54:31', '2026-04-25 19:01:15', '2026-04-25 19:36:15');
INSERT INTO OFFER (offer_id, trip_id, driver_id, status, sent_at, responded_at) VALUES (2580, 865, 15, 'accepted', '2026-04-25 18:51:29', '2026-04-25 18:54:31');
INSERT INTO PAYMENT (payment_id, trip_id, amount, platform_fee, driver_earnings, method, status, paid_at) VALUES (717, 865, 29.78, 5.96, 23.82, 'wallet', 'pending', NULL);
INSERT INTO TRIP (trip_id, rider_id, driver_id, vehicle_id, origin_lat, origin_lng, origin_address, dest_lat, dest_lng, dest_address, status, distance_km, duration_minutes, price_estimated, price_final, requested_at, accepted_at, started_at, finished_at) VALUES (866, 18, 40, 40, 40.40457023, -3.67740586, 'Alameda de Olivia Capdevila 27 Apt. 20 , Madrid', 40.41189683, -3.62879016, 'Rambla Remedios Santamaria 33 Apt. 20 , Madrid', 'completed', 5.46, 12, 10.19, 10.17, '2026-04-25 18:52:31', '2026-04-25 18:55:15', '2026-04-25 19:05:08', '2026-04-25 19:17:08');
INSERT INTO OFFER (offer_id, trip_id, driver_id, status, sent_at, responded_at) VALUES (2581, 866, 40, 'accepted', '2026-04-25 18:52:36', '2026-04-25 18:55:15');
INSERT INTO PAYMENT (payment_id, trip_id, amount, platform_fee, driver_earnings, method, status, paid_at) VALUES (718, 866, 10.17, 2.03, 8.14, 'cash', 'completed', '2026-04-25 19:17:08');
INSERT INTO TRIP (trip_id, rider_id, driver_id, vehicle_id, origin_lat, origin_lng, origin_address, dest_lat, dest_lng, dest_address, status, distance_km, duration_minutes, price_estimated, price_final, requested_at, accepted_at, started_at, finished_at) VALUES (867, 66, 49, 49, 40.38051597, -3.71150716, 'Calle Celestina Arenas 8, Madrid', 40.40198407, -3.65196566, 'Paseo Federico Cano 14 Piso 6 , Madrid', 'completed', 7.03, 16, 12.54, 12.8, '2026-04-25 18:51:22', '2026-04-25 18:54:50', '2026-04-25 19:01:38', '2026-04-25 19:17:38');
INSERT INTO OFFER (offer_id, trip_id, driver_id, status, sent_at, responded_at) VALUES (2582, 867, 49, 'accepted', '2026-04-25 18:51:27', '2026-04-25 18:54:50');
INSERT INTO OFFER (offer_id, trip_id, driver_id, status, sent_at, responded_at) VALUES (2583, 867, 25, 'rejected', '2026-04-25 18:51:26', '2026-04-25 18:51:40');
INSERT INTO PAYMENT (payment_id, trip_id, amount, platform_fee, driver_earnings, method, status, paid_at) VALUES (719, 867, 12.8, 2.56, 10.24, 'cash', 'completed', '2026-04-25 19:22:38');
INSERT INTO TRIP (trip_id, rider_id, driver_id, vehicle_id, origin_lat, origin_lng, origin_address, dest_lat, dest_lng, dest_address, status, distance_km, duration_minutes, price_estimated, price_final, requested_at, accepted_at, started_at, finished_at) VALUES (868, 61, 4, 4, 40.36142374, -3.61581261, 'Glorieta Jovita Herrera 21 Puerta 8 , Madrid', 40.42285569, -3.61069992, 'C. de Celia Villaverde 648, Madrid', 'completed', 6.84, 14, 12.26, 11.24, '2026-04-25 18:50:36', '2026-04-25 18:55:24', '2026-04-25 19:04:16', '2026-04-25 19:18:16');
INSERT INTO OFFER (offer_id, trip_id, driver_id, status, sent_at, responded_at) VALUES (2584, 868, 4, 'accepted', '2026-04-25 18:50:37', '2026-04-25 18:55:24');
INSERT INTO OFFER (offer_id, trip_id, driver_id, status, sent_at, responded_at) VALUES (2585, 868, 37, 'rejected', '2026-04-25 18:50:40', '2026-04-25 18:50:59');
INSERT INTO OFFER (offer_id, trip_id, driver_id, status, sent_at, responded_at) VALUES (2586, 868, 48, 'rejected', '2026-04-25 18:50:40', '2026-04-25 18:51:11');
INSERT INTO OFFER (offer_id, trip_id, driver_id, status, sent_at, responded_at) VALUES (2587, 868, 17, 'rejected', '2026-04-25 18:50:40', '2026-04-25 18:51:07');
INSERT INTO OFFER (offer_id, trip_id, driver_id, status, sent_at, responded_at) VALUES (2588, 868, 21, 'rejected', '2026-04-25 18:50:37', '2026-04-25 18:51:36');
INSERT INTO PAYMENT (payment_id, trip_id, amount, platform_fee, driver_earnings, method, status, paid_at) VALUES (720, 868, 11.24, 2.25, 8.99, 'wallet', 'completed', '2026-04-25 19:21:16');
INSERT INTO TRIP (trip_id, rider_id, driver_id, vehicle_id, origin_lat, origin_lng, origin_address, dest_lat, dest_lng, dest_address, status, distance_km, duration_minutes, price_estimated, price_final, requested_at, accepted_at, started_at, finished_at) VALUES (869, 98, 18, 18, 40.42990618, -3.72208265, 'Pasadizo de Alicia Armas 633, Madrid', 40.36795678, -3.72415049, 'Plaza de Virgilio Vargas 53 Piso 8 , Madrid', 'completed', 6.88, 12, 12.32, 12.46, '2026-04-25 18:51:49', '2026-04-25 18:54:50', '2026-04-25 19:03:21', '2026-04-25 19:15:21');
INSERT INTO OFFER (offer_id, trip_id, driver_id, status, sent_at, responded_at) VALUES (2589, 869, 18, 'accepted', '2026-04-25 18:51:54', '2026-04-25 18:54:50');
INSERT INTO OFFER (offer_id, trip_id, driver_id, status, sent_at, responded_at) VALUES (2590, 869, 20, 'rejected', '2026-04-25 18:51:51', '2026-04-25 18:52:00');
INSERT INTO PAYMENT (payment_id, trip_id, amount, platform_fee, driver_earnings, method, status, paid_at) VALUES (721, 869, 12.46, 2.49, 9.97, 'card', 'completed', '2026-04-25 19:17:21');
INSERT INTO TRIP (trip_id, rider_id, driver_id, vehicle_id, origin_lat, origin_lng, origin_address, dest_lat, dest_lng, dest_address, status, distance_km, duration_minutes, price_estimated, price_final, requested_at, accepted_at, started_at, finished_at) VALUES (870, 2, 41, 41, 40.41110954, -3.74759832, 'Alameda Lucas Roig 8, Madrid', 40.47813706, -3.60320219, 'Rambla Mohamed Cardona 96 Piso 1 , Madrid', 'completed', 17.67, 33, 28.51, 28.14, '2026-04-25 18:51:59', '2026-04-25 18:53:57', '2026-04-25 18:57:55', '2026-04-25 19:30:55');
INSERT INTO OFFER (offer_id, trip_id, driver_id, status, sent_at, responded_at) VALUES (2591, 870, 41, 'accepted', '2026-04-25 18:52:04', '2026-04-25 18:53:57');
INSERT INTO OFFER (offer_id, trip_id, driver_id, status, sent_at, responded_at) VALUES (2592, 870, 50, 'expired', '2026-04-25 18:52:04', NULL);
INSERT INTO PAYMENT (payment_id, trip_id, amount, platform_fee, driver_earnings, method, status, paid_at) VALUES (722, 870, 28.14, 5.63, 22.51, 'wallet', 'pending', NULL);

INSERT INTO TRIP (trip_id, rider_id, driver_id, vehicle_id, origin_lat, origin_lng, origin_address, dest_lat, dest_lng, dest_address, status, distance_km, duration_minutes, price_estimated, price_final, requested_at, accepted_at, started_at, finished_at) VALUES (871, 14, 36, 36, 40.42557735, -3.72391682, 'Cañada Gil Jaén 56, Madrid', 40.49915188, -3.62599133, 'Ronda Evangelina Quintanilla 60, Madrid', 'completed', 13.6, 32, 22.4, 23.25, '2026-04-25 18:51:04', '2026-04-25 18:55:57', '2026-04-25 19:00:02', '2026-04-25 19:32:02');
INSERT INTO OFFER (offer_id, trip_id, driver_id, status, sent_at, responded_at) VALUES (2593, 871, 41, 'rejected', '2026-04-25 18:51:08', '2026-04-25 18:51:49');
INSERT INTO OFFER (offer_id, trip_id, driver_id, status, sent_at, responded_at) VALUES (2594, 871, 24, 'expired', '2026-04-25 18:51:06', NULL);
INSERT INTO OFFER (offer_id, trip_id, driver_id, status, sent_at, responded_at) VALUES (2595, 871, 36, 'accepted', '2026-04-25 18:51:06', '2026-04-25 18:55:57');
INSERT INTO PAYMENT (payment_id, trip_id, amount, platform_fee, driver_earnings, method, status, paid_at) VALUES (723, 871, 23.25, 4.65, 18.6, 'card', 'completed', '2026-04-25 19:32:02');
INSERT INTO TRIP (trip_id, rider_id, driver_id, vehicle_id, origin_lat, origin_lng, origin_address, dest_lat, dest_lng, dest_address, status, distance_km, duration_minutes, price_estimated, price_final, requested_at, accepted_at, started_at, finished_at) VALUES (872, 17, 36, 36, 40.45546757, -3.6276793, 'Vial Encarnacion Posada 408, Madrid', 40.42956207, -3.74140149, 'Rambla de Clementina Abascal 272 Piso 7 , Madrid', 'completed', 12.95, 26, 21.42, 23.36, '2026-04-25 18:53:10', '2026-04-25 18:57:25', '2026-04-25 19:03:17', '2026-04-25 19:29:17');
INSERT INTO OFFER (offer_id, trip_id, driver_id, status, sent_at, responded_at) VALUES (2596, 872, 36, 'accepted', '2026-04-25 18:53:15', '2026-04-25 18:57:25');
INSERT INTO OFFER (offer_id, trip_id, driver_id, status, sent_at, responded_at) VALUES (2597, 872, 40, 'rejected', '2026-04-25 18:53:12', '2026-04-25 18:53:53');
INSERT INTO OFFER (offer_id, trip_id, driver_id, status, sent_at, responded_at) VALUES (2598, 872, 50, 'expired', '2026-04-25 18:53:11', NULL);
INSERT INTO PAYMENT (payment_id, trip_id, amount, platform_fee, driver_earnings, method, status, paid_at) VALUES (724, 872, 23.36, 4.67, 18.69, 'card', 'completed', '2026-04-25 19:30:17');
INSERT INTO TRIP (trip_id, rider_id, driver_id, vehicle_id, origin_lat, origin_lng, origin_address, dest_lat, dest_lng, dest_address, status, distance_km, duration_minutes, price_estimated, price_final, requested_at, accepted_at, started_at, finished_at) VALUES (873, 14, 7, 7, 40.46531853, -3.61794438, 'Cañada Ximena Escudero 2 Piso 4 , Madrid', 40.41666186, -3.71870653, 'Alameda José Mari Palacio 95, Madrid', 'cancelled', 12.42, NULL, 20.63, NULL, '2026-04-25 18:52:00', '2026-04-25 18:55:25', NULL, NULL);
INSERT INTO OFFER (offer_id, trip_id, driver_id, status, sent_at, responded_at) VALUES (2599, 873, 7, 'accepted', '2026-04-25 18:52:02', '2026-04-25 18:55:25');
INSERT INTO OFFER (offer_id, trip_id, driver_id, status, sent_at, responded_at) VALUES (2600, 873, 46, 'rejected', '2026-04-25 18:52:01', '2026-04-25 18:52:41');
INSERT INTO OFFER (offer_id, trip_id, driver_id, status, sent_at, responded_at) VALUES (2601, 873, 16, 'expired', '2026-04-25 18:52:04', NULL);
INSERT INTO OFFER (offer_id, trip_id, driver_id, status, sent_at, responded_at) VALUES (2602, 873, 8, 'expired', '2026-04-25 18:52:02', NULL);
INSERT INTO OFFER (offer_id, trip_id, driver_id, status, sent_at, responded_at) VALUES (2603, 873, 23, 'rejected', '2026-04-25 18:52:03', '2026-04-25 18:52:52');
INSERT INTO TRIP (trip_id, rider_id, driver_id, vehicle_id, origin_lat, origin_lng, origin_address, dest_lat, dest_lng, dest_address, status, distance_km, duration_minutes, price_estimated, price_final, requested_at, accepted_at, started_at, finished_at) VALUES (874, 63, 16, 16, 40.44529749, -3.60800838, 'Alameda Martín Garmendia 417 Piso 0 , Madrid', 40.40246302, -3.68553884, 'Vial Modesto Sevillano 719, Madrid', 'completed', 9.83, 19, 16.75, 15.48, '2026-04-25 18:50:39', '2026-04-25 18:53:52', '2026-04-25 18:56:56', '2026-04-25 19:15:56');
INSERT INTO OFFER (offer_id, trip_id, driver_id, status, sent_at, responded_at) VALUES (2604, 874, 16, 'accepted', '2026-04-25 18:50:44', '2026-04-25 18:53:52');
INSERT INTO OFFER (offer_id, trip_id, driver_id, status, sent_at, responded_at) VALUES (2605, 874, 18, 'rejected', '2026-04-25 18:50:41', '2026-04-25 18:50:52');
INSERT INTO OFFER (offer_id, trip_id, driver_id, status, sent_at, responded_at) VALUES (2606, 874, 13, 'expired', '2026-04-25 18:50:42', NULL);
INSERT INTO OFFER (offer_id, trip_id, driver_id, status, sent_at, responded_at) VALUES (2607, 874, 40, 'rejected', '2026-04-25 18:50:44', '2026-04-25 18:51:39');
INSERT INTO OFFER (offer_id, trip_id, driver_id, status, sent_at, responded_at) VALUES (2608, 874, 39, 'rejected', '2026-04-25 18:50:42', '2026-04-25 18:51:39');
INSERT INTO PAYMENT (payment_id, trip_id, amount, platform_fee, driver_earnings, method, status, paid_at) VALUES (725, 874, 15.48, 3.1, 12.38, 'card', 'pending', NULL);
INSERT INTO TRIP (trip_id, rider_id, driver_id, vehicle_id, origin_lat, origin_lng, origin_address, dest_lat, dest_lng, dest_address, status, distance_km, duration_minutes, price_estimated, price_final, requested_at, accepted_at, started_at, finished_at) VALUES (875, 67, 41, 41, 40.40369579, -3.71722176, 'Callejón Josefina Garzón 420, Madrid', 40.40047709, -3.67919811, 'Camino Manu Campo 286, Madrid', 'completed', 4.24, 7, 8.36, 8.72, '2026-04-25 18:50:33', '2026-04-25 18:54:33', '2026-04-25 18:58:41', '2026-04-25 19:05:41');
INSERT INTO OFFER (offer_id, trip_id, driver_id, status, sent_at, responded_at) VALUES (2609, 875, 41, 'accepted', '2026-04-25 18:50:38', '2026-04-25 18:54:33');
INSERT INTO OFFER (offer_id, trip_id, driver_id, status, sent_at, responded_at) VALUES (2610, 875, 19, 'rejected', '2026-04-25 18:50:38', '2026-04-25 18:50:54');
INSERT INTO OFFER (offer_id, trip_id, driver_id, status, sent_at, responded_at) VALUES (2611, 875, 48, 'expired', '2026-04-25 18:50:37', NULL);
INSERT INTO OFFER (offer_id, trip_id, driver_id, status, sent_at, responded_at) VALUES (2612, 875, 28, 'rejected', '2026-04-25 18:50:37', '2026-04-25 18:51:19');
INSERT INTO PAYMENT (payment_id, trip_id, amount, platform_fee, driver_earnings, method, status, paid_at) VALUES (726, 875, 8.72, 1.74, 6.98, 'wallet', 'pending', NULL);
INSERT INTO TRIP (trip_id, rider_id, driver_id, vehicle_id, origin_lat, origin_lng, origin_address, dest_lat, dest_lng, dest_address, status, distance_km, duration_minutes, price_estimated, price_final, requested_at, accepted_at, started_at, finished_at) VALUES (876, 39, 36, 36, 40.49102504, -3.743112, 'C. de Jose Miguel Cobos 658 Apt. 45 , Madrid', 40.4757588, -3.65654283, 'Avenida Ángeles Moll 71 Puerta 7 , Madrid', 'completed', 9.76, 20, 16.64, 16.29, '2026-04-25 18:52:41', '2026-04-25 18:56:52', '2026-04-25 19:03:18', '2026-04-25 19:23:18');
INSERT INTO OFFER (offer_id, trip_id, driver_id, status, sent_at, responded_at) VALUES (2613, 876, 36, 'accepted', '2026-04-25 18:52:45', '2026-04-25 18:56:52');
INSERT INTO OFFER (offer_id, trip_id, driver_id, status, sent_at, responded_at) VALUES (2614, 876, 19, 'expired', '2026-04-25 18:52:46', NULL);
INSERT INTO OFFER (offer_id, trip_id, driver_id, status, sent_at, responded_at) VALUES (2615, 876, 4, 'expired', '2026-04-25 18:52:42', NULL);
INSERT INTO OFFER (offer_id, trip_id, driver_id, status, sent_at, responded_at) VALUES (2616, 876, 7, 'rejected', '2026-04-25 18:52:45', '2026-04-25 18:53:11');
INSERT INTO OFFER (offer_id, trip_id, driver_id, status, sent_at, responded_at) VALUES (2617, 876, 38, 'rejected', '2026-04-25 18:52:42', '2026-04-25 18:53:23');
INSERT INTO PAYMENT (payment_id, trip_id, amount, platform_fee, driver_earnings, method, status, paid_at) VALUES (727, 876, 16.29, 3.26, 13.03, 'cash', 'completed', '2026-04-25 19:27:18');
INSERT INTO TRIP (trip_id, rider_id, driver_id, vehicle_id, origin_lat, origin_lng, origin_address, dest_lat, dest_lng, dest_address, status, distance_km, duration_minutes, price_estimated, price_final, requested_at, accepted_at, started_at, finished_at) VALUES (877, 57, 17, 17, 40.40583019, -3.73186617, 'Alameda de Toño Bou 48 Puerta 8 , Madrid', 40.428644, -3.61169173, 'Pasaje de Zoraida Mayoral 65 Piso 6 , Madrid', 'completed', 13.58, 26, 22.37, 21.38, '2026-04-25 18:50:46', '2026-04-25 18:52:11', '2026-04-25 18:59:56', '2026-04-25 19:25:56');
INSERT INTO OFFER (offer_id, trip_id, driver_id, status, sent_at, responded_at) VALUES (2618, 877, 17, 'accepted', '2026-04-25 18:50:47', '2026-04-25 18:52:11');
INSERT INTO OFFER (offer_id, trip_id, driver_id, status, sent_at, responded_at) VALUES (2619, 877, 42, 'expired', '2026-04-25 18:50:47', NULL);
INSERT INTO PAYMENT (payment_id, trip_id, amount, platform_fee, driver_earnings, method, status, paid_at) VALUES (728, 877, 21.38, 4.28, 17.1, 'wallet', 'pending', NULL);
INSERT INTO TRIP (trip_id, rider_id, driver_id, vehicle_id, origin_lat, origin_lng, origin_address, dest_lat, dest_lng, dest_address, status, distance_km, duration_minutes, price_estimated, price_final, requested_at, accepted_at, started_at, finished_at) VALUES (878, 57, 16, 16, 40.45967691, -3.68220199, 'Glorieta de Baldomero Campos 72, Madrid', 40.42232645, -3.69901339, 'Pasadizo Bonifacio Castañeda 72 Puerta 1 , Madrid', 'completed', 4.55, 8, 8.82, 9.33, '2026-04-25 18:52:17', '2026-04-25 18:53:28', '2026-04-25 19:01:58', '2026-04-25 19:09:58');
INSERT INTO OFFER (offer_id, trip_id, driver_id, status, sent_at, responded_at) VALUES (2620, 878, 16, 'accepted', '2026-04-25 18:52:19', '2026-04-25 18:53:28');
INSERT INTO OFFER (offer_id, trip_id, driver_id, status, sent_at, responded_at) VALUES (2621, 878, 42, 'rejected', '2026-04-25 18:52:21', '2026-04-25 18:52:57');
INSERT INTO PAYMENT (payment_id, trip_id, amount, platform_fee, driver_earnings, method, status, paid_at) VALUES (729, 878, 9.33, 1.87, 7.46, 'cash', 'completed', '2026-04-25 19:11:58');
INSERT INTO TRIP (trip_id, rider_id, driver_id, vehicle_id, origin_lat, origin_lng, origin_address, dest_lat, dest_lng, dest_address, status, distance_km, duration_minutes, price_estimated, price_final, requested_at, accepted_at, started_at, finished_at) VALUES (879, 100, 46, 46, 40.4652425, -3.73250818, 'Camino de María Dolores Andrés 77, Madrid', 40.39230607, -3.61216071, 'Avenida Vicente Gomis 280 Piso 1 , Madrid', 'completed', 15.62, 34, 25.43, 25.03, '2026-04-25 18:52:27', '2026-04-25 18:57:25', '2026-04-25 19:06:08', '2026-04-25 19:40:08');
INSERT INTO OFFER (offer_id, trip_id, driver_id, status, sent_at, responded_at) VALUES (2622, 879, 46, 'accepted', '2026-04-25 18:52:32', '2026-04-25 18:57:25');
INSERT INTO OFFER (offer_id, trip_id, driver_id, status, sent_at, responded_at) VALUES (2623, 879, 6, 'expired', '2026-04-25 18:52:28', NULL);
INSERT INTO PAYMENT (payment_id, trip_id, amount, platform_fee, driver_earnings, method, status, paid_at) VALUES (730, 879, 25.03, 5.01, 20.02, 'wallet', 'completed', '2026-04-25 19:44:08');
INSERT INTO TRIP (trip_id, rider_id, driver_id, vehicle_id, origin_lat, origin_lng, origin_address, dest_lat, dest_lng, dest_address, status, distance_km, duration_minutes, price_estimated, price_final, requested_at, accepted_at, started_at, finished_at) VALUES (880, 83, 39, 39, 40.49083821, -3.62066469, 'Cuesta Esther Royo 321, Madrid', 40.37900167, -3.65925429, 'Glorieta de Noemí Gaya 53, Madrid', 'completed', 13.13, 29, 21.7, 20.68, '2026-04-25 18:53:08', '2026-04-25 18:56:29', '2026-04-25 19:00:38', '2026-04-25 19:29:38');
INSERT INTO OFFER (offer_id, trip_id, driver_id, status, sent_at, responded_at) VALUES (2624, 880, 39, 'accepted', '2026-04-25 18:53:13', '2026-04-25 18:56:29');
INSERT INTO OFFER (offer_id, trip_id, driver_id, status, sent_at, responded_at) VALUES (2625, 880, 5, 'rejected', '2026-04-25 18:53:12', '2026-04-25 18:53:57');
INSERT INTO OFFER (offer_id, trip_id, driver_id, status, sent_at, responded_at) VALUES (2626, 880, 1, 'expired', '2026-04-25 18:53:09', NULL);
INSERT INTO OFFER (offer_id, trip_id, driver_id, status, sent_at, responded_at) VALUES (2627, 880, 27, 'expired', '2026-04-25 18:53:09', NULL);
INSERT INTO PAYMENT (payment_id, trip_id, amount, platform_fee, driver_earnings, method, status, paid_at) VALUES (731, 880, 20.68, 4.14, 16.54, 'card', 'pending', NULL);

INSERT INTO TRIP (trip_id, rider_id, driver_id, vehicle_id, origin_lat, origin_lng, origin_address, dest_lat, dest_lng, dest_address, status, distance_km, duration_minutes, price_estimated, price_final, requested_at, accepted_at, started_at, finished_at) VALUES (881, 94, 37, 37, 40.36779958, -3.66189188, 'C. Josefina Izquierdo 7, Madrid', 40.36857006, -3.66494037, 'Pasadizo de Bernardino Pablo 182 Apt. 81 , Madrid', 'completed', 0.5, 5, 2.75, 2.56, '2026-04-25 18:52:18', '2026-04-25 18:56:56', '2026-04-25 19:01:37', '2026-04-25 19:06:37');
INSERT INTO OFFER (offer_id, trip_id, driver_id, status, sent_at, responded_at) VALUES (2628, 881, 37, 'accepted', '2026-04-25 18:52:23', '2026-04-25 18:56:56');
INSERT INTO OFFER (offer_id, trip_id, driver_id, status, sent_at, responded_at) VALUES (2629, 881, 36, 'rejected', '2026-04-25 18:52:21', '2026-04-25 18:52:38');
INSERT INTO OFFER (offer_id, trip_id, driver_id, status, sent_at, responded_at) VALUES (2630, 881, 15, 'expired', '2026-04-25 18:52:20', NULL);
INSERT INTO OFFER (offer_id, trip_id, driver_id, status, sent_at, responded_at) VALUES (2631, 881, 14, 'rejected', '2026-04-25 18:52:19', '2026-04-25 18:52:40');
INSERT INTO PAYMENT (payment_id, trip_id, amount, platform_fee, driver_earnings, method, status, paid_at) VALUES (732, 881, 2.56, 0.51, 2.05, 'wallet', 'completed', '2026-04-25 19:10:37');
INSERT INTO TRIP (trip_id, rider_id, driver_id, vehicle_id, origin_lat, origin_lng, origin_address, dest_lat, dest_lng, dest_address, status, distance_km, duration_minutes, price_estimated, price_final, requested_at, accepted_at, started_at, finished_at) VALUES (882, 30, 35, 35, 40.38164621, -3.74214854, 'Avenida Adelaida Almagro 36, Madrid', 40.43371971, -3.63142289, 'Vial Juan Bautista Moll 792, Madrid', 'completed', 13.58, 25, 22.37, 21.72, '2026-04-25 18:53:00', '2026-04-25 18:54:57', '2026-04-25 19:01:51', '2026-04-25 19:26:51');
INSERT INTO OFFER (offer_id, trip_id, driver_id, status, sent_at, responded_at) VALUES (2632, 882, 35, 'accepted', '2026-04-25 18:53:01', '2026-04-25 18:54:57');
INSERT INTO OFFER (offer_id, trip_id, driver_id, status, sent_at, responded_at) VALUES (2633, 882, 44, 'expired', '2026-04-25 18:53:03', NULL);
INSERT INTO OFFER (offer_id, trip_id, driver_id, status, sent_at, responded_at) VALUES (2634, 882, 14, 'expired', '2026-04-25 18:53:02', NULL);
INSERT INTO OFFER (offer_id, trip_id, driver_id, status, sent_at, responded_at) VALUES (2635, 882, 20, 'expired', '2026-04-25 18:53:04', NULL);
INSERT INTO OFFER (offer_id, trip_id, driver_id, status, sent_at, responded_at) VALUES (2636, 882, 21, 'expired', '2026-04-25 18:53:03', NULL);
INSERT INTO PAYMENT (payment_id, trip_id, amount, platform_fee, driver_earnings, method, status, paid_at) VALUES (733, 882, 21.72, 4.34, 17.38, 'cash', 'pending', NULL);
INSERT INTO TRIP (trip_id, rider_id, driver_id, vehicle_id, origin_lat, origin_lng, origin_address, dest_lat, dest_lng, dest_address, status, distance_km, duration_minutes, price_estimated, price_final, requested_at, accepted_at, started_at, finished_at) VALUES (883, 64, 44, 44, 40.43586586, -3.68393302, 'Avenida Olivia Lucas 61 Apt. 80 , Madrid', 40.49209323, -3.71212641, 'Cañada de Adelaida Barriga 6 Piso 7 , Madrid', 'in_progress', 6.98, NULL, 12.47, NULL, '2026-04-25 18:53:10', '2026-04-25 18:57:16', '2026-04-25 18:59:56', NULL);
INSERT INTO OFFER (offer_id, trip_id, driver_id, status, sent_at, responded_at) VALUES (2637, 883, 44, 'accepted', '2026-04-25 18:53:13', '2026-04-25 18:57:16');
INSERT INTO TRIP (trip_id, rider_id, driver_id, vehicle_id, origin_lat, origin_lng, origin_address, dest_lat, dest_lng, dest_address, status, distance_km, duration_minutes, price_estimated, price_final, requested_at, accepted_at, started_at, finished_at) VALUES (884, 15, 6, 6, 40.45681745, -3.6342992, 'Rambla Roque Navarrete 42 Puerta 7 , Madrid', 40.47022327, -3.61330381, 'Calle de Armando Gilabert 325 Apt. 45 , Madrid', 'completed', 2.77, 3, 6.16, 6.07, '2026-04-25 18:52:16', '2026-04-25 18:54:26', '2026-04-25 19:03:24', '2026-04-25 19:06:24');
INSERT INTO OFFER (offer_id, trip_id, driver_id, status, sent_at, responded_at) VALUES (2638, 884, 6, 'accepted', '2026-04-25 18:52:20', '2026-04-25 18:54:26');
INSERT INTO OFFER (offer_id, trip_id, driver_id, status, sent_at, responded_at) VALUES (2639, 884, 20, 'expired', '2026-04-25 18:52:18', NULL);
INSERT INTO OFFER (offer_id, trip_id, driver_id, status, sent_at, responded_at) VALUES (2640, 884, 49, 'expired', '2026-04-25 18:52:18', NULL);
INSERT INTO PAYMENT (payment_id, trip_id, amount, platform_fee, driver_earnings, method, status, paid_at) VALUES (734, 884, 6.07, 1.21, 4.86, 'card', 'completed', '2026-04-25 19:10:24');
INSERT INTO TRIP (trip_id, rider_id, driver_id, vehicle_id, origin_lat, origin_lng, origin_address, dest_lat, dest_lng, dest_address, status, distance_km, duration_minutes, price_estimated, price_final, requested_at, accepted_at, started_at, finished_at) VALUES (885, 21, 18, 18, 40.46701833, -3.72947401, 'Ronda Felisa Nebot 93, Madrid', 40.43552849, -3.6108802, 'Urbanización Toño Pavón 39, Madrid', 'completed', 13.62, 29, 22.43, 23.28, '2026-04-25 18:50:25', '2026-04-25 18:52:05', '2026-04-25 18:59:26', '2026-04-25 19:28:26');
INSERT INTO OFFER (offer_id, trip_id, driver_id, status, sent_at, responded_at) VALUES (2641, 885, 18, 'accepted', '2026-04-25 18:50:30', '2026-04-25 18:52:05');
INSERT INTO OFFER (offer_id, trip_id, driver_id, status, sent_at, responded_at) VALUES (2642, 885, 17, 'rejected', '2026-04-25 18:50:27', '2026-04-25 18:51:15');
INSERT INTO OFFER (offer_id, trip_id, driver_id, status, sent_at, responded_at) VALUES (2643, 885, 16, 'expired', '2026-04-25 18:50:29', NULL);
INSERT INTO OFFER (offer_id, trip_id, driver_id, status, sent_at, responded_at) VALUES (2644, 885, 39, 'expired', '2026-04-25 18:50:30', NULL);
INSERT INTO PAYMENT (payment_id, trip_id, amount, platform_fee, driver_earnings, method, status, paid_at) VALUES (735, 885, 23.28, 4.66, 18.62, 'card', 'completed', '2026-04-25 19:28:26');
INSERT INTO TRIP (trip_id, rider_id, driver_id, vehicle_id, origin_lat, origin_lng, origin_address, dest_lat, dest_lng, dest_address, status, distance_km, duration_minutes, price_estimated, price_final, requested_at, accepted_at, started_at, finished_at) VALUES (886, 24, 6, 6, 40.42006595, -3.70590335, 'Camino Marisela Barriga 7 Apt. 65 , Madrid', 40.46656294, -3.72141532, 'Ronda de Vera Cortina 59 Puerta 8 , Madrid', 'completed', 5.44, 8, 10.16, 9.46, '2026-04-25 18:50:33', '2026-04-25 18:54:07', '2026-04-25 19:01:52', '2026-04-25 19:09:52');
INSERT INTO OFFER (offer_id, trip_id, driver_id, status, sent_at, responded_at) VALUES (2645, 886, 6, 'accepted', '2026-04-25 18:50:37', '2026-04-25 18:54:07');
INSERT INTO OFFER (offer_id, trip_id, driver_id, status, sent_at, responded_at) VALUES (2646, 886, 38, 'rejected', '2026-04-25 18:50:38', '2026-04-25 18:51:14');
INSERT INTO OFFER (offer_id, trip_id, driver_id, status, sent_at, responded_at) VALUES (2647, 886, 18, 'rejected', '2026-04-25 18:50:34', '2026-04-25 18:51:21');
INSERT INTO OFFER (offer_id, trip_id, driver_id, status, sent_at, responded_at) VALUES (2648, 886, 33, 'expired', '2026-04-25 18:50:38', NULL);
INSERT INTO OFFER (offer_id, trip_id, driver_id, status, sent_at, responded_at) VALUES (2649, 886, 27, 'expired', '2026-04-25 18:50:37', NULL);
INSERT INTO PAYMENT (payment_id, trip_id, amount, platform_fee, driver_earnings, method, status, paid_at) VALUES (736, 886, 9.46, 1.89, 7.57, 'wallet', 'completed', '2026-04-25 19:14:52');
INSERT INTO TRIP (trip_id, rider_id, driver_id, vehicle_id, origin_lat, origin_lng, origin_address, dest_lat, dest_lng, dest_address, status, distance_km, duration_minutes, price_estimated, price_final, requested_at, accepted_at, started_at, finished_at) VALUES (887, 71, 37, 37, 40.45690817, -3.73853022, 'Camino Lorenza Tirado 762 Piso 2 , Madrid', 40.35151098, -3.74155936, 'Ronda de Azeneth Yáñez 25 Puerta 9 , Madrid', 'completed', 11.7, 27, 19.55, 18.74, '2026-04-25 18:51:36', '2026-04-25 18:52:46', '2026-04-25 19:02:15', '2026-04-25 19:29:15');
INSERT INTO OFFER (offer_id, trip_id, driver_id, status, sent_at, responded_at) VALUES (2650, 887, 37, 'accepted', '2026-04-25 18:51:40', '2026-04-25 18:52:46');
INSERT INTO OFFER (offer_id, trip_id, driver_id, status, sent_at, responded_at) VALUES (2651, 887, 22, 'expired', '2026-04-25 18:51:38', NULL);
INSERT INTO OFFER (offer_id, trip_id, driver_id, status, sent_at, responded_at) VALUES (2652, 887, 30, 'expired', '2026-04-25 18:51:38', NULL);
INSERT INTO PAYMENT (payment_id, trip_id, amount, platform_fee, driver_earnings, method, status, paid_at) VALUES (737, 887, 18.74, 3.75, 14.99, 'cash', 'completed', '2026-04-25 19:32:15');
INSERT INTO TRIP (trip_id, rider_id, driver_id, vehicle_id, origin_lat, origin_lng, origin_address, dest_lat, dest_lng, dest_address, status, distance_km, duration_minutes, price_estimated, price_final, requested_at, accepted_at, started_at, finished_at) VALUES (888, 74, 22, 22, 40.36609294, -3.64248298, 'Vial de Benito Gelabert 449 Apt. 64 , Madrid', 40.42736679, -3.6620322, 'Calle de Hernán Cortina 44 Piso 6 , Madrid', 'completed', 7.14, 17, 12.71, 13.27, '2026-04-25 18:50:59', '2026-04-25 18:54:31', '2026-04-25 19:04:27', '2026-04-25 19:21:27');
INSERT INTO OFFER (offer_id, trip_id, driver_id, status, sent_at, responded_at) VALUES (2653, 888, 22, 'accepted', '2026-04-25 18:51:02', '2026-04-25 18:54:31');
INSERT INTO PAYMENT (payment_id, trip_id, amount, platform_fee, driver_earnings, method, status, paid_at) VALUES (738, 888, 13.27, 2.65, 10.62, 'card', 'pending', NULL);
INSERT INTO TRIP (trip_id, rider_id, driver_id, vehicle_id, origin_lat, origin_lng, origin_address, dest_lat, dest_lng, dest_address, status, distance_km, duration_minutes, price_estimated, price_final, requested_at, accepted_at, started_at, finished_at) VALUES (889, 89, 23, 23, 40.48804239, -3.65860064, 'Avenida Viviana Hierro 8, Madrid', 40.39434726, -3.64038631, 'Acceso Jose Carlos Bermúdez 69 Apt. 66 , Madrid', 'completed', 10.59, 20, 17.88, 18.34, '2026-04-25 18:50:15', '2026-04-25 18:54:30', '2026-04-25 18:59:20', '2026-04-25 19:19:20');
INSERT INTO OFFER (offer_id, trip_id, driver_id, status, sent_at, responded_at) VALUES (2654, 889, 23, 'accepted', '2026-04-25 18:50:16', '2026-04-25 18:54:30');
INSERT INTO OFFER (offer_id, trip_id, driver_id, status, sent_at, responded_at) VALUES (2655, 889, 3, 'expired', '2026-04-25 18:50:18', NULL);
INSERT INTO OFFER (offer_id, trip_id, driver_id, status, sent_at, responded_at) VALUES (2656, 889, 42, 'expired', '2026-04-25 18:50:20', NULL);
INSERT INTO OFFER (offer_id, trip_id, driver_id, status, sent_at, responded_at) VALUES (2657, 889, 33, 'rejected', '2026-04-25 18:50:16', '2026-04-25 18:50:40');
INSERT INTO PAYMENT (payment_id, trip_id, amount, platform_fee, driver_earnings, method, status, paid_at) VALUES (739, 889, 18.34, 3.67, 14.67, 'card', 'pending', NULL);
INSERT INTO TRIP (trip_id, rider_id, driver_id, vehicle_id, origin_lat, origin_lng, origin_address, dest_lat, dest_lng, dest_address, status, distance_km, duration_minutes, price_estimated, price_final, requested_at, accepted_at, started_at, finished_at) VALUES (890, 47, 40, 40, 40.41050103, -3.64069707, 'Paseo Marisela Padilla 31, Madrid', 40.36029569, -3.69296944, 'Rambla de Soraya Pomares 92, Madrid', 'completed', 8.04, 14, 14.06, 14.97, '2026-04-25 18:51:00', '2026-04-25 18:53:22', '2026-04-25 19:01:37', '2026-04-25 19:15:37');
INSERT INTO OFFER (offer_id, trip_id, driver_id, status, sent_at, responded_at) VALUES (2658, 890, 40, 'accepted', '2026-04-25 18:51:03', '2026-04-25 18:53:22');
INSERT INTO PAYMENT (payment_id, trip_id, amount, platform_fee, driver_earnings, method, status, paid_at) VALUES (740, 890, 14.97, 2.99, 11.98, 'wallet', 'pending', NULL);

INSERT INTO TRIP (trip_id, rider_id, driver_id, vehicle_id, origin_lat, origin_lng, origin_address, dest_lat, dest_lng, dest_address, status, distance_km, duration_minutes, price_estimated, price_final, requested_at, accepted_at, started_at, finished_at) VALUES (891, 83, 42, 42, 40.35944994, -3.71862526, 'Cuesta de Juan José Tur 57, Madrid', 40.36795124, -3.7372726, 'Avenida Luis Cazorla 1 Piso 7 , Madrid', 'completed', 2.27, 7, 5.41, 5.64, '2026-04-25 18:50:25', '2026-04-25 18:51:36', '2026-04-25 18:59:22', '2026-04-25 19:06:22');
INSERT INTO OFFER (offer_id, trip_id, driver_id, status, sent_at, responded_at) VALUES (2659, 891, 42, 'accepted', '2026-04-25 18:50:26', '2026-04-25 18:51:36');
INSERT INTO OFFER (offer_id, trip_id, driver_id, status, sent_at, responded_at) VALUES (2660, 891, 26, 'rejected', '2026-04-25 18:50:29', '2026-04-25 18:51:19');
INSERT INTO OFFER (offer_id, trip_id, driver_id, status, sent_at, responded_at) VALUES (2661, 891, 5, 'rejected', '2026-04-25 18:50:28', '2026-04-25 18:50:41');
INSERT INTO OFFER (offer_id, trip_id, driver_id, status, sent_at, responded_at) VALUES (2662, 891, 11, 'rejected', '2026-04-25 18:50:30', '2026-04-25 18:50:45');
INSERT INTO OFFER (offer_id, trip_id, driver_id, status, sent_at, responded_at) VALUES (2663, 891, 9, 'rejected', '2026-04-25 18:50:29', '2026-04-25 18:51:00');
INSERT INTO PAYMENT (payment_id, trip_id, amount, platform_fee, driver_earnings, method, status, paid_at) VALUES (741, 891, 5.64, 1.13, 4.51, 'card', 'completed', '2026-04-25 19:07:22');
INSERT INTO TRIP (trip_id, rider_id, driver_id, vehicle_id, origin_lat, origin_lng, origin_address, dest_lat, dest_lng, dest_address, status, distance_km, duration_minutes, price_estimated, price_final, requested_at, accepted_at, started_at, finished_at) VALUES (892, 78, NULL, NULL, 40.41979672, -3.63726038, 'Rambla Amalia Moraleda 93, Madrid', 40.39151132, -3.62905575, 'Vial Jafet Palau 82, Madrid', 'cancelled', 3.27, NULL, 6.91, NULL, '2026-04-25 18:52:19', NULL, NULL, NULL);
INSERT INTO OFFER (offer_id, trip_id, driver_id, status, sent_at, responded_at) VALUES (2664, 892, 46, 'expired', '2026-04-25 18:52:20', NULL);
INSERT INTO TRIP (trip_id, rider_id, driver_id, vehicle_id, origin_lat, origin_lng, origin_address, dest_lat, dest_lng, dest_address, status, distance_km, duration_minutes, price_estimated, price_final, requested_at, accepted_at, started_at, finished_at) VALUES (893, 65, 28, 28, 40.47161737, -3.62037874, 'Urbanización de Hilario Cabrera 605 Apt. 68 , Madrid', 40.39521715, -3.73271557, 'Ronda de Narciso Ruiz 35 Piso 6 , Madrid', 'completed', 15.08, 31, 24.62, 22.19, '2026-04-25 18:51:56', '2026-04-25 18:56:02', '2026-04-25 19:03:03', '2026-04-25 19:34:03');
INSERT INTO OFFER (offer_id, trip_id, driver_id, status, sent_at, responded_at) VALUES (2665, 893, 28, 'accepted', '2026-04-25 18:52:01', '2026-04-25 18:56:02');
INSERT INTO PAYMENT (payment_id, trip_id, amount, platform_fee, driver_earnings, method, status, paid_at) VALUES (742, 893, 22.19, 4.44, 17.75, 'card', 'completed', '2026-04-25 19:35:03');
INSERT INTO TRIP (trip_id, rider_id, driver_id, vehicle_id, origin_lat, origin_lng, origin_address, dest_lat, dest_lng, dest_address, status, distance_km, duration_minutes, price_estimated, price_final, requested_at, accepted_at, started_at, finished_at) VALUES (894, 48, 9, 9, 40.45416882, -3.70782124, 'Pasaje de Vasco Nieto 2 Puerta 6 , Madrid', 40.470708, -3.74071253, 'C. Teresita Carreño 175 Puerta 4 , Madrid', 'completed', 4.09, 6, 8.13, 8.78, '2026-04-25 18:50:41', '2026-04-25 18:52:43', '2026-04-25 18:59:24', '2026-04-25 19:05:24');
INSERT INTO OFFER (offer_id, trip_id, driver_id, status, sent_at, responded_at) VALUES (2666, 894, 9, 'accepted', '2026-04-25 18:50:46', '2026-04-25 18:52:43');
INSERT INTO OFFER (offer_id, trip_id, driver_id, status, sent_at, responded_at) VALUES (2667, 894, 46, 'rejected', '2026-04-25 18:50:42', '2026-04-25 18:51:36');
INSERT INTO OFFER (offer_id, trip_id, driver_id, status, sent_at, responded_at) VALUES (2668, 894, 29, 'expired', '2026-04-25 18:50:43', NULL);
INSERT INTO PAYMENT (payment_id, trip_id, amount, platform_fee, driver_earnings, method, status, paid_at) VALUES (743, 894, 8.78, 1.76, 7.02, 'card', 'completed', '2026-04-25 19:08:24');
INSERT INTO TRIP (trip_id, rider_id, driver_id, vehicle_id, origin_lat, origin_lng, origin_address, dest_lat, dest_lng, dest_address, status, distance_km, duration_minutes, price_estimated, price_final, requested_at, accepted_at, started_at, finished_at) VALUES (895, 71, NULL, NULL, 40.35168677, -3.72618777, 'Rambla de Regina Huguet 34, Madrid', 40.36803156, -3.67642983, 'Paseo de Venceslás Conesa 75, Madrid', 'requested', 5.81, NULL, 10.71, NULL, '2026-04-25 18:51:55', NULL, NULL, NULL);
INSERT INTO OFFER (offer_id, trip_id, driver_id, status, sent_at, responded_at) VALUES (2669, 895, 10, 'expired', '2026-04-25 18:51:56', NULL);
INSERT INTO OFFER (offer_id, trip_id, driver_id, status, sent_at, responded_at) VALUES (2670, 895, 19, 'expired', '2026-04-25 18:51:59', NULL);
INSERT INTO OFFER (offer_id, trip_id, driver_id, status, sent_at, responded_at) VALUES (2671, 895, 35, 'rejected', '2026-04-25 18:51:58', '2026-04-25 18:52:53');
INSERT INTO OFFER (offer_id, trip_id, driver_id, status, sent_at, responded_at) VALUES (2672, 895, 20, 'expired', '2026-04-25 18:51:57', NULL);
INSERT INTO TRIP (trip_id, rider_id, driver_id, vehicle_id, origin_lat, origin_lng, origin_address, dest_lat, dest_lng, dest_address, status, distance_km, duration_minutes, price_estimated, price_final, requested_at, accepted_at, started_at, finished_at) VALUES (896, 8, 22, 22, 40.3847431, -3.72708068, 'Vial Rosendo Bellido 9 Puerta 6 , Madrid', 40.38600777, -3.60677851, 'Rambla de Felicia Quevedo 936, Madrid', 'completed', 13.35, 26, 22.02, 22.61, '2026-04-25 18:53:09', '2026-04-25 18:57:34', '2026-04-25 19:00:37', '2026-04-25 19:26:37');
INSERT INTO OFFER (offer_id, trip_id, driver_id, status, sent_at, responded_at) VALUES (2673, 896, 22, 'accepted', '2026-04-25 18:53:11', '2026-04-25 18:57:34');
INSERT INTO OFFER (offer_id, trip_id, driver_id, status, sent_at, responded_at) VALUES (2674, 896, 34, 'expired', '2026-04-25 18:53:14', NULL);
INSERT INTO OFFER (offer_id, trip_id, driver_id, status, sent_at, responded_at) VALUES (2675, 896, 23, 'rejected', '2026-04-25 18:53:10', '2026-04-25 18:53:41');
INSERT INTO PAYMENT (payment_id, trip_id, amount, platform_fee, driver_earnings, method, status, paid_at) VALUES (744, 896, 22.61, 4.52, 18.09, 'card', 'completed', '2026-04-25 19:30:37');
INSERT INTO TRIP (trip_id, rider_id, driver_id, vehicle_id, origin_lat, origin_lng, origin_address, dest_lat, dest_lng, dest_address, status, distance_km, duration_minutes, price_estimated, price_final, requested_at, accepted_at, started_at, finished_at) VALUES (897, 74, 38, 38, 40.46740098, -3.6321757, 'Rambla de Manu Gibert 27 Puerta 9 , Madrid', 40.45607581, -3.74381745, 'Vial de Agapito Sotelo 8 Piso 2 , Madrid', 'completed', 12.46, 25, 20.69, 20.63, '2026-04-25 18:51:25', '2026-04-25 18:54:01', '2026-04-25 18:59:11', '2026-04-25 19:24:11');
INSERT INTO OFFER (offer_id, trip_id, driver_id, status, sent_at, responded_at) VALUES (2676, 897, 38, 'accepted', '2026-04-25 18:51:26', '2026-04-25 18:54:01');
INSERT INTO OFFER (offer_id, trip_id, driver_id, status, sent_at, responded_at) VALUES (2677, 897, 21, 'rejected', '2026-04-25 18:51:30', '2026-04-25 18:52:19');
INSERT INTO OFFER (offer_id, trip_id, driver_id, status, sent_at, responded_at) VALUES (2678, 897, 10, 'rejected', '2026-04-25 18:51:29', '2026-04-25 18:52:13');
INSERT INTO PAYMENT (payment_id, trip_id, amount, platform_fee, driver_earnings, method, status, paid_at) VALUES (745, 897, 20.63, 4.13, 16.5, 'wallet', 'pending', NULL);
INSERT INTO TRIP (trip_id, rider_id, driver_id, vehicle_id, origin_lat, origin_lng, origin_address, dest_lat, dest_lng, dest_address, status, distance_km, duration_minutes, price_estimated, price_final, requested_at, accepted_at, started_at, finished_at) VALUES (898, 67, 27, 27, 40.47238723, -3.63922494, 'Rambla de Águeda Leon 4, Madrid', 40.43313467, -3.67582398, 'Acceso Ileana Morillo 871 Puerta 6 , Madrid', 'in_progress', 5.96, NULL, 10.94, NULL, '2026-04-25 18:51:12', '2026-04-25 18:53:08', '2026-04-25 19:01:21', NULL);
INSERT INTO OFFER (offer_id, trip_id, driver_id, status, sent_at, responded_at) VALUES (2679, 898, 27, 'accepted', '2026-04-25 18:51:13', '2026-04-25 18:53:08');
INSERT INTO OFFER (offer_id, trip_id, driver_id, status, sent_at, responded_at) VALUES (2680, 898, 6, 'expired', '2026-04-25 18:51:14', NULL);
INSERT INTO OFFER (offer_id, trip_id, driver_id, status, sent_at, responded_at) VALUES (2681, 898, 3, 'expired', '2026-04-25 18:51:15', NULL);
INSERT INTO TRIP (trip_id, rider_id, driver_id, vehicle_id, origin_lat, origin_lng, origin_address, dest_lat, dest_lng, dest_address, status, distance_km, duration_minutes, price_estimated, price_final, requested_at, accepted_at, started_at, finished_at) VALUES (899, 10, 6, 6, 40.41876002, -3.65765441, 'Glorieta de Bárbara Pulido 95 Apt. 14 , Madrid', 40.40926729, -3.72434003, 'Pasaje de Eutropio Escudero 792 Apt. 93 , Madrid', 'completed', 7.48, 15, 13.22, 13.65, '2026-04-25 18:50:24', '2026-04-25 18:52:51', '2026-04-25 18:55:52', '2026-04-25 19:10:52');
INSERT INTO OFFER (offer_id, trip_id, driver_id, status, sent_at, responded_at) VALUES (2682, 899, 6, 'accepted', '2026-04-25 18:50:28', '2026-04-25 18:52:51');
INSERT INTO PAYMENT (payment_id, trip_id, amount, platform_fee, driver_earnings, method, status, paid_at) VALUES (746, 899, 13.65, 2.73, 10.92, 'cash', 'completed', '2026-04-25 19:14:52');
INSERT INTO TRIP (trip_id, rider_id, driver_id, vehicle_id, origin_lat, origin_lng, origin_address, dest_lat, dest_lng, dest_address, status, distance_km, duration_minutes, price_estimated, price_final, requested_at, accepted_at, started_at, finished_at) VALUES (900, 65, 9, 9, 40.45635852, -3.71080749, 'Camino de Javier Cabañas 8, Madrid', 40.43532313, -3.7442197, 'Avenida de Soraya Pujol 31 Puerta 8 , Madrid', 'completed', 4.38, 8, 8.57, 9.12, '2026-04-25 18:52:56', '2026-04-25 18:55:16', '2026-04-25 18:58:26', '2026-04-25 19:06:26');
INSERT INTO OFFER (offer_id, trip_id, driver_id, status, sent_at, responded_at) VALUES (2683, 900, 9, 'accepted', '2026-04-25 18:52:58', '2026-04-25 18:55:16');
INSERT INTO OFFER (offer_id, trip_id, driver_id, status, sent_at, responded_at) VALUES (2684, 900, 26, 'rejected', '2026-04-25 18:52:58', '2026-04-25 18:53:32');
INSERT INTO OFFER (offer_id, trip_id, driver_id, status, sent_at, responded_at) VALUES (2685, 900, 7, 'expired', '2026-04-25 18:52:59', NULL);
INSERT INTO PAYMENT (payment_id, trip_id, amount, platform_fee, driver_earnings, method, status, paid_at) VALUES (747, 900, 9.12, 1.82, 7.3, 'wallet', 'completed', '2026-04-25 19:07:26');

INSERT INTO TRIP (trip_id, rider_id, driver_id, vehicle_id, origin_lat, origin_lng, origin_address, dest_lat, dest_lng, dest_address, status, distance_km, duration_minutes, price_estimated, price_final, requested_at, accepted_at, started_at, finished_at) VALUES (901, 70, 3, 3, 40.36006841, -3.72653031, 'Urbanización Coral Peinado 82, Madrid', 40.47223777, -3.62976298, 'Camino Adora Expósito 36, Madrid', 'completed', 16.44, 36, 26.66, 26.15, '2026-04-25 18:52:45', '2026-04-25 18:55:38', '2026-04-25 18:58:41', '2026-04-25 19:34:41');
INSERT INTO OFFER (offer_id, trip_id, driver_id, status, sent_at, responded_at) VALUES (2686, 901, 3, 'accepted', '2026-04-25 18:52:47', '2026-04-25 18:55:38');
INSERT INTO PAYMENT (payment_id, trip_id, amount, platform_fee, driver_earnings, method, status, paid_at) VALUES (748, 901, 26.15, 5.23, 20.92, 'card', 'completed', '2026-04-25 19:38:41');
INSERT INTO TRIP (trip_id, rider_id, driver_id, vehicle_id, origin_lat, origin_lng, origin_address, dest_lat, dest_lng, dest_address, status, distance_km, duration_minutes, price_estimated, price_final, requested_at, accepted_at, started_at, finished_at) VALUES (902, 95, 1, 1, 40.46251325, -3.70312219, 'Acceso Emigdio Gras 31 Apt. 56 , Madrid', 40.46044442, -3.73948124, 'Vial Valero Porta 1, Madrid', 'completed', 4.04, 6, 8.06, 8.84, '2026-04-25 18:51:32', '2026-04-25 18:53:21', '2026-04-25 18:56:52', '2026-04-25 19:02:52');
INSERT INTO OFFER (offer_id, trip_id, driver_id, status, sent_at, responded_at) VALUES (2687, 902, 1, 'accepted', '2026-04-25 18:51:35', '2026-04-25 18:53:21');
INSERT INTO PAYMENT (payment_id, trip_id, amount, platform_fee, driver_earnings, method, status, paid_at) VALUES (749, 902, 8.84, 1.77, 7.07, 'cash', 'pending', NULL);
INSERT INTO TRIP (trip_id, rider_id, driver_id, vehicle_id, origin_lat, origin_lng, origin_address, dest_lat, dest_lng, dest_address, status, distance_km, duration_minutes, price_estimated, price_final, requested_at, accepted_at, started_at, finished_at) VALUES (903, 57, 3, 3, 40.38245357, -3.65024776, 'Ronda Celestina Sanz 26 Piso 4 , Madrid', 40.38047902, -3.7252759, 'Vial Ariadna Mendez 85 Puerta 8 , Madrid', 'completed', 8.33, 20, 14.5, 13.63, '2026-04-25 18:52:07', '2026-04-25 18:54:05', '2026-04-25 19:03:31', '2026-04-25 19:23:31');
INSERT INTO OFFER (offer_id, trip_id, driver_id, status, sent_at, responded_at) VALUES (2688, 903, 3, 'accepted', '2026-04-25 18:52:12', '2026-04-25 18:54:05');
INSERT INTO OFFER (offer_id, trip_id, driver_id, status, sent_at, responded_at) VALUES (2689, 903, 30, 'rejected', '2026-04-25 18:52:11', '2026-04-25 18:52:50');
INSERT INTO PAYMENT (payment_id, trip_id, amount, platform_fee, driver_earnings, method, status, paid_at) VALUES (750, 903, 13.63, 2.73, 10.9, 'cash', 'completed', '2026-04-25 19:26:31');
INSERT INTO TRIP (trip_id, rider_id, driver_id, vehicle_id, origin_lat, origin_lng, origin_address, dest_lat, dest_lng, dest_address, status, distance_km, duration_minutes, price_estimated, price_final, requested_at, accepted_at, started_at, finished_at) VALUES (904, 17, 48, 48, 40.44612283, -3.71536777, 'Pasaje de Xiomara Cañas 24, Madrid', 40.4569733, -3.64860876, 'Alameda Aníbal Serra 1 Apt. 31 , Madrid', 'completed', 7.51, 13, 13.27, 12.37, '2026-04-25 18:50:39', '2026-04-25 18:55:07', '2026-04-25 19:00:54', '2026-04-25 19:13:54');
INSERT INTO OFFER (offer_id, trip_id, driver_id, status, sent_at, responded_at) VALUES (2690, 904, 48, 'accepted', '2026-04-25 18:50:44', '2026-04-25 18:55:07');
INSERT INTO OFFER (offer_id, trip_id, driver_id, status, sent_at, responded_at) VALUES (2691, 904, 8, 'expired', '2026-04-25 18:50:40', NULL);
INSERT INTO OFFER (offer_id, trip_id, driver_id, status, sent_at, responded_at) VALUES (2692, 904, 9, 'expired', '2026-04-25 18:50:44', NULL);
INSERT INTO PAYMENT (payment_id, trip_id, amount, platform_fee, driver_earnings, method, status, paid_at) VALUES (751, 904, 12.37, 2.47, 9.9, 'wallet', 'completed', '2026-04-25 19:17:54');
INSERT INTO TRIP (trip_id, rider_id, driver_id, vehicle_id, origin_lat, origin_lng, origin_address, dest_lat, dest_lng, dest_address, status, distance_km, duration_minutes, price_estimated, price_final, requested_at, accepted_at, started_at, finished_at) VALUES (905, 79, 8, 8, 40.37862451, -3.71264891, 'Glorieta de Ruth Pozo 89 Piso 5 , Madrid', 40.41719193, -3.67653722, 'C. Nicodemo Casal 4 Puerta 2 , Madrid', 'completed', 5.86, 16, 10.79, 11.06, '2026-04-25 18:52:06', '2026-04-25 18:53:56', '2026-04-25 18:58:01', '2026-04-25 19:14:01');
INSERT INTO OFFER (offer_id, trip_id, driver_id, status, sent_at, responded_at) VALUES (2693, 905, 8, 'accepted', '2026-04-25 18:52:10', '2026-04-25 18:53:56');
INSERT INTO OFFER (offer_id, trip_id, driver_id, status, sent_at, responded_at) VALUES (2694, 905, 15, 'expired', '2026-04-25 18:52:10', NULL);
INSERT INTO PAYMENT (payment_id, trip_id, amount, platform_fee, driver_earnings, method, status, paid_at) VALUES (752, 905, 11.06, 2.21, 8.85, 'cash', 'completed', '2026-04-25 19:16:01');
INSERT INTO TRIP (trip_id, rider_id, driver_id, vehicle_id, origin_lat, origin_lng, origin_address, dest_lat, dest_lng, dest_address, status, distance_km, duration_minutes, price_estimated, price_final, requested_at, accepted_at, started_at, finished_at) VALUES (906, 25, 16, 16, 40.3850405, -3.72382605, 'Calle Marta Quiroga 73 Puerta 0 , Madrid', 40.44072761, -3.60298932, 'Camino Carmen Ortiz 9 Puerta 3 , Madrid', 'completed', 14.77, 32, 24.16, 26.21, '2026-04-25 18:51:52', '2026-04-25 18:56:41', '2026-04-25 19:03:08', '2026-04-25 19:35:08');
INSERT INTO OFFER (offer_id, trip_id, driver_id, status, sent_at, responded_at) VALUES (2695, 906, 16, 'accepted', '2026-04-25 18:51:56', '2026-04-25 18:56:41');
INSERT INTO OFFER (offer_id, trip_id, driver_id, status, sent_at, responded_at) VALUES (2696, 906, 49, 'expired', '2026-04-25 18:51:57', NULL);
INSERT INTO OFFER (offer_id, trip_id, driver_id, status, sent_at, responded_at) VALUES (2697, 906, 46, 'expired', '2026-04-25 18:51:53', NULL);
INSERT INTO OFFER (offer_id, trip_id, driver_id, status, sent_at, responded_at) VALUES (2698, 906, 24, 'expired', '2026-04-25 18:51:53', NULL);
INSERT INTO PAYMENT (payment_id, trip_id, amount, platform_fee, driver_earnings, method, status, paid_at) VALUES (753, 906, 26.21, 5.24, 20.97, 'card', 'completed', '2026-04-25 19:40:08');
INSERT INTO TRIP (trip_id, rider_id, driver_id, vehicle_id, origin_lat, origin_lng, origin_address, dest_lat, dest_lng, dest_address, status, distance_km, duration_minutes, price_estimated, price_final, requested_at, accepted_at, started_at, finished_at) VALUES (907, 99, 50, 50, 40.48670562, -3.71327067, 'Cañada de Magdalena Blanes 67, Madrid', 40.4241976, -3.62564696, 'C. de Adela Sanchez 71 Puerta 1 , Madrid', 'completed', 11.95, 28, 19.92, 19.1, '2026-04-25 18:52:55', '2026-04-25 18:56:51', '2026-04-25 19:04:24', '2026-04-25 19:32:24');
INSERT INTO OFFER (offer_id, trip_id, driver_id, status, sent_at, responded_at) VALUES (2699, 907, 50, 'accepted', '2026-04-25 18:52:59', '2026-04-25 18:56:51');
INSERT INTO OFFER (offer_id, trip_id, driver_id, status, sent_at, responded_at) VALUES (2700, 907, 36, 'rejected', '2026-04-25 18:52:58', '2026-04-25 18:53:17');
INSERT INTO OFFER (offer_id, trip_id, driver_id, status, sent_at, responded_at) VALUES (2701, 907, 42, 'expired', '2026-04-25 18:52:58', NULL);
INSERT INTO OFFER (offer_id, trip_id, driver_id, status, sent_at, responded_at) VALUES (2702, 907, 27, 'rejected', '2026-04-25 18:52:59', '2026-04-25 18:53:46');
INSERT INTO OFFER (offer_id, trip_id, driver_id, status, sent_at, responded_at) VALUES (2703, 907, 38, 'expired', '2026-04-25 18:52:58', NULL);
INSERT INTO PAYMENT (payment_id, trip_id, amount, platform_fee, driver_earnings, method, status, paid_at) VALUES (754, 907, 19.1, 3.82, 15.28, 'card', 'completed', '2026-04-25 19:32:24');
INSERT INTO TRIP (trip_id, rider_id, driver_id, vehicle_id, origin_lat, origin_lng, origin_address, dest_lat, dest_lng, dest_address, status, distance_km, duration_minutes, price_estimated, price_final, requested_at, accepted_at, started_at, finished_at) VALUES (908, 14, 28, 28, 40.44899625, -3.63249339, 'Alameda de Ruperto Canet 64 Apt. 73 , Madrid', 40.45399574, -3.7353062, 'Callejón Esperanza Benito 773 Apt. 89 , Madrid', 'completed', 11.43, 22, 19.14, 17.56, '2026-04-25 18:52:20', '2026-04-25 18:53:55', '2026-04-25 19:00:51', '2026-04-25 19:22:51');
INSERT INTO OFFER (offer_id, trip_id, driver_id, status, sent_at, responded_at) VALUES (2704, 908, 35, 'rejected', '2026-04-25 18:52:21', '2026-04-25 18:53:12');
INSERT INTO OFFER (offer_id, trip_id, driver_id, status, sent_at, responded_at) VALUES (2705, 908, 28, 'accepted', '2026-04-25 18:52:22', '2026-04-25 18:53:55');
INSERT INTO PAYMENT (payment_id, trip_id, amount, platform_fee, driver_earnings, method, status, paid_at) VALUES (755, 908, 17.56, 3.51, 14.05, 'wallet', 'pending', NULL);
INSERT INTO TRIP (trip_id, rider_id, driver_id, vehicle_id, origin_lat, origin_lng, origin_address, dest_lat, dest_lng, dest_address, status, distance_km, duration_minutes, price_estimated, price_final, requested_at, accepted_at, started_at, finished_at) VALUES (909, 73, 47, 47, 40.42892903, -3.69968378, 'Camino de Gracia Leiva 439 Piso 3 , Madrid', 40.42728003, -3.69500502, 'Ronda María Jesús Torralba 59 Apt. 44 , Madrid', 'completed', 0.55, 2, 2.83, 2.63, '2026-04-25 18:52:47', '2026-04-25 18:55:19', '2026-04-25 18:59:34', '2026-04-25 19:01:34');
INSERT INTO OFFER (offer_id, trip_id, driver_id, status, sent_at, responded_at) VALUES (2706, 909, 47, 'accepted', '2026-04-25 18:52:50', '2026-04-25 18:55:19');
INSERT INTO OFFER (offer_id, trip_id, driver_id, status, sent_at, responded_at) VALUES (2707, 909, 4, 'rejected', '2026-04-25 18:52:52', '2026-04-25 18:53:30');
INSERT INTO OFFER (offer_id, trip_id, driver_id, status, sent_at, responded_at) VALUES (2708, 909, 23, 'expired', '2026-04-25 18:52:50', NULL);
INSERT INTO PAYMENT (payment_id, trip_id, amount, platform_fee, driver_earnings, method, status, paid_at) VALUES (756, 909, 2.63, 0.53, 2.1, 'wallet', 'completed', '2026-04-25 19:06:34');
INSERT INTO TRIP (trip_id, rider_id, driver_id, vehicle_id, origin_lat, origin_lng, origin_address, dest_lat, dest_lng, dest_address, status, distance_km, duration_minutes, price_estimated, price_final, requested_at, accepted_at, started_at, finished_at) VALUES (910, 20, 11, 11, 40.40571466, -3.65719433, 'Callejón de Lucas Aramburu 6 Apt. 40 , Madrid', 40.39648229, -3.64543666, 'Pasadizo de Fito Pombo 40 Piso 7 , Madrid', 'completed', 1.66, 5, 4.49, 4.56, '2026-04-25 18:50:29', '2026-04-25 18:53:06', '2026-04-25 18:56:56', '2026-04-25 19:01:56');
INSERT INTO OFFER (offer_id, trip_id, driver_id, status, sent_at, responded_at) VALUES (2709, 910, 11, 'accepted', '2026-04-25 18:50:30', '2026-04-25 18:53:06');
INSERT INTO OFFER (offer_id, trip_id, driver_id, status, sent_at, responded_at) VALUES (2710, 910, 33, 'rejected', '2026-04-25 18:50:32', '2026-04-25 18:51:24');
INSERT INTO OFFER (offer_id, trip_id, driver_id, status, sent_at, responded_at) VALUES (2711, 910, 40, 'expired', '2026-04-25 18:50:30', NULL);
INSERT INTO OFFER (offer_id, trip_id, driver_id, status, sent_at, responded_at) VALUES (2712, 910, 27, 'expired', '2026-04-25 18:50:33', NULL);
INSERT INTO OFFER (offer_id, trip_id, driver_id, status, sent_at, responded_at) VALUES (2713, 910, 28, 'rejected', '2026-04-25 18:50:31', '2026-04-25 18:50:53');
INSERT INTO PAYMENT (payment_id, trip_id, amount, platform_fee, driver_earnings, method, status, paid_at) VALUES (757, 910, 4.56, 0.91, 3.65, 'cash', 'completed', '2026-04-25 19:04:56');

INSERT INTO TRIP (trip_id, rider_id, driver_id, vehicle_id, origin_lat, origin_lng, origin_address, dest_lat, dest_lng, dest_address, status, distance_km, duration_minutes, price_estimated, price_final, requested_at, accepted_at, started_at, finished_at) VALUES (911, 3, 22, 22, 40.38868141, -3.60297227, 'Rambla de Cecilia Guerra 3 Piso 2 , Madrid', 40.37536651, -3.63573276, 'Via Serafina Murillo 81 Apt. 08 , Madrid', 'completed', 3.93, 11, 7.9, 8.33, '2026-04-25 18:51:37', '2026-04-25 18:56:19', '2026-04-25 19:05:07', '2026-04-25 19:16:07');
INSERT INTO OFFER (offer_id, trip_id, driver_id, status, sent_at, responded_at) VALUES (2714, 911, 22, 'accepted', '2026-04-25 18:51:40', '2026-04-25 18:56:19');
INSERT INTO OFFER (offer_id, trip_id, driver_id, status, sent_at, responded_at) VALUES (2715, 911, 2, 'expired', '2026-04-25 18:51:41', NULL);
INSERT INTO PAYMENT (payment_id, trip_id, amount, platform_fee, driver_earnings, method, status, paid_at) VALUES (758, 911, 8.33, 1.67, 6.66, 'wallet', 'pending', NULL);
INSERT INTO TRIP (trip_id, rider_id, driver_id, vehicle_id, origin_lat, origin_lng, origin_address, dest_lat, dest_lng, dest_address, status, distance_km, duration_minutes, price_estimated, price_final, requested_at, accepted_at, started_at, finished_at) VALUES (912, 76, 7, 7, 40.49384442, -3.71595734, 'Cañada de Reynaldo Boada 792, Madrid', 40.45731775, -3.60607639, 'Acceso de Jose Francisco Diéguez 15, Madrid', 'completed', 12.85, 27, 21.27, 23.38, '2026-04-25 18:51:20', '2026-04-25 18:53:06', '2026-04-25 19:01:38', '2026-04-25 19:28:38');
INSERT INTO OFFER (offer_id, trip_id, driver_id, status, sent_at, responded_at) VALUES (2716, 912, 7, 'accepted', '2026-04-25 18:51:25', '2026-04-25 18:53:06');
INSERT INTO OFFER (offer_id, trip_id, driver_id, status, sent_at, responded_at) VALUES (2717, 912, 32, 'expired', '2026-04-25 18:51:23', NULL);
INSERT INTO OFFER (offer_id, trip_id, driver_id, status, sent_at, responded_at) VALUES (2718, 912, 49, 'expired', '2026-04-25 18:51:21', NULL);
INSERT INTO OFFER (offer_id, trip_id, driver_id, status, sent_at, responded_at) VALUES (2719, 912, 41, 'rejected', '2026-04-25 18:51:21', '2026-04-25 18:51:38');
INSERT INTO PAYMENT (payment_id, trip_id, amount, platform_fee, driver_earnings, method, status, paid_at) VALUES (759, 912, 23.38, 4.68, 18.7, 'cash', 'completed', '2026-04-25 19:32:38');
INSERT INTO TRIP (trip_id, rider_id, driver_id, vehicle_id, origin_lat, origin_lng, origin_address, dest_lat, dest_lng, dest_address, status, distance_km, duration_minutes, price_estimated, price_final, requested_at, accepted_at, started_at, finished_at) VALUES (913, 25, NULL, NULL, 40.36321393, -3.67311535, 'Rambla de Abilio Losa 8 Apt. 08 , Madrid', 40.45804711, -3.69535368, 'Cañada de Manuela Segarra 14, Madrid', 'cancelled', 10.81, NULL, 18.21, NULL, '2026-04-25 18:53:04', NULL, NULL, NULL);
INSERT INTO OFFER (offer_id, trip_id, driver_id, status, sent_at, responded_at) VALUES (2720, 913, 33, 'expired', '2026-04-25 18:53:06', NULL);
INSERT INTO OFFER (offer_id, trip_id, driver_id, status, sent_at, responded_at) VALUES (2721, 913, 2, 'expired', '2026-04-25 18:53:05', NULL);
INSERT INTO TRIP (trip_id, rider_id, driver_id, vehicle_id, origin_lat, origin_lng, origin_address, dest_lat, dest_lng, dest_address, status, distance_km, duration_minutes, price_estimated, price_final, requested_at, accepted_at, started_at, finished_at) VALUES (914, 49, 2, 2, 40.38827919, -3.70534086, 'Rambla de Reyes Trillo 7, Madrid', 40.46817672, -3.66877908, 'Cañada de Armando Valcárcel 39 Piso 0 , Madrid', 'completed', 9.75, 20, 16.62, 15.98, '2026-04-25 18:52:04', '2026-04-25 18:55:34', '2026-04-25 18:59:02', '2026-04-25 19:19:02');
INSERT INTO OFFER (offer_id, trip_id, driver_id, status, sent_at, responded_at) VALUES (2722, 914, 2, 'accepted', '2026-04-25 18:52:08', '2026-04-25 18:55:34');
INSERT INTO OFFER (offer_id, trip_id, driver_id, status, sent_at, responded_at) VALUES (2723, 914, 24, 'expired', '2026-04-25 18:52:05', NULL);
INSERT INTO OFFER (offer_id, trip_id, driver_id, status, sent_at, responded_at) VALUES (2724, 914, 33, 'expired', '2026-04-25 18:52:05', NULL);
INSERT INTO OFFER (offer_id, trip_id, driver_id, status, sent_at, responded_at) VALUES (2725, 914, 29, 'expired', '2026-04-25 18:52:07', NULL);
INSERT INTO OFFER (offer_id, trip_id, driver_id, status, sent_at, responded_at) VALUES (2726, 914, 50, 'expired', '2026-04-25 18:52:05', NULL);
INSERT INTO PAYMENT (payment_id, trip_id, amount, platform_fee, driver_earnings, method, status, paid_at) VALUES (760, 914, 15.98, 3.2, 12.78, 'cash', 'pending', NULL);
INSERT INTO TRIP (trip_id, rider_id, driver_id, vehicle_id, origin_lat, origin_lng, origin_address, dest_lat, dest_lng, dest_address, status, distance_km, duration_minutes, price_estimated, price_final, requested_at, accepted_at, started_at, finished_at) VALUES (915, 29, 17, 17, 40.40747279, -3.60054904, 'Vial de Benito Tejero 764, Madrid', 40.4387416, -3.68454425, 'Glorieta de Cayetana Pineda 780 Apt. 92 , Madrid', 'completed', 9.95, 17, 16.92, 16.52, '2026-04-25 18:52:16', '2026-04-25 18:56:41', '2026-04-25 19:00:21', '2026-04-25 19:17:21');
INSERT INTO OFFER (offer_id, trip_id, driver_id, status, sent_at, responded_at) VALUES (2727, 915, 17, 'accepted', '2026-04-25 18:52:18', '2026-04-25 18:56:41');
INSERT INTO OFFER (offer_id, trip_id, driver_id, status, sent_at, responded_at) VALUES (2728, 915, 1, 'rejected', '2026-04-25 18:52:18', '2026-04-25 18:53:05');
INSERT INTO PAYMENT (payment_id, trip_id, amount, platform_fee, driver_earnings, method, status, paid_at) VALUES (761, 915, 16.52, 3.3, 13.22, 'card', 'completed', '2026-04-25 19:17:21');
INSERT INTO TRIP (trip_id, rider_id, driver_id, vehicle_id, origin_lat, origin_lng, origin_address, dest_lat, dest_lng, dest_address, status, distance_km, duration_minutes, price_estimated, price_final, requested_at, accepted_at, started_at, finished_at) VALUES (916, 9, 43, 43, 40.48877649, -3.64929778, 'Pasadizo Marco Viana 39, Madrid', 40.49317785, -3.61925466, 'Cañada de Oriana Palau 12 Apt. 28 , Madrid', 'completed', 3.37, 10, 7.05, 7.26, '2026-04-25 18:52:52', '2026-04-25 18:57:33', '2026-04-25 19:01:58', '2026-04-25 19:11:58');
INSERT INTO OFFER (offer_id, trip_id, driver_id, status, sent_at, responded_at) VALUES (2729, 916, 43, 'accepted', '2026-04-25 18:52:53', '2026-04-25 18:57:33');
INSERT INTO OFFER (offer_id, trip_id, driver_id, status, sent_at, responded_at) VALUES (2730, 916, 30, 'rejected', '2026-04-25 18:52:53', '2026-04-25 18:53:40');
INSERT INTO OFFER (offer_id, trip_id, driver_id, status, sent_at, responded_at) VALUES (2731, 916, 14, 'rejected', '2026-04-25 18:52:53', '2026-04-25 18:53:52');
INSERT INTO PAYMENT (payment_id, trip_id, amount, platform_fee, driver_earnings, method, status, paid_at) VALUES (762, 916, 7.26, 1.45, 5.81, 'card', 'pending', NULL);
INSERT INTO TRIP (trip_id, rider_id, driver_id, vehicle_id, origin_lat, origin_lng, origin_address, dest_lat, dest_lng, dest_address, status, distance_km, duration_minutes, price_estimated, price_final, requested_at, accepted_at, started_at, finished_at) VALUES (917, 8, 15, 15, 40.35020764, -3.6202505, 'Camino Adoración Villanueva 43, Madrid', 40.35683606, -3.6041757, 'Urbanización Marcelino Benítez 97, Madrid', 'completed', 1.93, 1, 4.89, 4.5, '2026-04-25 18:51:49', '2026-04-25 18:53:03', '2026-04-25 19:01:53', '2026-04-25 19:02:53');
INSERT INTO OFFER (offer_id, trip_id, driver_id, status, sent_at, responded_at) VALUES (2732, 917, 15, 'accepted', '2026-04-25 18:51:54', '2026-04-25 18:53:03');
INSERT INTO OFFER (offer_id, trip_id, driver_id, status, sent_at, responded_at) VALUES (2733, 917, 41, 'expired', '2026-04-25 18:51:51', NULL);
INSERT INTO PAYMENT (payment_id, trip_id, amount, platform_fee, driver_earnings, method, status, paid_at) VALUES (763, 917, 4.5, 0.9, 3.6, 'card', 'completed', '2026-04-25 19:04:53');
INSERT INTO TRIP (trip_id, rider_id, driver_id, vehicle_id, origin_lat, origin_lng, origin_address, dest_lat, dest_lng, dest_address, status, distance_km, duration_minutes, price_estimated, price_final, requested_at, accepted_at, started_at, finished_at) VALUES (918, 83, 28, 28, 40.47553412, -3.63134613, 'Acceso de Calixto Garriga 42 Piso 9 , Madrid', 40.39141799, -3.60009437, 'Cuesta Javiera Sáez 2, Madrid', 'completed', 9.96, 23, 16.94, 16.82, '2026-04-25 18:50:54', '2026-04-25 18:54:43', '2026-04-25 19:02:25', '2026-04-25 19:25:25');
INSERT INTO OFFER (offer_id, trip_id, driver_id, status, sent_at, responded_at) VALUES (2734, 918, 28, 'accepted', '2026-04-25 18:50:59', '2026-04-25 18:54:43');
INSERT INTO PAYMENT (payment_id, trip_id, amount, platform_fee, driver_earnings, method, status, paid_at) VALUES (764, 918, 16.82, 3.36, 13.46, 'wallet', 'pending', NULL);
INSERT INTO TRIP (trip_id, rider_id, driver_id, vehicle_id, origin_lat, origin_lng, origin_address, dest_lat, dest_lng, dest_address, status, distance_km, duration_minutes, price_estimated, price_final, requested_at, accepted_at, started_at, finished_at) VALUES (919, 25, 37, 37, 40.46717709, -3.61354374, 'Plaza de Azahar Abellán 95 Apt. 83 , Madrid', 40.39554883, -3.65319886, 'Cuesta de Amador Vidal 111, Madrid', 'completed', 9.09, 21, 15.63, 14.31, '2026-04-25 18:53:10', '2026-04-25 18:57:35', '2026-04-25 19:05:38', '2026-04-25 19:26:38');
INSERT INTO OFFER (offer_id, trip_id, driver_id, status, sent_at, responded_at) VALUES (2735, 919, 37, 'accepted', '2026-04-25 18:53:11', '2026-04-25 18:57:35');
INSERT INTO OFFER (offer_id, trip_id, driver_id, status, sent_at, responded_at) VALUES (2736, 919, 25, 'expired', '2026-04-25 18:53:14', NULL);
INSERT INTO PAYMENT (payment_id, trip_id, amount, platform_fee, driver_earnings, method, status, paid_at) VALUES (765, 919, 14.31, 2.86, 11.45, 'cash', 'completed', '2026-04-25 19:26:38');
INSERT INTO TRIP (trip_id, rider_id, driver_id, vehicle_id, origin_lat, origin_lng, origin_address, dest_lat, dest_lng, dest_address, status, distance_km, duration_minutes, price_estimated, price_final, requested_at, accepted_at, started_at, finished_at) VALUES (920, 53, 20, 20, 40.46967861, -3.62246262, 'Acceso de Natanael Fonseca 28 Apt. 57 , Madrid', 40.39787997, -3.67764335, 'Cañada de Galo Otero 81, Madrid', 'cancelled', 10.05, NULL, 17.08, NULL, '2026-04-25 18:52:15', '2026-04-25 18:55:26', NULL, NULL);
INSERT INTO OFFER (offer_id, trip_id, driver_id, status, sent_at, responded_at) VALUES (2737, 920, 20, 'accepted', '2026-04-25 18:52:19', '2026-04-25 18:55:26');
INSERT INTO OFFER (offer_id, trip_id, driver_id, status, sent_at, responded_at) VALUES (2738, 920, 6, 'rejected', '2026-04-25 18:52:18', '2026-04-25 18:52:33');
INSERT INTO OFFER (offer_id, trip_id, driver_id, status, sent_at, responded_at) VALUES (2739, 920, 21, 'rejected', '2026-04-25 18:52:18', '2026-04-25 18:52:36');
INSERT INTO OFFER (offer_id, trip_id, driver_id, status, sent_at, responded_at) VALUES (2740, 920, 13, 'expired', '2026-04-25 18:52:20', NULL);
INSERT INTO OFFER (offer_id, trip_id, driver_id, status, sent_at, responded_at) VALUES (2741, 920, 23, 'rejected', '2026-04-25 18:52:18', '2026-04-25 18:53:11');

INSERT INTO TRIP (trip_id, rider_id, driver_id, vehicle_id, origin_lat, origin_lng, origin_address, dest_lat, dest_lng, dest_address, status, distance_km, duration_minutes, price_estimated, price_final, requested_at, accepted_at, started_at, finished_at) VALUES (921, 31, 49, 49, 40.42447293, -3.72670252, 'Vial de Ovidio Perez 1, Madrid', 40.49238445, -3.72444756, 'Alameda Mauricio Muro 1, Madrid', 'completed', 7.54, 15, 13.31, 14.2, '2026-04-25 18:52:34', '2026-04-25 18:57:14', '2026-04-25 19:00:55', '2026-04-25 19:15:55');
INSERT INTO OFFER (offer_id, trip_id, driver_id, status, sent_at, responded_at) VALUES (2742, 921, 49, 'accepted', '2026-04-25 18:52:35', '2026-04-25 18:57:14');
INSERT INTO OFFER (offer_id, trip_id, driver_id, status, sent_at, responded_at) VALUES (2743, 921, 21, 'rejected', '2026-04-25 18:52:35', '2026-04-25 18:53:32');
INSERT INTO PAYMENT (payment_id, trip_id, amount, platform_fee, driver_earnings, method, status, paid_at) VALUES (766, 921, 14.2, 2.84, 11.36, 'card', 'completed', '2026-04-25 19:19:55');
INSERT INTO TRIP (trip_id, rider_id, driver_id, vehicle_id, origin_lat, origin_lng, origin_address, dest_lat, dest_lng, dest_address, status, distance_km, duration_minutes, price_estimated, price_final, requested_at, accepted_at, started_at, finished_at) VALUES (922, 50, 18, 18, 40.3944711, -3.74512822, 'Camino Marcelino Posada 49, Madrid', 40.48173567, -3.69782487, 'Via de Jovita Llorens 932, Madrid', 'completed', 11.02, 23, 18.53, 19.09, '2026-04-25 18:52:34', '2026-04-25 18:55:05', '2026-04-25 18:57:15', '2026-04-25 19:20:15');
INSERT INTO OFFER (offer_id, trip_id, driver_id, status, sent_at, responded_at) VALUES (2744, 922, 18, 'accepted', '2026-04-25 18:52:35', '2026-04-25 18:55:05');
INSERT INTO OFFER (offer_id, trip_id, driver_id, status, sent_at, responded_at) VALUES (2745, 922, 9, 'expired', '2026-04-25 18:52:35', NULL);
INSERT INTO PAYMENT (payment_id, trip_id, amount, platform_fee, driver_earnings, method, status, paid_at) VALUES (767, 922, 19.09, 3.82, 15.27, 'wallet', 'completed', '2026-04-25 19:25:15');
INSERT INTO TRIP (trip_id, rider_id, driver_id, vehicle_id, origin_lat, origin_lng, origin_address, dest_lat, dest_lng, dest_address, status, distance_km, duration_minutes, price_estimated, price_final, requested_at, accepted_at, started_at, finished_at) VALUES (923, 97, NULL, NULL, 40.47856318, -3.65731122, 'Vial Matilde Sarmiento 578 Puerta 6 , Madrid', 40.36558442, -3.65794048, 'Camino Delia Carreño 882, Madrid', 'requested', 12.54, NULL, 20.81, NULL, '2026-04-25 18:51:29', NULL, NULL, NULL);
INSERT INTO OFFER (offer_id, trip_id, driver_id, status, sent_at, responded_at) VALUES (2746, 923, 8, 'rejected', '2026-04-25 18:51:34', '2026-04-25 18:52:01');
INSERT INTO TRIP (trip_id, rider_id, driver_id, vehicle_id, origin_lat, origin_lng, origin_address, dest_lat, dest_lng, dest_address, status, distance_km, duration_minutes, price_estimated, price_final, requested_at, accepted_at, started_at, finished_at) VALUES (924, 15, 26, 26, 40.40799338, -3.61301684, 'Camino Amador Cepeda 12, Madrid', 40.39964704, -3.74380632, 'Via Evelia Tirado 22, Madrid', 'completed', 14.55, 34, 23.83, 25.05, '2026-04-25 18:52:05', '2026-04-25 18:55:46', '2026-04-25 19:02:45', '2026-04-25 19:36:45');
INSERT INTO OFFER (offer_id, trip_id, driver_id, status, sent_at, responded_at) VALUES (2747, 924, 26, 'accepted', '2026-04-25 18:52:06', '2026-04-25 18:55:46');
INSERT INTO OFFER (offer_id, trip_id, driver_id, status, sent_at, responded_at) VALUES (2748, 924, 22, 'expired', '2026-04-25 18:52:06', NULL);
INSERT INTO OFFER (offer_id, trip_id, driver_id, status, sent_at, responded_at) VALUES (2749, 924, 33, 'rejected', '2026-04-25 18:52:09', '2026-04-25 18:52:37');
INSERT INTO PAYMENT (payment_id, trip_id, amount, platform_fee, driver_earnings, method, status, paid_at) VALUES (768, 924, 25.05, 5.01, 20.04, 'cash', 'completed', '2026-04-25 19:36:45');
INSERT INTO TRIP (trip_id, rider_id, driver_id, vehicle_id, origin_lat, origin_lng, origin_address, dest_lat, dest_lng, dest_address, status, distance_km, duration_minutes, price_estimated, price_final, requested_at, accepted_at, started_at, finished_at) VALUES (925, 63, 35, 35, 40.37176665, -3.65471803, 'Vial de Felix Pomares 34 Piso 8 , Madrid', 40.46727, -3.62280366, 'Alameda Ana Belén Jáuregui 49 Puerta 9 , Madrid', 'completed', 11.18, 27, 18.77, 17.13, '2026-04-25 18:51:15', '2026-04-25 18:55:09', '2026-04-25 18:57:36', '2026-04-25 19:24:36');
INSERT INTO OFFER (offer_id, trip_id, driver_id, status, sent_at, responded_at) VALUES (2750, 925, 35, 'accepted', '2026-04-25 18:51:18', '2026-04-25 18:55:09');
INSERT INTO OFFER (offer_id, trip_id, driver_id, status, sent_at, responded_at) VALUES (2751, 925, 27, 'rejected', '2026-04-25 18:51:16', '2026-04-25 18:51:42');
INSERT INTO OFFER (offer_id, trip_id, driver_id, status, sent_at, responded_at) VALUES (2752, 925, 30, 'rejected', '2026-04-25 18:51:17', '2026-04-25 18:51:56');
INSERT INTO OFFER (offer_id, trip_id, driver_id, status, sent_at, responded_at) VALUES (2753, 925, 34, 'expired', '2026-04-25 18:51:19', NULL);
INSERT INTO PAYMENT (payment_id, trip_id, amount, platform_fee, driver_earnings, method, status, paid_at) VALUES (769, 925, 17.13, 3.43, 13.7, 'card', 'completed', '2026-04-25 19:27:36');
INSERT INTO TRIP (trip_id, rider_id, driver_id, vehicle_id, origin_lat, origin_lng, origin_address, dest_lat, dest_lng, dest_address, status, distance_km, duration_minutes, price_estimated, price_final, requested_at, accepted_at, started_at, finished_at) VALUES (926, 58, 3, 3, 40.47284625, -3.63222364, 'Camino Alejandra Peral 48, Madrid', 40.47262715, -3.71151564, 'Acceso de Juliana Lledó 51 Piso 6 , Madrid', 'cancelled', 8.8, NULL, 15.2, NULL, '2026-04-25 18:52:44', '2026-04-25 18:56:14', NULL, NULL);
INSERT INTO OFFER (offer_id, trip_id, driver_id, status, sent_at, responded_at) VALUES (2754, 926, 3, 'accepted', '2026-04-25 18:52:46', '2026-04-25 18:56:14');
INSERT INTO OFFER (offer_id, trip_id, driver_id, status, sent_at, responded_at) VALUES (2755, 926, 33, 'expired', '2026-04-25 18:52:47', NULL);
INSERT INTO OFFER (offer_id, trip_id, driver_id, status, sent_at, responded_at) VALUES (2756, 926, 9, 'rejected', '2026-04-25 18:52:46', '2026-04-25 18:53:31');
INSERT INTO OFFER (offer_id, trip_id, driver_id, status, sent_at, responded_at) VALUES (2757, 926, 6, 'rejected', '2026-04-25 18:52:45', '2026-04-25 18:53:31');
INSERT INTO TRIP (trip_id, rider_id, driver_id, vehicle_id, origin_lat, origin_lng, origin_address, dest_lat, dest_lng, dest_address, status, distance_km, duration_minutes, price_estimated, price_final, requested_at, accepted_at, started_at, finished_at) VALUES (927, 73, 48, 48, 40.38437916, -3.73037814, 'Vial de Leticia Caro 20, Madrid', 40.49887091, -3.70429936, 'Ronda de Aureliano Pina 79, Madrid', 'completed', 13.03, 28, 21.54, 20.67, '2026-04-25 18:50:17', '2026-04-25 18:55:01', '2026-04-25 19:02:47', '2026-04-25 19:30:47');
INSERT INTO OFFER (offer_id, trip_id, driver_id, status, sent_at, responded_at) VALUES (2758, 927, 48, 'accepted', '2026-04-25 18:50:21', '2026-04-25 18:55:01');
INSERT INTO OFFER (offer_id, trip_id, driver_id, status, sent_at, responded_at) VALUES (2759, 927, 34, 'expired', '2026-04-25 18:50:21', NULL);
INSERT INTO PAYMENT (payment_id, trip_id, amount, platform_fee, driver_earnings, method, status, paid_at) VALUES (770, 927, 20.67, 4.13, 16.54, 'wallet', 'completed', '2026-04-25 19:32:47');
INSERT INTO TRIP (trip_id, rider_id, driver_id, vehicle_id, origin_lat, origin_lng, origin_address, dest_lat, dest_lng, dest_address, status, distance_km, duration_minutes, price_estimated, price_final, requested_at, accepted_at, started_at, finished_at) VALUES (928, 87, 50, 50, 40.41221763, -3.72485257, 'Rambla Cebrián Talavera 86 Puerta 4 , Madrid', 40.47316124, -3.64745637, 'Cañada de Gaspar Recio 41 Puerta 0 , Madrid', 'completed', 10.93, 21, 18.39, 18.53, '2026-04-25 18:51:32', '2026-04-25 18:55:30', '2026-04-25 18:58:09', '2026-04-25 19:19:09');
INSERT INTO OFFER (offer_id, trip_id, driver_id, status, sent_at, responded_at) VALUES (2760, 928, 50, 'accepted', '2026-04-25 18:51:35', '2026-04-25 18:55:30');
INSERT INTO OFFER (offer_id, trip_id, driver_id, status, sent_at, responded_at) VALUES (2761, 928, 18, 'expired', '2026-04-25 18:51:37', NULL);
INSERT INTO OFFER (offer_id, trip_id, driver_id, status, sent_at, responded_at) VALUES (2762, 928, 25, 'expired', '2026-04-25 18:51:37', NULL);
INSERT INTO PAYMENT (payment_id, trip_id, amount, platform_fee, driver_earnings, method, status, paid_at) VALUES (771, 928, 18.53, 3.71, 14.82, 'card', 'pending', NULL);
INSERT INTO TRIP (trip_id, rider_id, driver_id, vehicle_id, origin_lat, origin_lng, origin_address, dest_lat, dest_lng, dest_address, status, distance_km, duration_minutes, price_estimated, price_final, requested_at, accepted_at, started_at, finished_at) VALUES (929, 93, 45, 45, 40.44141417, -3.63265824, 'Pasadizo de Claudia Pera 33, Madrid', 40.49168804, -3.61237281, 'Ronda de Teodoro Contreras 4, Madrid', 'completed', 6.02, 11, 11.03, 11.15, '2026-04-25 18:52:11', '2026-04-25 18:56:54', '2026-04-25 19:04:06', '2026-04-25 19:15:06');
INSERT INTO OFFER (offer_id, trip_id, driver_id, status, sent_at, responded_at) VALUES (2763, 929, 45, 'accepted', '2026-04-25 18:52:16', '2026-04-25 18:56:54');
INSERT INTO OFFER (offer_id, trip_id, driver_id, status, sent_at, responded_at) VALUES (2764, 929, 33, 'rejected', '2026-04-25 18:52:13', '2026-04-25 18:52:58');
INSERT INTO OFFER (offer_id, trip_id, driver_id, status, sent_at, responded_at) VALUES (2765, 929, 24, 'expired', '2026-04-25 18:52:14', NULL);
INSERT INTO PAYMENT (payment_id, trip_id, amount, platform_fee, driver_earnings, method, status, paid_at) VALUES (772, 929, 11.15, 2.23, 8.92, 'wallet', 'completed', '2026-04-25 19:16:06');
INSERT INTO TRIP (trip_id, rider_id, driver_id, vehicle_id, origin_lat, origin_lng, origin_address, dest_lat, dest_lng, dest_address, status, distance_km, duration_minutes, price_estimated, price_final, requested_at, accepted_at, started_at, finished_at) VALUES (930, 46, 36, 36, 40.47726607, -3.67851298, 'Ronda Adalberto Jaume 92, Madrid', 40.40761983, -3.60045332, 'Calle de Rufino Pagès 36 Apt. 67 , Madrid', 'completed', 11.61, 27, 19.41, 20.61, '2026-04-25 18:50:14', '2026-04-25 18:54:26', '2026-04-25 18:57:12', '2026-04-25 19:24:12');
INSERT INTO OFFER (offer_id, trip_id, driver_id, status, sent_at, responded_at) VALUES (2766, 930, 36, 'accepted', '2026-04-25 18:50:19', '2026-04-25 18:54:26');
INSERT INTO OFFER (offer_id, trip_id, driver_id, status, sent_at, responded_at) VALUES (2767, 930, 12, 'rejected', '2026-04-25 18:50:16', '2026-04-25 18:50:49');
INSERT INTO OFFER (offer_id, trip_id, driver_id, status, sent_at, responded_at) VALUES (2768, 930, 31, 'rejected', '2026-04-25 18:50:17', '2026-04-25 18:50:31');
INSERT INTO OFFER (offer_id, trip_id, driver_id, status, sent_at, responded_at) VALUES (2769, 930, 28, 'expired', '2026-04-25 18:50:15', NULL);
INSERT INTO OFFER (offer_id, trip_id, driver_id, status, sent_at, responded_at) VALUES (2770, 930, 15, 'expired', '2026-04-25 18:50:15', NULL);
INSERT INTO PAYMENT (payment_id, trip_id, amount, platform_fee, driver_earnings, method, status, paid_at) VALUES (773, 930, 20.61, 4.12, 16.49, 'card', 'completed', '2026-04-25 19:29:12');

INSERT INTO TRIP (trip_id, rider_id, driver_id, vehicle_id, origin_lat, origin_lng, origin_address, dest_lat, dest_lng, dest_address, status, distance_km, duration_minutes, price_estimated, price_final, requested_at, accepted_at, started_at, finished_at) VALUES (931, 100, 38, 38, 40.48577873, -3.6277857, 'Acceso de Curro Mendoza 3 Puerta 7 , Madrid', 40.47483164, -3.71889722, 'Glorieta de Encarnita Lerma 66, Madrid', 'completed', 10.19, 21, 17.29, 16.51, '2026-04-25 18:53:02', '2026-04-25 18:55:26', '2026-04-25 19:04:14', '2026-04-25 19:25:14');
INSERT INTO OFFER (offer_id, trip_id, driver_id, status, sent_at, responded_at) VALUES (2771, 931, 38, 'accepted', '2026-04-25 18:53:06', '2026-04-25 18:55:26');
INSERT INTO PAYMENT (payment_id, trip_id, amount, platform_fee, driver_earnings, method, status, paid_at) VALUES (774, 931, 16.51, 3.3, 13.21, 'cash', 'pending', NULL);
INSERT INTO TRIP (trip_id, rider_id, driver_id, vehicle_id, origin_lat, origin_lng, origin_address, dest_lat, dest_lng, dest_address, status, distance_km, duration_minutes, price_estimated, price_final, requested_at, accepted_at, started_at, finished_at) VALUES (932, 27, 14, 14, 40.48838176, -3.68785964, 'Callejón Adelaida Menéndez 10, Madrid', 40.49770135, -3.71830123, 'C. María Jesús Rivera 76 Puerta 3 , Madrid', 'cancelled', 3.53, NULL, 7.29, NULL, '2026-04-25 18:51:57', '2026-04-25 18:54:13', NULL, NULL);
INSERT INTO OFFER (offer_id, trip_id, driver_id, status, sent_at, responded_at) VALUES (2772, 932, 14, 'accepted', '2026-04-25 18:52:02', '2026-04-25 18:54:13');
INSERT INTO OFFER (offer_id, trip_id, driver_id, status, sent_at, responded_at) VALUES (2773, 932, 5, 'rejected', '2026-04-25 18:52:00', '2026-04-25 18:52:24');
INSERT INTO TRIP (trip_id, rider_id, driver_id, vehicle_id, origin_lat, origin_lng, origin_address, dest_lat, dest_lng, dest_address, status, distance_km, duration_minutes, price_estimated, price_final, requested_at, accepted_at, started_at, finished_at) VALUES (933, 14, 18, 18, 40.44911198, -3.73932398, 'Cuesta de Marcio Busquets 51 Puerta 2 , Madrid', 40.47748322, -3.71176681, 'Urbanización de Enrique Rios 97, Madrid', 'completed', 4.39, 10, 8.58, 8.77, '2026-04-25 18:52:06', '2026-04-25 18:54:26', '2026-04-25 19:02:24', '2026-04-25 19:12:24');
INSERT INTO OFFER (offer_id, trip_id, driver_id, status, sent_at, responded_at) VALUES (2774, 933, 18, 'accepted', '2026-04-25 18:52:08', '2026-04-25 18:54:26');
INSERT INTO PAYMENT (payment_id, trip_id, amount, platform_fee, driver_earnings, method, status, paid_at) VALUES (775, 933, 8.77, 1.75, 7.02, 'cash', 'completed', '2026-04-25 19:15:24');
INSERT INTO TRIP (trip_id, rider_id, driver_id, vehicle_id, origin_lat, origin_lng, origin_address, dest_lat, dest_lng, dest_address, status, distance_km, duration_minutes, price_estimated, price_final, requested_at, accepted_at, started_at, finished_at) VALUES (934, 93, NULL, NULL, 40.44509801, -3.69855504, 'Pasadizo Consuela Jaén 14, Madrid', 40.4993399, -3.6881707, 'Callejón de Ana Sofía Vilar 2 Piso 0 , Madrid', 'cancelled', 6.13, NULL, 11.2, NULL, '2026-04-25 18:51:33', NULL, NULL, NULL);
INSERT INTO OFFER (offer_id, trip_id, driver_id, status, sent_at, responded_at) VALUES (2775, 934, 34, 'expired', '2026-04-25 18:51:34', NULL);
INSERT INTO TRIP (trip_id, rider_id, driver_id, vehicle_id, origin_lat, origin_lng, origin_address, dest_lat, dest_lng, dest_address, status, distance_km, duration_minutes, price_estimated, price_final, requested_at, accepted_at, started_at, finished_at) VALUES (935, 25, 24, 24, 40.49797699, -3.67812611, 'Alameda Casandra Salinas 8, Madrid', 40.39273653, -3.70979916, 'Pasaje de Ximena Serra 90 Puerta 1 , Madrid', 'completed', 12.2, 22, 20.3, 20.75, '2026-04-25 18:51:21', '2026-04-25 18:55:06', '2026-04-25 19:03:18', '2026-04-25 19:25:18');
INSERT INTO OFFER (offer_id, trip_id, driver_id, status, sent_at, responded_at) VALUES (2776, 935, 24, 'accepted', '2026-04-25 18:51:25', '2026-04-25 18:55:06');
INSERT INTO OFFER (offer_id, trip_id, driver_id, status, sent_at, responded_at) VALUES (2777, 935, 13, 'expired', '2026-04-25 18:51:25', NULL);
INSERT INTO OFFER (offer_id, trip_id, driver_id, status, sent_at, responded_at) VALUES (2778, 935, 49, 'expired', '2026-04-25 18:51:25', NULL);
INSERT INTO PAYMENT (payment_id, trip_id, amount, platform_fee, driver_earnings, method, status, paid_at) VALUES (776, 935, 20.75, 4.15, 16.6, 'wallet', 'pending', NULL);
INSERT INTO TRIP (trip_id, rider_id, driver_id, vehicle_id, origin_lat, origin_lng, origin_address, dest_lat, dest_lng, dest_address, status, distance_km, duration_minutes, price_estimated, price_final, requested_at, accepted_at, started_at, finished_at) VALUES (936, 93, 16, 16, 40.40503226, -3.63288287, 'Callejón de Wálter Estévez 47 Piso 2 , Madrid', 40.39227131, -3.70454722, 'Vial de María Pilar Alcántara 27, Madrid', 'completed', 8.08, 20, 14.12, 14.57, '2026-04-25 18:50:39', '2026-04-25 18:52:23', '2026-04-25 18:58:11', '2026-04-25 19:18:11');
INSERT INTO OFFER (offer_id, trip_id, driver_id, status, sent_at, responded_at) VALUES (2779, 936, 16, 'accepted', '2026-04-25 18:50:42', '2026-04-25 18:52:23');
INSERT INTO OFFER (offer_id, trip_id, driver_id, status, sent_at, responded_at) VALUES (2780, 936, 13, 'rejected', '2026-04-25 18:50:41', '2026-04-25 18:51:10');
INSERT INTO OFFER (offer_id, trip_id, driver_id, status, sent_at, responded_at) VALUES (2781, 936, 46, 'expired', '2026-04-25 18:50:40', NULL);
INSERT INTO OFFER (offer_id, trip_id, driver_id, status, sent_at, responded_at) VALUES (2782, 936, 4, 'expired', '2026-04-25 18:50:41', NULL);
INSERT INTO PAYMENT (payment_id, trip_id, amount, platform_fee, driver_earnings, method, status, paid_at) VALUES (777, 936, 14.57, 2.91, 11.66, 'wallet', 'completed', '2026-04-25 19:20:11');
INSERT INTO TRIP (trip_id, rider_id, driver_id, vehicle_id, origin_lat, origin_lng, origin_address, dest_lat, dest_lng, dest_address, status, distance_km, duration_minutes, price_estimated, price_final, requested_at, accepted_at, started_at, finished_at) VALUES (937, 71, 28, 28, 40.40089013, -3.71396288, 'Glorieta de María Teresa Milla 43 Puerta 5 , Madrid', 40.35503601, -3.60392155, 'Pasadizo de Felisa Melero 49, Madrid', 'completed', 13.23, 29, 21.84, 21.09, '2026-04-25 18:51:56', '2026-04-25 18:53:18', '2026-04-25 18:58:21', '2026-04-25 19:27:21');
INSERT INTO OFFER (offer_id, trip_id, driver_id, status, sent_at, responded_at) VALUES (2783, 937, 28, 'accepted', '2026-04-25 18:51:57', '2026-04-25 18:53:18');
INSERT INTO OFFER (offer_id, trip_id, driver_id, status, sent_at, responded_at) VALUES (2784, 937, 45, 'expired', '2026-04-25 18:52:01', NULL);
INSERT INTO OFFER (offer_id, trip_id, driver_id, status, sent_at, responded_at) VALUES (2785, 937, 6, 'expired', '2026-04-25 18:52:00', NULL);
INSERT INTO OFFER (offer_id, trip_id, driver_id, status, sent_at, responded_at) VALUES (2786, 937, 19, 'rejected', '2026-04-25 18:51:57', '2026-04-25 18:52:37');
INSERT INTO PAYMENT (payment_id, trip_id, amount, platform_fee, driver_earnings, method, status, paid_at) VALUES (778, 937, 21.09, 4.22, 16.87, 'card', 'completed', '2026-04-25 19:31:21');
INSERT INTO TRIP (trip_id, rider_id, driver_id, vehicle_id, origin_lat, origin_lng, origin_address, dest_lat, dest_lng, dest_address, status, distance_km, duration_minutes, price_estimated, price_final, requested_at, accepted_at, started_at, finished_at) VALUES (938, 55, 21, 21, 40.46040755, -3.63404661, 'Callejón Melchor Méndez 95 Apt. 98 , Madrid', 40.47400088, -3.64159644, 'Pasadizo Cleto Carmona 60 Piso 2 , Madrid', 'completed', 1.73, 4, 4.59, 4.73, '2026-04-25 18:51:13', '2026-04-25 18:54:08', '2026-04-25 18:58:45', '2026-04-25 19:02:45');
INSERT INTO OFFER (offer_id, trip_id, driver_id, status, sent_at, responded_at) VALUES (2787, 938, 21, 'accepted', '2026-04-25 18:51:15', '2026-04-25 18:54:08');
INSERT INTO OFFER (offer_id, trip_id, driver_id, status, sent_at, responded_at) VALUES (2788, 938, 22, 'rejected', '2026-04-25 18:51:16', '2026-04-25 18:51:52');
INSERT INTO PAYMENT (payment_id, trip_id, amount, platform_fee, driver_earnings, method, status, paid_at) VALUES (779, 938, 4.73, 0.95, 3.78, 'card', 'completed', '2026-04-25 19:02:45');
INSERT INTO TRIP (trip_id, rider_id, driver_id, vehicle_id, origin_lat, origin_lng, origin_address, dest_lat, dest_lng, dest_address, status, distance_km, duration_minutes, price_estimated, price_final, requested_at, accepted_at, started_at, finished_at) VALUES (939, 98, 34, 34, 40.3557064, -3.69630846, 'Avenida de Roberto Coll 31, Madrid', 40.35581062, -3.68542428, 'Cañada de Edelmiro Oller 92, Madrid', 'completed', 1.21, 3, 3.81, 3.92, '2026-04-25 18:52:59', '2026-04-25 18:55:13', '2026-04-25 18:57:31', '2026-04-25 19:00:31');
INSERT INTO OFFER (offer_id, trip_id, driver_id, status, sent_at, responded_at) VALUES (2789, 939, 34, 'accepted', '2026-04-25 18:53:00', '2026-04-25 18:55:13');
INSERT INTO PAYMENT (payment_id, trip_id, amount, platform_fee, driver_earnings, method, status, paid_at) VALUES (780, 939, 3.92, 0.78, 3.14, 'card', 'pending', NULL);
INSERT INTO TRIP (trip_id, rider_id, driver_id, vehicle_id, origin_lat, origin_lng, origin_address, dest_lat, dest_lng, dest_address, status, distance_km, duration_minutes, price_estimated, price_final, requested_at, accepted_at, started_at, finished_at) VALUES (940, 78, 21, 21, 40.41942346, -3.63474971, 'Calle de Raimundo Juárez 8, Madrid', 40.4388843, -3.7176948, 'C. Gilberto Suárez 69, Madrid', 'completed', 9.46, 22, 16.19, 17.6, '2026-04-25 18:52:19', '2026-04-25 18:56:29', '2026-04-25 19:04:32', '2026-04-25 19:26:32');
INSERT INTO OFFER (offer_id, trip_id, driver_id, status, sent_at, responded_at) VALUES (2790, 940, 21, 'accepted', '2026-04-25 18:52:23', '2026-04-25 18:56:29');
INSERT INTO PAYMENT (payment_id, trip_id, amount, platform_fee, driver_earnings, method, status, paid_at) VALUES (781, 940, 17.6, 3.52, 14.08, 'card', 'pending', NULL);

INSERT INTO TRIP (trip_id, rider_id, driver_id, vehicle_id, origin_lat, origin_lng, origin_address, dest_lat, dest_lng, dest_address, status, distance_km, duration_minutes, price_estimated, price_final, requested_at, accepted_at, started_at, finished_at) VALUES (941, 35, 3, 3, 40.40565222, -3.6374739, 'Alameda Marisol Corbacho 7 Puerta 8 , Madrid', 40.45635947, -3.70690438, 'Paseo de Violeta Barbero 44 Piso 7 , Madrid', 'completed', 9.54, 17, 16.31, 16.18, '2026-04-25 18:50:18', '2026-04-25 18:52:42', '2026-04-25 18:57:10', '2026-04-25 19:14:10');
INSERT INTO OFFER (offer_id, trip_id, driver_id, status, sent_at, responded_at) VALUES (2791, 941, 3, 'accepted', '2026-04-25 18:50:22', '2026-04-25 18:52:42');
INSERT INTO PAYMENT (payment_id, trip_id, amount, platform_fee, driver_earnings, method, status, paid_at) VALUES (782, 941, 16.18, 3.24, 12.94, 'cash', 'completed', '2026-04-25 19:18:10');
INSERT INTO TRIP (trip_id, rider_id, driver_id, vehicle_id, origin_lat, origin_lng, origin_address, dest_lat, dest_lng, dest_address, status, distance_km, duration_minutes, price_estimated, price_final, requested_at, accepted_at, started_at, finished_at) VALUES (942, 99, 30, 30, 40.37890657, -3.61944353, 'Rambla Marino Higueras 2, Madrid', 40.45114222, -3.66591338, 'Pasaje de Paola Artigas 742 Piso 5 , Madrid', 'completed', 9.53, 23, 16.29, 15.95, '2026-04-25 18:51:35', '2026-04-25 18:52:59', '2026-04-25 19:02:29', '2026-04-25 19:25:29');
INSERT INTO OFFER (offer_id, trip_id, driver_id, status, sent_at, responded_at) VALUES (2792, 942, 30, 'accepted', '2026-04-25 18:51:39', '2026-04-25 18:52:59');
INSERT INTO OFFER (offer_id, trip_id, driver_id, status, sent_at, responded_at) VALUES (2793, 942, 41, 'rejected', '2026-04-25 18:51:39', '2026-04-25 18:52:27');
INSERT INTO PAYMENT (payment_id, trip_id, amount, platform_fee, driver_earnings, method, status, paid_at) VALUES (783, 942, 15.95, 3.19, 12.76, 'card', 'completed', '2026-04-25 19:29:29');
INSERT INTO TRIP (trip_id, rider_id, driver_id, vehicle_id, origin_lat, origin_lng, origin_address, dest_lat, dest_lng, dest_address, status, distance_km, duration_minutes, price_estimated, price_final, requested_at, accepted_at, started_at, finished_at) VALUES (943, 71, 2, 2, 40.40339611, -3.6979232, 'Via de Lorenzo Benavente 30, Madrid', 40.4271901, -3.60679946, 'Paseo de Adelina Sandoval 51, Madrid', 'completed', 10.45, 24, 17.67, 16.64, '2026-04-25 18:50:50', '2026-04-25 18:53:35', '2026-04-25 18:58:01', '2026-04-25 19:22:01');
INSERT INTO OFFER (offer_id, trip_id, driver_id, status, sent_at, responded_at) VALUES (2794, 943, 2, 'accepted', '2026-04-25 18:50:51', '2026-04-25 18:53:35');
INSERT INTO OFFER (offer_id, trip_id, driver_id, status, sent_at, responded_at) VALUES (2795, 943, 42, 'expired', '2026-04-25 18:50:51', NULL);
INSERT INTO OFFER (offer_id, trip_id, driver_id, status, sent_at, responded_at) VALUES (2796, 943, 34, 'expired', '2026-04-25 18:50:55', NULL);
INSERT INTO OFFER (offer_id, trip_id, driver_id, status, sent_at, responded_at) VALUES (2797, 943, 3, 'expired', '2026-04-25 18:50:51', NULL);
INSERT INTO PAYMENT (payment_id, trip_id, amount, platform_fee, driver_earnings, method, status, paid_at) VALUES (784, 943, 16.64, 3.33, 13.31, 'card', 'pending', NULL);
INSERT INTO TRIP (trip_id, rider_id, driver_id, vehicle_id, origin_lat, origin_lng, origin_address, dest_lat, dest_lng, dest_address, status, distance_km, duration_minutes, price_estimated, price_final, requested_at, accepted_at, started_at, finished_at) VALUES (944, 37, 14, 14, 40.4561035, -3.63924946, 'Plaza de Dimas Román 51, Madrid', 40.36387929, -3.72838325, 'Avenida de Bienvenida Tomas 990 Puerta 0 , Madrid', 'completed', 14.24, 27, 23.36, 23.32, '2026-04-25 18:52:35', '2026-04-25 18:54:43', '2026-04-25 19:00:03', '2026-04-25 19:27:03');
INSERT INTO OFFER (offer_id, trip_id, driver_id, status, sent_at, responded_at) VALUES (2798, 944, 29, 'expired', '2026-04-25 18:52:38', NULL);
INSERT INTO OFFER (offer_id, trip_id, driver_id, status, sent_at, responded_at) VALUES (2799, 944, 11, 'expired', '2026-04-25 18:52:40', NULL);
INSERT INTO OFFER (offer_id, trip_id, driver_id, status, sent_at, responded_at) VALUES (2800, 944, 14, 'accepted', '2026-04-25 18:52:40', '2026-04-25 18:54:43');
INSERT INTO OFFER (offer_id, trip_id, driver_id, status, sent_at, responded_at) VALUES (2801, 944, 24, 'expired', '2026-04-25 18:52:40', NULL);
INSERT INTO PAYMENT (payment_id, trip_id, amount, platform_fee, driver_earnings, method, status, paid_at) VALUES (785, 944, 23.32, 4.66, 18.66, 'card', 'completed', '2026-04-25 19:31:03');
INSERT INTO TRIP (trip_id, rider_id, driver_id, vehicle_id, origin_lat, origin_lng, origin_address, dest_lat, dest_lng, dest_address, status, distance_km, duration_minutes, price_estimated, price_final, requested_at, accepted_at, started_at, finished_at) VALUES (945, 46, 8, 8, 40.36433692, -3.66282096, 'Callejón Cruz Gonzalo 22, Madrid', 40.41564122, -3.66406729, 'Plaza de Cándido Trujillo 586 Piso 3 , Madrid', 'completed', 5.7, 9, 10.55, 9.64, '2026-04-25 18:53:12', '2026-04-25 18:55:13', '2026-04-25 18:57:15', '2026-04-25 19:06:15');
INSERT INTO OFFER (offer_id, trip_id, driver_id, status, sent_at, responded_at) VALUES (2802, 945, 8, 'accepted', '2026-04-25 18:53:16', '2026-04-25 18:55:13');
INSERT INTO OFFER (offer_id, trip_id, driver_id, status, sent_at, responded_at) VALUES (2803, 945, 48, 'expired', '2026-04-25 18:53:17', NULL);
INSERT INTO OFFER (offer_id, trip_id, driver_id, status, sent_at, responded_at) VALUES (2804, 945, 46, 'rejected', '2026-04-25 18:53:13', '2026-04-25 18:53:37');
INSERT INTO OFFER (offer_id, trip_id, driver_id, status, sent_at, responded_at) VALUES (2805, 945, 47, 'expired', '2026-04-25 18:53:15', NULL);
INSERT INTO PAYMENT (payment_id, trip_id, amount, platform_fee, driver_earnings, method, status, paid_at) VALUES (786, 945, 9.64, 1.93, 7.71, 'cash', 'completed', '2026-04-25 19:11:15');
INSERT INTO TRIP (trip_id, rider_id, driver_id, vehicle_id, origin_lat, origin_lng, origin_address, dest_lat, dest_lng, dest_address, status, distance_km, duration_minutes, price_estimated, price_final, requested_at, accepted_at, started_at, finished_at) VALUES (946, 35, 18, 18, 40.3869379, -3.60612089, 'Paseo de Juliana Vilaplana 39, Madrid', 40.47496096, -3.66926008, 'Callejón de Encarnita Cadenas 36, Madrid', 'completed', 12.02, 28, 20.03, 18.58, '2026-04-25 18:52:10', '2026-04-25 18:56:24', '2026-04-25 18:59:35', '2026-04-25 19:27:35');
INSERT INTO OFFER (offer_id, trip_id, driver_id, status, sent_at, responded_at) VALUES (2806, 946, 18, 'accepted', '2026-04-25 18:52:11', '2026-04-25 18:56:24');
INSERT INTO PAYMENT (payment_id, trip_id, amount, platform_fee, driver_earnings, method, status, paid_at) VALUES (787, 946, 18.58, 3.72, 14.86, 'card', 'pending', NULL);
INSERT INTO TRIP (trip_id, rider_id, driver_id, vehicle_id, origin_lat, origin_lng, origin_address, dest_lat, dest_lng, dest_address, status, distance_km, duration_minutes, price_estimated, price_final, requested_at, accepted_at, started_at, finished_at) VALUES (947, 26, 26, 26, 40.46680325, -3.6748364, 'Glorieta de Modesta Guillen 87, Madrid', 40.4646846, -3.6653216, 'Ronda Selena León 39 Apt. 59 , Madrid', 'completed', 1.08, 4, 3.62, 3.8, '2026-04-25 18:50:51', '2026-04-25 18:54:56', '2026-04-25 18:58:45', '2026-04-25 19:02:45');
INSERT INTO OFFER (offer_id, trip_id, driver_id, status, sent_at, responded_at) VALUES (2807, 947, 26, 'accepted', '2026-04-25 18:50:56', '2026-04-25 18:54:56');
INSERT INTO OFFER (offer_id, trip_id, driver_id, status, sent_at, responded_at) VALUES (2808, 947, 19, 'expired', '2026-04-25 18:50:54', NULL);
INSERT INTO OFFER (offer_id, trip_id, driver_id, status, sent_at, responded_at) VALUES (2809, 947, 2, 'rejected', '2026-04-25 18:50:52', '2026-04-25 18:51:36');
INSERT INTO PAYMENT (payment_id, trip_id, amount, platform_fee, driver_earnings, method, status, paid_at) VALUES (788, 947, 3.8, 0.76, 3.04, 'card', 'completed', '2026-04-25 19:06:45');
INSERT INTO TRIP (trip_id, rider_id, driver_id, vehicle_id, origin_lat, origin_lng, origin_address, dest_lat, dest_lng, dest_address, status, distance_km, duration_minutes, price_estimated, price_final, requested_at, accepted_at, started_at, finished_at) VALUES (948, 80, 14, 14, 40.367205, -3.61719299, 'Urbanización de Eligio Campillo 91 Puerta 4 , Madrid', 40.38183076, -3.73018858, 'Paseo de Rosaura Bonilla 82 Apt. 93 , Madrid', 'completed', 12.65, 23, 20.98, 20.52, '2026-04-25 18:51:21', '2026-04-25 18:54:01', '2026-04-25 19:01:13', '2026-04-25 19:24:13');
INSERT INTO OFFER (offer_id, trip_id, driver_id, status, sent_at, responded_at) VALUES (2810, 948, 14, 'accepted', '2026-04-25 18:51:23', '2026-04-25 18:54:01');
INSERT INTO OFFER (offer_id, trip_id, driver_id, status, sent_at, responded_at) VALUES (2811, 948, 33, 'rejected', '2026-04-25 18:51:24', '2026-04-25 18:52:05');
INSERT INTO OFFER (offer_id, trip_id, driver_id, status, sent_at, responded_at) VALUES (2812, 948, 23, 'rejected', '2026-04-25 18:51:24', '2026-04-25 18:51:32');
INSERT INTO OFFER (offer_id, trip_id, driver_id, status, sent_at, responded_at) VALUES (2813, 948, 3, 'expired', '2026-04-25 18:51:24', NULL);
INSERT INTO OFFER (offer_id, trip_id, driver_id, status, sent_at, responded_at) VALUES (2814, 948, 37, 'expired', '2026-04-25 18:51:22', NULL);
INSERT INTO PAYMENT (payment_id, trip_id, amount, platform_fee, driver_earnings, method, status, paid_at) VALUES (789, 948, 20.52, 4.1, 16.42, 'cash', 'completed', '2026-04-25 19:24:13');
INSERT INTO TRIP (trip_id, rider_id, driver_id, vehicle_id, origin_lat, origin_lng, origin_address, dest_lat, dest_lng, dest_address, status, distance_km, duration_minutes, price_estimated, price_final, requested_at, accepted_at, started_at, finished_at) VALUES (949, 51, NULL, NULL, 40.48780441, -3.64123198, 'Ronda Iván Sans 44 Apt. 81 , Madrid', 40.46067058, -3.61915564, 'Pasaje de Sabina Tejedor 8, Madrid', 'cancelled', 3.88, NULL, 7.82, NULL, '2026-04-25 18:51:28', NULL, NULL, NULL);
INSERT INTO OFFER (offer_id, trip_id, driver_id, status, sent_at, responded_at) VALUES (2815, 949, 21, 'expired', '2026-04-25 18:51:29', NULL);
INSERT INTO TRIP (trip_id, rider_id, driver_id, vehicle_id, origin_lat, origin_lng, origin_address, dest_lat, dest_lng, dest_address, status, distance_km, duration_minutes, price_estimated, price_final, requested_at, accepted_at, started_at, finished_at) VALUES (950, 87, 45, 45, 40.40635591, -3.64657913, 'Glorieta de Paco Menéndez 3 Apt. 35 , Madrid', 40.35061427, -3.73294863, 'Calle Nazaret Cerro 721 Apt. 83 , Madrid', 'completed', 11.41, 23, 19.12, 20.16, '2026-04-25 18:52:08', '2026-04-25 18:53:13', '2026-04-25 18:56:04', '2026-04-25 19:19:04');
INSERT INTO OFFER (offer_id, trip_id, driver_id, status, sent_at, responded_at) VALUES (2816, 950, 45, 'accepted', '2026-04-25 18:52:10', '2026-04-25 18:53:13');
INSERT INTO PAYMENT (payment_id, trip_id, amount, platform_fee, driver_earnings, method, status, paid_at) VALUES (790, 950, 20.16, 4.03, 16.13, 'cash', 'completed', '2026-04-25 19:19:04');

INSERT INTO TRIP (trip_id, rider_id, driver_id, vehicle_id, origin_lat, origin_lng, origin_address, dest_lat, dest_lng, dest_address, status, distance_km, duration_minutes, price_estimated, price_final, requested_at, accepted_at, started_at, finished_at) VALUES (951, 36, 29, 29, 40.41757797, -3.72098288, 'Cañada de Marcial Guillén 94 Piso 7 , Madrid', 40.45288792, -3.71732405, 'Calle Griselda Agustí 71 Apt. 28 , Madrid', 'completed', 3.94, 5, 7.91, 8.67, '2026-04-25 18:51:39', '2026-04-25 18:54:52', '2026-04-25 18:58:37', '2026-04-25 19:03:37');
INSERT INTO OFFER (offer_id, trip_id, driver_id, status, sent_at, responded_at) VALUES (2817, 951, 29, 'accepted', '2026-04-25 18:51:42', '2026-04-25 18:54:52');
INSERT INTO OFFER (offer_id, trip_id, driver_id, status, sent_at, responded_at) VALUES (2818, 951, 40, 'expired', '2026-04-25 18:51:42', NULL);
INSERT INTO OFFER (offer_id, trip_id, driver_id, status, sent_at, responded_at) VALUES (2819, 951, 22, 'rejected', '2026-04-25 18:51:44', '2026-04-25 18:52:07');
INSERT INTO OFFER (offer_id, trip_id, driver_id, status, sent_at, responded_at) VALUES (2820, 951, 30, 'expired', '2026-04-25 18:51:43', NULL);
INSERT INTO OFFER (offer_id, trip_id, driver_id, status, sent_at, responded_at) VALUES (2821, 951, 7, 'rejected', '2026-04-25 18:51:43', '2026-04-25 18:52:01');
INSERT INTO PAYMENT (payment_id, trip_id, amount, platform_fee, driver_earnings, method, status, paid_at) VALUES (791, 951, 8.67, 1.73, 6.94, 'cash', 'completed', '2026-04-25 19:07:37');
INSERT INTO TRIP (trip_id, rider_id, driver_id, vehicle_id, origin_lat, origin_lng, origin_address, dest_lat, dest_lng, dest_address, status, distance_km, duration_minutes, price_estimated, price_final, requested_at, accepted_at, started_at, finished_at) VALUES (952, 86, 19, 19, 40.36948692, -3.61648854, 'Cuesta Fortunata Abellán 41, Madrid', 40.40822749, -3.68968411, 'Via Marc Tomás 16 Piso 9 , Madrid', 'completed', 9.19, 17, 15.79, 16.71, '2026-04-25 18:52:13', '2026-04-25 18:56:26', '2026-04-25 19:05:28', '2026-04-25 19:22:28');
INSERT INTO OFFER (offer_id, trip_id, driver_id, status, sent_at, responded_at) VALUES (2822, 952, 19, 'accepted', '2026-04-25 18:52:17', '2026-04-25 18:56:26');
INSERT INTO OFFER (offer_id, trip_id, driver_id, status, sent_at, responded_at) VALUES (2823, 952, 44, 'rejected', '2026-04-25 18:52:16', '2026-04-25 18:52:56');
INSERT INTO OFFER (offer_id, trip_id, driver_id, status, sent_at, responded_at) VALUES (2824, 952, 18, 'rejected', '2026-04-25 18:52:18', '2026-04-25 18:52:44');
INSERT INTO PAYMENT (payment_id, trip_id, amount, platform_fee, driver_earnings, method, status, paid_at) VALUES (792, 952, 16.71, 3.34, 13.37, 'wallet', 'completed', '2026-04-25 19:27:28');
INSERT INTO TRIP (trip_id, rider_id, driver_id, vehicle_id, origin_lat, origin_lng, origin_address, dest_lat, dest_lng, dest_address, status, distance_km, duration_minutes, price_estimated, price_final, requested_at, accepted_at, started_at, finished_at) VALUES (953, 1, 44, 44, 40.41392584, -3.66190394, 'Via de Rosalva Esteban 874 Apt. 66 , Madrid', 40.35491285, -3.64748517, 'Paseo Juana Abad 739 Piso 0 , Madrid', 'completed', 6.74, 16, 12.11, 12.96, '2026-04-25 18:52:10', '2026-04-25 18:56:17', '2026-04-25 19:01:28', '2026-04-25 19:17:28');
INSERT INTO OFFER (offer_id, trip_id, driver_id, status, sent_at, responded_at) VALUES (2825, 953, 44, 'accepted', '2026-04-25 18:52:12', '2026-04-25 18:56:17');
INSERT INTO OFFER (offer_id, trip_id, driver_id, status, sent_at, responded_at) VALUES (2826, 953, 23, 'rejected', '2026-04-25 18:52:13', '2026-04-25 18:52:21');
INSERT INTO OFFER (offer_id, trip_id, driver_id, status, sent_at, responded_at) VALUES (2827, 953, 15, 'rejected', '2026-04-25 18:52:12', '2026-04-25 18:53:01');
INSERT INTO OFFER (offer_id, trip_id, driver_id, status, sent_at, responded_at) VALUES (2828, 953, 25, 'expired', '2026-04-25 18:52:14', NULL);
INSERT INTO PAYMENT (payment_id, trip_id, amount, platform_fee, driver_earnings, method, status, paid_at) VALUES (793, 953, 12.96, 2.59, 10.37, 'cash', 'completed', '2026-04-25 19:19:28');
INSERT INTO TRIP (trip_id, rider_id, driver_id, vehicle_id, origin_lat, origin_lng, origin_address, dest_lat, dest_lng, dest_address, status, distance_km, duration_minutes, price_estimated, price_final, requested_at, accepted_at, started_at, finished_at) VALUES (954, 35, 23, 23, 40.41116261, -3.69325692, 'Glorieta de Diego Amaya 52 Piso 7 , Madrid', 40.46427431, -3.64567325, 'Via Diana Quero 90, Madrid', 'completed', 7.92, 15, 13.88, 13.35, '2026-04-25 18:50:17', '2026-04-25 18:51:57', '2026-04-25 18:59:27', '2026-04-25 19:14:27');
INSERT INTO OFFER (offer_id, trip_id, driver_id, status, sent_at, responded_at) VALUES (2829, 954, 23, 'accepted', '2026-04-25 18:50:22', '2026-04-25 18:51:57');
INSERT INTO PAYMENT (payment_id, trip_id, amount, platform_fee, driver_earnings, method, status, paid_at) VALUES (794, 954, 13.35, 2.67, 10.68, 'card', 'completed', '2026-04-25 19:18:27');
INSERT INTO TRIP (trip_id, rider_id, driver_id, vehicle_id, origin_lat, origin_lng, origin_address, dest_lat, dest_lng, dest_address, status, distance_km, duration_minutes, price_estimated, price_final, requested_at, accepted_at, started_at, finished_at) VALUES (955, 8, 15, 15, 40.39481441, -3.60165164, 'Avenida Felipe Gelabert 124 Puerta 5 , Madrid', 40.49926814, -3.73330072, 'Pasaje de Isidora Jaén 66, Madrid', 'completed', 18.65, 40, 29.97, 31.44, '2026-04-25 18:51:08', '2026-04-25 18:55:51', '2026-04-25 18:59:33', '2026-04-25 19:39:33');
INSERT INTO OFFER (offer_id, trip_id, driver_id, status, sent_at, responded_at) VALUES (2830, 955, 15, 'accepted', '2026-04-25 18:51:11', '2026-04-25 18:55:51');
INSERT INTO OFFER (offer_id, trip_id, driver_id, status, sent_at, responded_at) VALUES (2831, 955, 40, 'expired', '2026-04-25 18:51:10', NULL);
INSERT INTO PAYMENT (payment_id, trip_id, amount, platform_fee, driver_earnings, method, status, paid_at) VALUES (795, 955, 31.44, 6.29, 25.15, 'card', 'completed', '2026-04-25 19:41:33');
INSERT INTO TRIP (trip_id, rider_id, driver_id, vehicle_id, origin_lat, origin_lng, origin_address, dest_lat, dest_lng, dest_address, status, distance_km, duration_minutes, price_estimated, price_final, requested_at, accepted_at, started_at, finished_at) VALUES (956, 61, 27, 27, 40.37169022, -3.68993657, 'Pasaje de Sancho Vall 20 Apt. 80 , Madrid', 40.35986213, -3.74280584, 'Via Fanny Cárdenas 93 Puerta 7 , Madrid', 'cancelled', 6.01, NULL, 11.02, NULL, '2026-04-25 18:50:55', '2026-04-25 18:55:40', NULL, NULL);
INSERT INTO OFFER (offer_id, trip_id, driver_id, status, sent_at, responded_at) VALUES (2832, 956, 27, 'accepted', '2026-04-25 18:50:57', '2026-04-25 18:55:40');
INSERT INTO OFFER (offer_id, trip_id, driver_id, status, sent_at, responded_at) VALUES (2833, 956, 49, 'rejected', '2026-04-25 18:50:56', '2026-04-25 18:51:28');
INSERT INTO OFFER (offer_id, trip_id, driver_id, status, sent_at, responded_at) VALUES (2834, 956, 10, 'expired', '2026-04-25 18:50:58', NULL);
INSERT INTO OFFER (offer_id, trip_id, driver_id, status, sent_at, responded_at) VALUES (2835, 956, 4, 'expired', '2026-04-25 18:50:57', NULL);
INSERT INTO TRIP (trip_id, rider_id, driver_id, vehicle_id, origin_lat, origin_lng, origin_address, dest_lat, dest_lng, dest_address, status, distance_km, duration_minutes, price_estimated, price_final, requested_at, accepted_at, started_at, finished_at) VALUES (957, 18, 9, 9, 40.38544904, -3.73195444, 'Ronda María Manuela Aguilera 46, Madrid', 40.3692251, -3.61494422, 'Plaza de Marcio Peláez 608 Piso 3 , Madrid', 'completed', 13.11, 28, 21.66, 21.38, '2026-04-25 18:52:37', '2026-04-25 18:55:06', '2026-04-25 18:57:55', '2026-04-25 19:25:55');
INSERT INTO OFFER (offer_id, trip_id, driver_id, status, sent_at, responded_at) VALUES (2836, 957, 9, 'accepted', '2026-04-25 18:52:42', '2026-04-25 18:55:06');
INSERT INTO PAYMENT (payment_id, trip_id, amount, platform_fee, driver_earnings, method, status, paid_at) VALUES (796, 957, 21.38, 4.28, 17.1, 'card', 'completed', '2026-04-25 19:30:55');
INSERT INTO TRIP (trip_id, rider_id, driver_id, vehicle_id, origin_lat, origin_lng, origin_address, dest_lat, dest_lng, dest_address, status, distance_km, duration_minutes, price_estimated, price_final, requested_at, accepted_at, started_at, finished_at) VALUES (958, 47, 18, 18, 40.3740602, -3.64664292, 'Rambla de Pastora Agullo 623, Madrid', 40.39315487, -3.74169631, 'Pasaje Duilio Exposito 700, Madrid', 'completed', 10.76, 23, 18.14, 18.94, '2026-04-25 18:52:08', '2026-04-25 18:57:00', '2026-04-25 19:02:05', '2026-04-25 19:25:05');
INSERT INTO OFFER (offer_id, trip_id, driver_id, status, sent_at, responded_at) VALUES (2837, 958, 18, 'accepted', '2026-04-25 18:52:12', '2026-04-25 18:57:00');
INSERT INTO OFFER (offer_id, trip_id, driver_id, status, sent_at, responded_at) VALUES (2838, 958, 7, 'expired', '2026-04-25 18:52:12', NULL);
INSERT INTO OFFER (offer_id, trip_id, driver_id, status, sent_at, responded_at) VALUES (2839, 958, 10, 'rejected', '2026-04-25 18:52:09', '2026-04-25 18:52:53');
INSERT INTO OFFER (offer_id, trip_id, driver_id, status, sent_at, responded_at) VALUES (2840, 958, 27, 'expired', '2026-04-25 18:52:13', NULL);
INSERT INTO PAYMENT (payment_id, trip_id, amount, platform_fee, driver_earnings, method, status, paid_at) VALUES (797, 958, 18.94, 3.79, 15.15, 'card', 'completed', '2026-04-25 19:30:05');
INSERT INTO TRIP (trip_id, rider_id, driver_id, vehicle_id, origin_lat, origin_lng, origin_address, dest_lat, dest_lng, dest_address, status, distance_km, duration_minutes, price_estimated, price_final, requested_at, accepted_at, started_at, finished_at) VALUES (959, 71, NULL, NULL, 40.48493861, -3.68004637, 'Glorieta Isaías Gómez 79 Apt. 34 , Madrid', 40.44036243, -3.70688109, 'Acceso de Emma Guzman 54 Apt. 37 , Madrid', 'cancelled', 5.78, NULL, 10.67, NULL, '2026-04-25 18:51:21', NULL, NULL, NULL);
INSERT INTO OFFER (offer_id, trip_id, driver_id, status, sent_at, responded_at) VALUES (2841, 959, 17, 'expired', '2026-04-25 18:51:22', NULL);
INSERT INTO OFFER (offer_id, trip_id, driver_id, status, sent_at, responded_at) VALUES (2842, 959, 26, 'expired', '2026-04-25 18:51:26', NULL);
INSERT INTO OFFER (offer_id, trip_id, driver_id, status, sent_at, responded_at) VALUES (2843, 959, 28, 'expired', '2026-04-25 18:51:23', NULL);
INSERT INTO TRIP (trip_id, rider_id, driver_id, vehicle_id, origin_lat, origin_lng, origin_address, dest_lat, dest_lng, dest_address, status, distance_km, duration_minutes, price_estimated, price_final, requested_at, accepted_at, started_at, finished_at) VALUES (960, 15, 19, 19, 40.45783844, -3.65410078, 'Urbanización Alfonso Monreal 781, Madrid', 40.42265892, -3.69584827, 'Rambla Ruperto Pelayo 34 Puerta 9 , Madrid', 'completed', 6.06, 13, 11.09, 10.54, '2026-04-25 18:52:57', '2026-04-25 18:54:28', '2026-04-25 19:00:05', '2026-04-25 19:13:05');
INSERT INTO OFFER (offer_id, trip_id, driver_id, status, sent_at, responded_at) VALUES (2844, 960, 19, 'accepted', '2026-04-25 18:53:02', '2026-04-25 18:54:28');
INSERT INTO OFFER (offer_id, trip_id, driver_id, status, sent_at, responded_at) VALUES (2845, 960, 2, 'expired', '2026-04-25 18:53:00', NULL);
INSERT INTO PAYMENT (payment_id, trip_id, amount, platform_fee, driver_earnings, method, status, paid_at) VALUES (798, 960, 10.54, 2.11, 8.43, 'card', 'completed', '2026-04-25 19:14:05');

INSERT INTO TRIP (trip_id, rider_id, driver_id, vehicle_id, origin_lat, origin_lng, origin_address, dest_lat, dest_lng, dest_address, status, distance_km, duration_minutes, price_estimated, price_final, requested_at, accepted_at, started_at, finished_at) VALUES (961, 17, 35, 35, 40.48373968, -3.61199737, 'Avenida de Miguel Ángel Cabanillas 89 Apt. 24 , Madrid', 40.43033386, -3.7273953, 'Ronda Yago Segura 71, Madrid', 'completed', 14.11, 30, 23.16, 24.69, '2026-04-25 18:52:14', '2026-04-25 18:53:24', '2026-04-25 18:59:59', '2026-04-25 19:29:59');
INSERT INTO OFFER (offer_id, trip_id, driver_id, status, sent_at, responded_at) VALUES (2846, 961, 35, 'accepted', '2026-04-25 18:52:18', '2026-04-25 18:53:24');
INSERT INTO OFFER (offer_id, trip_id, driver_id, status, sent_at, responded_at) VALUES (2847, 961, 27, 'expired', '2026-04-25 18:52:16', NULL);
INSERT INTO OFFER (offer_id, trip_id, driver_id, status, sent_at, responded_at) VALUES (2848, 961, 19, 'rejected', '2026-04-25 18:52:16', '2026-04-25 18:52:39');
INSERT INTO OFFER (offer_id, trip_id, driver_id, status, sent_at, responded_at) VALUES (2849, 961, 36, 'expired', '2026-04-25 18:52:19', NULL);
INSERT INTO PAYMENT (payment_id, trip_id, amount, platform_fee, driver_earnings, method, status, paid_at) VALUES (799, 961, 24.69, 4.94, 19.75, 'card', 'pending', NULL);
INSERT INTO TRIP (trip_id, rider_id, driver_id, vehicle_id, origin_lat, origin_lng, origin_address, dest_lat, dest_lng, dest_address, status, distance_km, duration_minutes, price_estimated, price_final, requested_at, accepted_at, started_at, finished_at) VALUES (962, 85, 12, 12, 40.43226202, -3.65604041, 'Pasadizo Lourdes Uría 9 Puerta 4 , Madrid', 40.48596948, -3.64800704, 'Ronda de Severiano Mata 82, Madrid', 'completed', 6.03, 12, 11.04, 11.2, '2026-04-25 18:52:10', '2026-04-25 18:55:21', '2026-04-25 19:02:35', '2026-04-25 19:14:35');
INSERT INTO OFFER (offer_id, trip_id, driver_id, status, sent_at, responded_at) VALUES (2850, 962, 12, 'accepted', '2026-04-25 18:52:11', '2026-04-25 18:55:21');
INSERT INTO PAYMENT (payment_id, trip_id, amount, platform_fee, driver_earnings, method, status, paid_at) VALUES (800, 962, 11.2, 2.24, 8.96, 'card', 'pending', NULL);
INSERT INTO TRIP (trip_id, rider_id, driver_id, vehicle_id, origin_lat, origin_lng, origin_address, dest_lat, dest_lng, dest_address, status, distance_km, duration_minutes, price_estimated, price_final, requested_at, accepted_at, started_at, finished_at) VALUES (963, 74, 37, 37, 40.44276031, -3.65054753, 'Paseo Delia Mesa 3 Piso 8 , Madrid', 40.41511105, -3.66670954, 'Glorieta Porfirio Berrocal 79, Madrid', 'completed', 3.55, 7, 7.32, 6.6, '2026-04-25 18:53:05', '2026-04-25 18:55:24', '2026-04-25 19:02:52', '2026-04-25 19:09:52');
INSERT INTO OFFER (offer_id, trip_id, driver_id, status, sent_at, responded_at) VALUES (2851, 963, 37, 'accepted', '2026-04-25 18:53:07', '2026-04-25 18:55:24');
INSERT INTO OFFER (offer_id, trip_id, driver_id, status, sent_at, responded_at) VALUES (2852, 963, 4, 'rejected', '2026-04-25 18:53:07', '2026-04-25 18:54:05');
INSERT INTO OFFER (offer_id, trip_id, driver_id, status, sent_at, responded_at) VALUES (2853, 963, 31, 'expired', '2026-04-25 18:53:07', NULL);
INSERT INTO PAYMENT (payment_id, trip_id, amount, platform_fee, driver_earnings, method, status, paid_at) VALUES (801, 963, 6.6, 1.32, 5.28, 'cash', 'pending', NULL);
INSERT INTO TRIP (trip_id, rider_id, driver_id, vehicle_id, origin_lat, origin_lng, origin_address, dest_lat, dest_lng, dest_address, status, distance_km, duration_minutes, price_estimated, price_final, requested_at, accepted_at, started_at, finished_at) VALUES (964, 15, 50, 50, 40.47493264, -3.734794, 'Alameda Heraclio Mate 32 Puerta 6 , Madrid', 40.47368716, -3.6121076, 'Urbanización Genoveva Boix 75, Madrid', 'completed', 13.62, 32, 22.43, 21.13, '2026-04-25 18:51:34', '2026-04-25 18:53:43', '2026-04-25 18:58:28', '2026-04-25 19:30:28');
INSERT INTO OFFER (offer_id, trip_id, driver_id, status, sent_at, responded_at) VALUES (2854, 964, 50, 'accepted', '2026-04-25 18:51:37', '2026-04-25 18:53:43');
INSERT INTO OFFER (offer_id, trip_id, driver_id, status, sent_at, responded_at) VALUES (2855, 964, 26, 'expired', '2026-04-25 18:51:37', NULL);
INSERT INTO OFFER (offer_id, trip_id, driver_id, status, sent_at, responded_at) VALUES (2856, 964, 47, 'rejected', '2026-04-25 18:51:36', '2026-04-25 18:51:53');
INSERT INTO OFFER (offer_id, trip_id, driver_id, status, sent_at, responded_at) VALUES (2857, 964, 11, 'rejected', '2026-04-25 18:51:36', '2026-04-25 18:51:48');
INSERT INTO OFFER (offer_id, trip_id, driver_id, status, sent_at, responded_at) VALUES (2858, 964, 6, 'rejected', '2026-04-25 18:51:36', '2026-04-25 18:52:23');
INSERT INTO PAYMENT (payment_id, trip_id, amount, platform_fee, driver_earnings, method, status, paid_at) VALUES (802, 964, 21.13, 4.23, 16.9, 'card', 'completed', '2026-04-25 19:33:28');
INSERT INTO TRIP (trip_id, rider_id, driver_id, vehicle_id, origin_lat, origin_lng, origin_address, dest_lat, dest_lng, dest_address, status, distance_km, duration_minutes, price_estimated, price_final, requested_at, accepted_at, started_at, finished_at) VALUES (965, 87, 49, 49, 40.39734042, -3.70494616, 'Pasaje de Yago Montalbán 449 Apt. 62 , Madrid', 40.45587816, -3.65185457, 'Pasaje de Teodora Escribano 52, Madrid', 'cancelled', 8.77, NULL, 15.15, NULL, '2026-04-25 18:51:20', '2026-04-25 18:52:21', NULL, NULL);
INSERT INTO OFFER (offer_id, trip_id, driver_id, status, sent_at, responded_at) VALUES (2859, 965, 49, 'accepted', '2026-04-25 18:51:24', '2026-04-25 18:52:21');
INSERT INTO TRIP (trip_id, rider_id, driver_id, vehicle_id, origin_lat, origin_lng, origin_address, dest_lat, dest_lng, dest_address, status, distance_km, duration_minutes, price_estimated, price_final, requested_at, accepted_at, started_at, finished_at) VALUES (966, 39, 4, 4, 40.42124067, -3.70759608, 'Pasaje de Fermín Ramos 392, Madrid', 40.39102368, -3.67994107, 'Cañada de Ruth Franch 508, Madrid', 'completed', 4.55, 13, 8.82, 8.44, '2026-04-25 18:50:32', '2026-04-25 18:52:01', '2026-04-25 19:00:33', '2026-04-25 19:13:33');
INSERT INTO OFFER (offer_id, trip_id, driver_id, status, sent_at, responded_at) VALUES (2860, 966, 4, 'accepted', '2026-04-25 18:50:36', '2026-04-25 18:52:01');
INSERT INTO OFFER (offer_id, trip_id, driver_id, status, sent_at, responded_at) VALUES (2861, 966, 27, 'rejected', '2026-04-25 18:50:33', '2026-04-25 18:51:26');
INSERT INTO OFFER (offer_id, trip_id, driver_id, status, sent_at, responded_at) VALUES (2862, 966, 9, 'expired', '2026-04-25 18:50:33', NULL);
INSERT INTO PAYMENT (payment_id, trip_id, amount, platform_fee, driver_earnings, method, status, paid_at) VALUES (803, 966, 8.44, 1.69, 6.75, 'cash', 'pending', NULL);
INSERT INTO TRIP (trip_id, rider_id, driver_id, vehicle_id, origin_lat, origin_lng, origin_address, dest_lat, dest_lng, dest_address, status, distance_km, duration_minutes, price_estimated, price_final, requested_at, accepted_at, started_at, finished_at) VALUES (967, 15, 42, 42, 40.38247407, -3.64884729, 'Urbanización de Pía Núñez 36 Apt. 24 , Madrid', 40.43205716, -3.72035692, 'C. Jose Angel Pérez 15 Apt. 72 , Madrid', 'completed', 9.66, 22, 16.49, 16.77, '2026-04-25 18:52:19', '2026-04-25 18:54:21', '2026-04-25 19:03:43', '2026-04-25 19:25:43');
INSERT INTO OFFER (offer_id, trip_id, driver_id, status, sent_at, responded_at) VALUES (2863, 967, 42, 'accepted', '2026-04-25 18:52:23', '2026-04-25 18:54:21');
INSERT INTO OFFER (offer_id, trip_id, driver_id, status, sent_at, responded_at) VALUES (2864, 967, 11, 'expired', '2026-04-25 18:52:24', NULL);
INSERT INTO OFFER (offer_id, trip_id, driver_id, status, sent_at, responded_at) VALUES (2865, 967, 43, 'expired', '2026-04-25 18:52:20', NULL);
INSERT INTO OFFER (offer_id, trip_id, driver_id, status, sent_at, responded_at) VALUES (2866, 967, 40, 'rejected', '2026-04-25 18:52:21', '2026-04-25 18:53:05');
INSERT INTO OFFER (offer_id, trip_id, driver_id, status, sent_at, responded_at) VALUES (2867, 967, 23, 'rejected', '2026-04-25 18:52:21', '2026-04-25 18:53:15');
INSERT INTO PAYMENT (payment_id, trip_id, amount, platform_fee, driver_earnings, method, status, paid_at) VALUES (804, 967, 16.77, 3.35, 13.42, 'wallet', 'completed', '2026-04-25 19:26:43');
INSERT INTO TRIP (trip_id, rider_id, driver_id, vehicle_id, origin_lat, origin_lng, origin_address, dest_lat, dest_lng, dest_address, status, distance_km, duration_minutes, price_estimated, price_final, requested_at, accepted_at, started_at, finished_at) VALUES (968, 100, 33, 33, 40.47268264, -3.66485163, 'Acceso de Azahara Osuna 617, Madrid', 40.47871578, -3.63784411, 'Calle Gabino Francisco 30 Apt. 87 , Madrid', 'cancelled', 3.07, NULL, 6.6, NULL, '2026-04-25 18:51:17', '2026-04-25 18:55:55', NULL, NULL);
INSERT INTO OFFER (offer_id, trip_id, driver_id, status, sent_at, responded_at) VALUES (2868, 968, 33, 'accepted', '2026-04-25 18:51:19', '2026-04-25 18:55:55');
INSERT INTO TRIP (trip_id, rider_id, driver_id, vehicle_id, origin_lat, origin_lng, origin_address, dest_lat, dest_lng, dest_address, status, distance_km, duration_minutes, price_estimated, price_final, requested_at, accepted_at, started_at, finished_at) VALUES (969, 92, 37, 37, 40.48943464, -3.74437344, 'Alameda Primitivo Gámez 857 Piso 9 , Madrid', 40.46208518, -3.61382656, 'Via Albino Rodrigo 8, Madrid', 'completed', 14.81, 32, 24.21, 22.51, '2026-04-25 18:51:47', '2026-04-25 18:54:07', '2026-04-25 18:57:35', '2026-04-25 19:29:35');
INSERT INTO OFFER (offer_id, trip_id, driver_id, status, sent_at, responded_at) VALUES (2869, 969, 37, 'accepted', '2026-04-25 18:51:50', '2026-04-25 18:54:07');
INSERT INTO OFFER (offer_id, trip_id, driver_id, status, sent_at, responded_at) VALUES (2870, 969, 26, 'rejected', '2026-04-25 18:51:52', '2026-04-25 18:52:01');
INSERT INTO OFFER (offer_id, trip_id, driver_id, status, sent_at, responded_at) VALUES (2871, 969, 27, 'expired', '2026-04-25 18:51:48', NULL);
INSERT INTO PAYMENT (payment_id, trip_id, amount, platform_fee, driver_earnings, method, status, paid_at) VALUES (805, 969, 22.51, 4.5, 18.01, 'card', 'completed', '2026-04-25 19:33:35');
INSERT INTO TRIP (trip_id, rider_id, driver_id, vehicle_id, origin_lat, origin_lng, origin_address, dest_lat, dest_lng, dest_address, status, distance_km, duration_minutes, price_estimated, price_final, requested_at, accepted_at, started_at, finished_at) VALUES (970, 62, 44, 44, 40.36807662, -3.7312175, 'Callejón Cosme Lorenzo 37 Puerta 7 , Madrid', 40.42962883, -3.60571567, 'Camino Nereida Salvà 1, Madrid', 'completed', 15.52, 33, 25.28, 25.7, '2026-04-25 18:52:52', '2026-04-25 18:54:43', '2026-04-25 19:04:25', '2026-04-25 19:37:25');
INSERT INTO OFFER (offer_id, trip_id, driver_id, status, sent_at, responded_at) VALUES (2872, 970, 44, 'accepted', '2026-04-25 18:52:53', '2026-04-25 18:54:43');
INSERT INTO PAYMENT (payment_id, trip_id, amount, platform_fee, driver_earnings, method, status, paid_at) VALUES (806, 970, 25.7, 5.14, 20.56, 'wallet', 'pending', NULL);

INSERT INTO TRIP (trip_id, rider_id, driver_id, vehicle_id, origin_lat, origin_lng, origin_address, dest_lat, dest_lng, dest_address, status, distance_km, duration_minutes, price_estimated, price_final, requested_at, accepted_at, started_at, finished_at) VALUES (971, 12, 39, 39, 40.36296746, -3.71655526, 'Pasadizo de Cruz Terrón 56, Madrid', 40.49338047, -3.63201228, 'Avenida de Ulises Cabeza 38 Puerta 1 , Madrid', 'completed', 17.25, 36, 27.88, 25.47, '2026-04-25 18:50:42', '2026-04-25 18:52:01', '2026-04-25 18:55:01', '2026-04-25 19:31:01');
INSERT INTO OFFER (offer_id, trip_id, driver_id, status, sent_at, responded_at) VALUES (2873, 971, 39, 'accepted', '2026-04-25 18:50:44', '2026-04-25 18:52:01');
INSERT INTO OFFER (offer_id, trip_id, driver_id, status, sent_at, responded_at) VALUES (2874, 971, 6, 'expired', '2026-04-25 18:50:47', NULL);
INSERT INTO OFFER (offer_id, trip_id, driver_id, status, sent_at, responded_at) VALUES (2875, 971, 30, 'expired', '2026-04-25 18:50:43', NULL);
INSERT INTO OFFER (offer_id, trip_id, driver_id, status, sent_at, responded_at) VALUES (2876, 971, 25, 'rejected', '2026-04-25 18:50:45', '2026-04-25 18:50:59');
INSERT INTO OFFER (offer_id, trip_id, driver_id, status, sent_at, responded_at) VALUES (2877, 971, 43, 'rejected', '2026-04-25 18:50:45', '2026-04-25 18:51:42');
INSERT INTO PAYMENT (payment_id, trip_id, amount, platform_fee, driver_earnings, method, status, paid_at) VALUES (807, 971, 25.47, 5.09, 20.38, 'wallet', 'completed', '2026-04-25 19:31:01');
INSERT INTO TRIP (trip_id, rider_id, driver_id, vehicle_id, origin_lat, origin_lng, origin_address, dest_lat, dest_lng, dest_address, status, distance_km, duration_minutes, price_estimated, price_final, requested_at, accepted_at, started_at, finished_at) VALUES (972, 13, 11, 11, 40.49350832, -3.69547881, 'Paseo Felisa Guerrero 16, Madrid', 40.42309778, -3.62640144, 'Via de Alondra Galán 84 Piso 9 , Madrid', 'completed', 10.95, 19, 18.42, 19.17, '2026-04-25 18:50:37', '2026-04-25 18:53:53', '2026-04-25 18:58:00', '2026-04-25 19:17:00');
INSERT INTO OFFER (offer_id, trip_id, driver_id, status, sent_at, responded_at) VALUES (2878, 972, 11, 'accepted', '2026-04-25 18:50:40', '2026-04-25 18:53:53');
INSERT INTO OFFER (offer_id, trip_id, driver_id, status, sent_at, responded_at) VALUES (2879, 972, 17, 'rejected', '2026-04-25 18:50:40', '2026-04-25 18:51:07');
INSERT INTO PAYMENT (payment_id, trip_id, amount, platform_fee, driver_earnings, method, status, paid_at) VALUES (808, 972, 19.17, 3.83, 15.34, 'card', 'pending', NULL);
INSERT INTO TRIP (trip_id, rider_id, driver_id, vehicle_id, origin_lat, origin_lng, origin_address, dest_lat, dest_lng, dest_address, status, distance_km, duration_minutes, price_estimated, price_final, requested_at, accepted_at, started_at, finished_at) VALUES (973, 38, 5, 5, 40.46711976, -3.64104995, 'Pasaje Úrsula Vallejo 5, Madrid', 40.37327543, -3.67622028, 'C. de Verónica Bilbao 878, Madrid', 'completed', 11.12, 20, 18.68, 20.28, '2026-04-25 18:52:30', '2026-04-25 18:57:09', '2026-04-25 19:01:46', '2026-04-25 19:21:46');
INSERT INTO OFFER (offer_id, trip_id, driver_id, status, sent_at, responded_at) VALUES (2880, 973, 5, 'accepted', '2026-04-25 18:52:31', '2026-04-25 18:57:09');
INSERT INTO OFFER (offer_id, trip_id, driver_id, status, sent_at, responded_at) VALUES (2881, 973, 19, 'expired', '2026-04-25 18:52:31', NULL);
INSERT INTO OFFER (offer_id, trip_id, driver_id, status, sent_at, responded_at) VALUES (2882, 973, 1, 'expired', '2026-04-25 18:52:35', NULL);
INSERT INTO PAYMENT (payment_id, trip_id, amount, platform_fee, driver_earnings, method, status, paid_at) VALUES (809, 973, 20.28, 4.06, 16.22, 'cash', 'completed', '2026-04-25 19:24:46');
INSERT INTO TRIP (trip_id, rider_id, driver_id, vehicle_id, origin_lat, origin_lng, origin_address, dest_lat, dest_lng, dest_address, status, distance_km, duration_minutes, price_estimated, price_final, requested_at, accepted_at, started_at, finished_at) VALUES (974, 84, 32, 32, 40.42116179, -3.64230466, 'Via de Águeda Villegas 27, Madrid', 40.45661881, -3.69506128, 'Pasadizo Casemiro Goicoechea 831 Puerta 5 , Madrid', 'completed', 7.06, 13, 12.59, 13.65, '2026-04-25 18:51:57', '2026-04-25 18:56:39', '2026-04-25 19:02:15', '2026-04-25 19:15:15');
INSERT INTO OFFER (offer_id, trip_id, driver_id, status, sent_at, responded_at) VALUES (2883, 974, 32, 'accepted', '2026-04-25 18:52:00', '2026-04-25 18:56:39');
INSERT INTO OFFER (offer_id, trip_id, driver_id, status, sent_at, responded_at) VALUES (2884, 974, 25, 'rejected', '2026-04-25 18:52:00', '2026-04-25 18:52:38');
INSERT INTO PAYMENT (payment_id, trip_id, amount, platform_fee, driver_earnings, method, status, paid_at) VALUES (810, 974, 13.65, 2.73, 10.92, 'card', 'completed', '2026-04-25 19:16:15');
INSERT INTO TRIP (trip_id, rider_id, driver_id, vehicle_id, origin_lat, origin_lng, origin_address, dest_lat, dest_lng, dest_address, status, distance_km, duration_minutes, price_estimated, price_final, requested_at, accepted_at, started_at, finished_at) VALUES (975, 11, 26, 26, 40.41103999, -3.74681524, 'Paseo de Amílcar Morata 32 Piso 5 , Madrid', 40.48107926, -3.61340001, 'Paseo de Vanesa Chaparro 2, Madrid', 'completed', 16.73, 35, 27.09, 26.32, '2026-04-25 18:52:02', '2026-04-25 18:54:04', '2026-04-25 19:02:26', '2026-04-25 19:37:26');
INSERT INTO OFFER (offer_id, trip_id, driver_id, status, sent_at, responded_at) VALUES (2885, 975, 26, 'accepted', '2026-04-25 18:52:04', '2026-04-25 18:54:04');
INSERT INTO OFFER (offer_id, trip_id, driver_id, status, sent_at, responded_at) VALUES (2886, 975, 43, 'expired', '2026-04-25 18:52:06', NULL);
INSERT INTO OFFER (offer_id, trip_id, driver_id, status, sent_at, responded_at) VALUES (2887, 975, 22, 'rejected', '2026-04-25 18:52:04', '2026-04-25 18:52:41');
INSERT INTO PAYMENT (payment_id, trip_id, amount, platform_fee, driver_earnings, method, status, paid_at) VALUES (811, 975, 26.32, 5.26, 21.06, 'card', 'pending', NULL);
INSERT INTO TRIP (trip_id, rider_id, driver_id, vehicle_id, origin_lat, origin_lng, origin_address, dest_lat, dest_lng, dest_address, status, distance_km, duration_minutes, price_estimated, price_final, requested_at, accepted_at, started_at, finished_at) VALUES (976, 77, 20, 20, 40.43192074, -3.64686087, 'Camino Judith Torrijos 78 Apt. 81 , Madrid', 40.45515015, -3.63004592, 'Calle Bárbara Reina 97 Apt. 65 , Madrid', 'completed', 3.18, 5, 6.77, 7.28, '2026-04-25 18:50:47', '2026-04-25 18:55:20', '2026-04-25 18:59:24', '2026-04-25 19:04:24');
INSERT INTO OFFER (offer_id, trip_id, driver_id, status, sent_at, responded_at) VALUES (2888, 976, 20, 'accepted', '2026-04-25 18:50:48', '2026-04-25 18:55:20');
INSERT INTO OFFER (offer_id, trip_id, driver_id, status, sent_at, responded_at) VALUES (2889, 976, 43, 'expired', '2026-04-25 18:50:50', NULL);
INSERT INTO OFFER (offer_id, trip_id, driver_id, status, sent_at, responded_at) VALUES (2890, 976, 8, 'expired', '2026-04-25 18:50:51', NULL);
INSERT INTO PAYMENT (payment_id, trip_id, amount, platform_fee, driver_earnings, method, status, paid_at) VALUES (812, 976, 7.28, 1.46, 5.82, 'card', 'pending', NULL);
INSERT INTO TRIP (trip_id, rider_id, driver_id, vehicle_id, origin_lat, origin_lng, origin_address, dest_lat, dest_lng, dest_address, status, distance_km, duration_minutes, price_estimated, price_final, requested_at, accepted_at, started_at, finished_at) VALUES (977, 48, 49, 49, 40.48115153, -3.71867675, 'Urbanización Carlota Escalona 55 Puerta 3 , Madrid', 40.36363122, -3.70079862, 'Cuesta de Sancho Reig 63, Madrid', 'completed', 13.19, 30, 21.79, 23.52, '2026-04-25 18:53:08', '2026-04-25 18:54:26', '2026-04-25 19:00:55', '2026-04-25 19:30:55');
INSERT INTO OFFER (offer_id, trip_id, driver_id, status, sent_at, responded_at) VALUES (2891, 977, 49, 'accepted', '2026-04-25 18:53:11', '2026-04-25 18:54:26');
INSERT INTO OFFER (offer_id, trip_id, driver_id, status, sent_at, responded_at) VALUES (2892, 977, 3, 'expired', '2026-04-25 18:53:09', NULL);
INSERT INTO OFFER (offer_id, trip_id, driver_id, status, sent_at, responded_at) VALUES (2893, 977, 30, 'expired', '2026-04-25 18:53:13', NULL);
INSERT INTO OFFER (offer_id, trip_id, driver_id, status, sent_at, responded_at) VALUES (2894, 977, 16, 'rejected', '2026-04-25 18:53:11', '2026-04-25 18:54:01');
INSERT INTO OFFER (offer_id, trip_id, driver_id, status, sent_at, responded_at) VALUES (2895, 977, 33, 'rejected', '2026-04-25 18:53:13', '2026-04-25 18:53:57');
INSERT INTO PAYMENT (payment_id, trip_id, amount, platform_fee, driver_earnings, method, status, paid_at) VALUES (813, 977, 23.52, 4.7, 18.82, 'card', 'completed', '2026-04-25 19:35:55');
INSERT INTO TRIP (trip_id, rider_id, driver_id, vehicle_id, origin_lat, origin_lng, origin_address, dest_lat, dest_lng, dest_address, status, distance_km, duration_minutes, price_estimated, price_final, requested_at, accepted_at, started_at, finished_at) VALUES (978, 13, 6, 6, 40.40817537, -3.62337607, 'Urbanización Palmira Borrego 23 Puerta 7 , Madrid', 40.35039943, -3.69286976, 'C. de Flavia Guillen 76, Madrid', 'completed', 10.03, 23, 17.04, 16.26, '2026-04-25 18:51:34', '2026-04-25 18:53:09', '2026-04-25 19:03:07', '2026-04-25 19:26:07');
INSERT INTO OFFER (offer_id, trip_id, driver_id, status, sent_at, responded_at) VALUES (2896, 978, 6, 'accepted', '2026-04-25 18:51:35', '2026-04-25 18:53:09');
INSERT INTO OFFER (offer_id, trip_id, driver_id, status, sent_at, responded_at) VALUES (2897, 978, 14, 'expired', '2026-04-25 18:51:36', NULL);
INSERT INTO PAYMENT (payment_id, trip_id, amount, platform_fee, driver_earnings, method, status, paid_at) VALUES (814, 978, 16.26, 3.25, 13.01, 'card', 'pending', NULL);
INSERT INTO TRIP (trip_id, rider_id, driver_id, vehicle_id, origin_lat, origin_lng, origin_address, dest_lat, dest_lng, dest_address, status, distance_km, duration_minutes, price_estimated, price_final, requested_at, accepted_at, started_at, finished_at) VALUES (979, 23, 45, 45, 40.36397921, -3.67070672, 'C. Ulises Quintanilla 6 Piso 4 , Madrid', 40.4936756, -3.71742514, 'Urbanización de Alejandra Crespi 44, Madrid', 'completed', 15.3, 35, 24.95, 23.65, '2026-04-25 18:51:18', '2026-04-25 18:55:37', '2026-04-25 19:00:36', '2026-04-25 19:35:36');
INSERT INTO OFFER (offer_id, trip_id, driver_id, status, sent_at, responded_at) VALUES (2898, 979, 45, 'accepted', '2026-04-25 18:51:20', '2026-04-25 18:55:37');
INSERT INTO OFFER (offer_id, trip_id, driver_id, status, sent_at, responded_at) VALUES (2899, 979, 44, 'expired', '2026-04-25 18:51:23', NULL);
INSERT INTO PAYMENT (payment_id, trip_id, amount, platform_fee, driver_earnings, method, status, paid_at) VALUES (815, 979, 23.65, 4.73, 18.92, 'card', 'completed', '2026-04-25 19:40:36');
INSERT INTO TRIP (trip_id, rider_id, driver_id, vehicle_id, origin_lat, origin_lng, origin_address, dest_lat, dest_lng, dest_address, status, distance_km, duration_minutes, price_estimated, price_final, requested_at, accepted_at, started_at, finished_at) VALUES (980, 77, 41, 41, 40.43350584, -3.74219512, 'Acceso de Diana Figueras 92, Madrid', 40.36082954, -3.63785367, 'Vial Montserrat Gual 11 Apt. 94 , Madrid', 'cancelled', 14.11, NULL, 23.16, NULL, '2026-04-25 18:52:37', '2026-04-25 18:55:43', NULL, NULL);
INSERT INTO OFFER (offer_id, trip_id, driver_id, status, sent_at, responded_at) VALUES (2900, 980, 41, 'accepted', '2026-04-25 18:52:42', '2026-04-25 18:55:43');
INSERT INTO OFFER (offer_id, trip_id, driver_id, status, sent_at, responded_at) VALUES (2901, 980, 24, 'expired', '2026-04-25 18:52:39', NULL);
INSERT INTO OFFER (offer_id, trip_id, driver_id, status, sent_at, responded_at) VALUES (2902, 980, 35, 'expired', '2026-04-25 18:52:38', NULL);
INSERT INTO OFFER (offer_id, trip_id, driver_id, status, sent_at, responded_at) VALUES (2903, 980, 9, 'rejected', '2026-04-25 18:52:38', '2026-04-25 18:53:30');

INSERT INTO TRIP (trip_id, rider_id, driver_id, vehicle_id, origin_lat, origin_lng, origin_address, dest_lat, dest_lng, dest_address, status, distance_km, duration_minutes, price_estimated, price_final, requested_at, accepted_at, started_at, finished_at) VALUES (981, 78, 35, 35, 40.44667762, -3.62442099, 'Urbanización Candelario Guardia 45, Madrid', 40.45807922, -3.7137666, 'Acceso de Miguel Morán 800, Madrid', 'completed', 10.0, 23, 17.0, 16.01, '2026-04-25 18:51:00', '2026-04-25 18:54:49', '2026-04-25 19:03:56', '2026-04-25 19:26:56');
INSERT INTO OFFER (offer_id, trip_id, driver_id, status, sent_at, responded_at) VALUES (2904, 981, 35, 'accepted', '2026-04-25 18:51:04', '2026-04-25 18:54:49');
INSERT INTO OFFER (offer_id, trip_id, driver_id, status, sent_at, responded_at) VALUES (2905, 981, 28, 'rejected', '2026-04-25 18:51:01', '2026-04-25 18:51:45');
INSERT INTO PAYMENT (payment_id, trip_id, amount, platform_fee, driver_earnings, method, status, paid_at) VALUES (816, 981, 16.01, 3.2, 12.81, 'wallet', 'completed', '2026-04-25 19:27:56');
INSERT INTO TRIP (trip_id, rider_id, driver_id, vehicle_id, origin_lat, origin_lng, origin_address, dest_lat, dest_lng, dest_address, status, distance_km, duration_minutes, price_estimated, price_final, requested_at, accepted_at, started_at, finished_at) VALUES (982, 30, 8, 8, 40.4038088, -3.6765349, 'Calle Amado Elías 22 Piso 9 , Madrid', 40.45087734, -3.69198913, 'Calle Valentín Palomino 57, Madrid', 'cancelled', 5.5, NULL, 10.25, NULL, '2026-04-25 18:50:23', '2026-04-25 18:51:28', NULL, NULL);
INSERT INTO OFFER (offer_id, trip_id, driver_id, status, sent_at, responded_at) VALUES (2906, 982, 9, 'rejected', '2026-04-25 18:50:27', '2026-04-25 18:50:52');
INSERT INTO OFFER (offer_id, trip_id, driver_id, status, sent_at, responded_at) VALUES (2907, 982, 8, 'accepted', '2026-04-25 18:50:27', '2026-04-25 18:51:28');
INSERT INTO TRIP (trip_id, rider_id, driver_id, vehicle_id, origin_lat, origin_lng, origin_address, dest_lat, dest_lng, dest_address, status, distance_km, duration_minutes, price_estimated, price_final, requested_at, accepted_at, started_at, finished_at) VALUES (983, 39, 9, 9, 40.35565538, -3.62936016, 'Vial Eladio Torrent 81, Madrid', 40.40504366, -3.65821547, 'Plaza de Armando Landa 458 Piso 2 , Madrid', 'in_progress', 6.35, NULL, 11.52, NULL, '2026-04-25 18:51:35', '2026-04-25 18:53:10', '2026-04-25 19:00:27', NULL);
INSERT INTO OFFER (offer_id, trip_id, driver_id, status, sent_at, responded_at) VALUES (2908, 983, 9, 'accepted', '2026-04-25 18:51:39', '2026-04-25 18:53:10');
INSERT INTO OFFER (offer_id, trip_id, driver_id, status, sent_at, responded_at) VALUES (2909, 983, 14, 'expired', '2026-04-25 18:51:40', NULL);
INSERT INTO OFFER (offer_id, trip_id, driver_id, status, sent_at, responded_at) VALUES (2910, 983, 33, 'rejected', '2026-04-25 18:51:36', '2026-04-25 18:51:52');
INSERT INTO OFFER (offer_id, trip_id, driver_id, status, sent_at, responded_at) VALUES (2911, 983, 20, 'expired', '2026-04-25 18:51:38', NULL);
INSERT INTO OFFER (offer_id, trip_id, driver_id, status, sent_at, responded_at) VALUES (2912, 983, 36, 'rejected', '2026-04-25 18:51:36', '2026-04-25 18:52:30');
INSERT INTO TRIP (trip_id, rider_id, driver_id, vehicle_id, origin_lat, origin_lng, origin_address, dest_lat, dest_lng, dest_address, status, distance_km, duration_minutes, price_estimated, price_final, requested_at, accepted_at, started_at, finished_at) VALUES (984, 51, 34, 34, 40.45569669, -3.69383937, 'Via Adora Antúnez 31, Madrid', 40.46888454, -3.60449738, 'Pasaje Blas Guijarro 6, Madrid', 'completed', 10.02, 22, 17.03, 16.26, '2026-04-25 18:50:41', '2026-04-25 18:52:55', '2026-04-25 19:00:57', '2026-04-25 19:22:57');
INSERT INTO OFFER (offer_id, trip_id, driver_id, status, sent_at, responded_at) VALUES (2913, 984, 34, 'accepted', '2026-04-25 18:50:45', '2026-04-25 18:52:55');
INSERT INTO OFFER (offer_id, trip_id, driver_id, status, sent_at, responded_at) VALUES (2914, 984, 46, 'rejected', '2026-04-25 18:50:45', '2026-04-25 18:51:21');
INSERT INTO OFFER (offer_id, trip_id, driver_id, status, sent_at, responded_at) VALUES (2915, 984, 43, 'expired', '2026-04-25 18:50:45', NULL);
INSERT INTO OFFER (offer_id, trip_id, driver_id, status, sent_at, responded_at) VALUES (2916, 984, 47, 'rejected', '2026-04-25 18:50:42', '2026-04-25 18:50:54');
INSERT INTO OFFER (offer_id, trip_id, driver_id, status, sent_at, responded_at) VALUES (2917, 984, 27, 'rejected', '2026-04-25 18:50:43', '2026-04-25 18:50:58');
INSERT INTO PAYMENT (payment_id, trip_id, amount, platform_fee, driver_earnings, method, status, paid_at) VALUES (817, 984, 16.26, 3.25, 13.01, 'card', 'completed', '2026-04-25 19:22:57');
INSERT INTO TRIP (trip_id, rider_id, driver_id, vehicle_id, origin_lat, origin_lng, origin_address, dest_lat, dest_lng, dest_address, status, distance_km, duration_minutes, price_estimated, price_final, requested_at, accepted_at, started_at, finished_at) VALUES (985, 75, 26, 26, 40.42862851, -3.61434618, 'Camino Anita Blasco 79, Madrid', 40.40678563, -3.62446073, 'Glorieta de Aarón Llamas 78 Apt. 09 , Madrid', 'completed', 2.67, 3, 6.0, 6.08, '2026-04-25 18:51:36', '2026-04-25 18:54:51', '2026-04-25 19:03:08', '2026-04-25 19:06:08');
INSERT INTO OFFER (offer_id, trip_id, driver_id, status, sent_at, responded_at) VALUES (2918, 985, 26, 'accepted', '2026-04-25 18:51:37', '2026-04-25 18:54:51');
INSERT INTO OFFER (offer_id, trip_id, driver_id, status, sent_at, responded_at) VALUES (2919, 985, 50, 'rejected', '2026-04-25 18:51:39', '2026-04-25 18:52:26');
INSERT INTO OFFER (offer_id, trip_id, driver_id, status, sent_at, responded_at) VALUES (2920, 985, 30, 'rejected', '2026-04-25 18:51:41', '2026-04-25 18:52:21');
INSERT INTO OFFER (offer_id, trip_id, driver_id, status, sent_at, responded_at) VALUES (2921, 985, 20, 'expired', '2026-04-25 18:51:38', NULL);
INSERT INTO PAYMENT (payment_id, trip_id, amount, platform_fee, driver_earnings, method, status, paid_at) VALUES (818, 985, 6.08, 1.22, 4.86, 'card', 'completed', '2026-04-25 19:08:08');
INSERT INTO TRIP (trip_id, rider_id, driver_id, vehicle_id, origin_lat, origin_lng, origin_address, dest_lat, dest_lng, dest_address, status, distance_km, duration_minutes, price_estimated, price_final, requested_at, accepted_at, started_at, finished_at) VALUES (986, 23, 20, 20, 40.41368405, -3.61061968, 'Cuesta Flavia Mendoza 735, Madrid', 40.3872158, -3.70227886, 'Camino Merche Berenguer 738 Puerta 2 , Madrid', 'completed', 10.59, 22, 17.88, 18.74, '2026-04-25 18:53:02', '2026-04-25 18:54:38', '2026-04-25 19:02:14', '2026-04-25 19:24:14');
INSERT INTO OFFER (offer_id, trip_id, driver_id, status, sent_at, responded_at) VALUES (2922, 986, 20, 'accepted', '2026-04-25 18:53:06', '2026-04-25 18:54:38');
INSERT INTO OFFER (offer_id, trip_id, driver_id, status, sent_at, responded_at) VALUES (2923, 986, 28, 'rejected', '2026-04-25 18:53:03', '2026-04-25 18:53:26');
INSERT INTO OFFER (offer_id, trip_id, driver_id, status, sent_at, responded_at) VALUES (2924, 986, 4, 'rejected', '2026-04-25 18:53:05', '2026-04-25 18:53:39');
INSERT INTO PAYMENT (payment_id, trip_id, amount, platform_fee, driver_earnings, method, status, paid_at) VALUES (819, 986, 18.74, 3.75, 14.99, 'card', 'completed', '2026-04-25 19:24:14');
INSERT INTO TRIP (trip_id, rider_id, driver_id, vehicle_id, origin_lat, origin_lng, origin_address, dest_lat, dest_lng, dest_address, status, distance_km, duration_minutes, price_estimated, price_final, requested_at, accepted_at, started_at, finished_at) VALUES (987, 87, 26, 26, 40.42880991, -3.6241697, 'Avenida de Sosimo Soria 502, Madrid', 40.38680135, -3.64009558, 'Pasadizo Lola Corbacho 74 Apt. 01 , Madrid', 'completed', 4.99, 12, 9.48, 10.33, '2026-04-25 18:52:43', '2026-04-25 18:56:43', '2026-04-25 19:03:24', '2026-04-25 19:15:24');
INSERT INTO OFFER (offer_id, trip_id, driver_id, status, sent_at, responded_at) VALUES (2925, 987, 26, 'accepted', '2026-04-25 18:52:48', '2026-04-25 18:56:43');
INSERT INTO OFFER (offer_id, trip_id, driver_id, status, sent_at, responded_at) VALUES (2926, 987, 46, 'expired', '2026-04-25 18:52:44', NULL);
INSERT INTO OFFER (offer_id, trip_id, driver_id, status, sent_at, responded_at) VALUES (2927, 987, 11, 'expired', '2026-04-25 18:52:45', NULL);
INSERT INTO OFFER (offer_id, trip_id, driver_id, status, sent_at, responded_at) VALUES (2928, 987, 22, 'rejected', '2026-04-25 18:52:48', '2026-04-25 18:53:33');
INSERT INTO PAYMENT (payment_id, trip_id, amount, platform_fee, driver_earnings, method, status, paid_at) VALUES (820, 987, 10.33, 2.07, 8.26, 'wallet', 'completed', '2026-04-25 19:17:24');
INSERT INTO TRIP (trip_id, rider_id, driver_id, vehicle_id, origin_lat, origin_lng, origin_address, dest_lat, dest_lng, dest_address, status, distance_km, duration_minutes, price_estimated, price_final, requested_at, accepted_at, started_at, finished_at) VALUES (988, 10, 14, 14, 40.46211458, -3.6874415, 'Glorieta de Maite Bueno 6, Madrid', 40.40392215, -3.65892737, 'Ronda de Nuria Pombo 43, Madrid', 'completed', 7.19, 16, 12.79, 13.7, '2026-04-25 18:50:18', '2026-04-25 18:52:10', '2026-04-25 18:58:52', '2026-04-25 19:14:52');
INSERT INTO OFFER (offer_id, trip_id, driver_id, status, sent_at, responded_at) VALUES (2929, 988, 14, 'accepted', '2026-04-25 18:50:21', '2026-04-25 18:52:10');
INSERT INTO OFFER (offer_id, trip_id, driver_id, status, sent_at, responded_at) VALUES (2930, 988, 48, 'expired', '2026-04-25 18:50:19', NULL);
INSERT INTO PAYMENT (payment_id, trip_id, amount, platform_fee, driver_earnings, method, status, paid_at) VALUES (821, 988, 13.7, 2.74, 10.96, 'wallet', 'completed', '2026-04-25 19:19:52');
INSERT INTO TRIP (trip_id, rider_id, driver_id, vehicle_id, origin_lat, origin_lng, origin_address, dest_lat, dest_lng, dest_address, status, distance_km, duration_minutes, price_estimated, price_final, requested_at, accepted_at, started_at, finished_at) VALUES (989, 58, 17, 17, 40.394273, -3.64527789, 'Ronda Juan Bautista Nieto 24, Madrid', 40.44937624, -3.70460266, 'Cañada Luis Ángel Carrera 687, Madrid', 'completed', 8.99, 22, 15.48, 15.22, '2026-04-25 18:50:49', '2026-04-25 18:51:58', '2026-04-25 19:00:46', '2026-04-25 19:22:46');
INSERT INTO OFFER (offer_id, trip_id, driver_id, status, sent_at, responded_at) VALUES (2931, 989, 39, 'expired', '2026-04-25 18:50:51', NULL);
INSERT INTO OFFER (offer_id, trip_id, driver_id, status, sent_at, responded_at) VALUES (2932, 989, 41, 'rejected', '2026-04-25 18:50:52', '2026-04-25 18:51:34');
INSERT INTO OFFER (offer_id, trip_id, driver_id, status, sent_at, responded_at) VALUES (2933, 989, 25, 'rejected', '2026-04-25 18:50:51', '2026-04-25 18:51:33');
INSERT INTO OFFER (offer_id, trip_id, driver_id, status, sent_at, responded_at) VALUES (2934, 989, 36, 'rejected', '2026-04-25 18:50:53', '2026-04-25 18:51:23');
INSERT INTO OFFER (offer_id, trip_id, driver_id, status, sent_at, responded_at) VALUES (2935, 989, 17, 'accepted', '2026-04-25 18:50:50', '2026-04-25 18:51:58');
INSERT INTO PAYMENT (payment_id, trip_id, amount, platform_fee, driver_earnings, method, status, paid_at) VALUES (822, 989, 15.22, 3.04, 12.18, 'card', 'completed', '2026-04-25 19:27:46');
INSERT INTO TRIP (trip_id, rider_id, driver_id, vehicle_id, origin_lat, origin_lng, origin_address, dest_lat, dest_lng, dest_address, status, distance_km, duration_minutes, price_estimated, price_final, requested_at, accepted_at, started_at, finished_at) VALUES (990, 1, 17, 17, 40.46876882, -3.74765546, 'Calle de Sabas Sedano 22, Madrid', 40.39396336, -3.71643172, 'Glorieta de América Benavente 49, Madrid', 'completed', 9.0, 21, 15.5, 15.23, '2026-04-25 18:50:31', '2026-04-25 18:54:57', '2026-04-25 19:04:54', '2026-04-25 19:25:54');
INSERT INTO OFFER (offer_id, trip_id, driver_id, status, sent_at, responded_at) VALUES (2936, 990, 17, 'accepted', '2026-04-25 18:50:36', '2026-04-25 18:54:57');
INSERT INTO OFFER (offer_id, trip_id, driver_id, status, sent_at, responded_at) VALUES (2937, 990, 22, 'expired', '2026-04-25 18:50:33', NULL);
INSERT INTO OFFER (offer_id, trip_id, driver_id, status, sent_at, responded_at) VALUES (2938, 990, 9, 'expired', '2026-04-25 18:50:35', NULL);
INSERT INTO OFFER (offer_id, trip_id, driver_id, status, sent_at, responded_at) VALUES (2939, 990, 40, 'expired', '2026-04-25 18:50:32', NULL);
INSERT INTO PAYMENT (payment_id, trip_id, amount, platform_fee, driver_earnings, method, status, paid_at) VALUES (823, 990, 15.23, 3.05, 12.18, 'card', 'completed', '2026-04-25 19:30:54');

INSERT INTO TRIP (trip_id, rider_id, driver_id, vehicle_id, origin_lat, origin_lng, origin_address, dest_lat, dest_lng, dest_address, status, distance_km, duration_minutes, price_estimated, price_final, requested_at, accepted_at, started_at, finished_at) VALUES (991, 97, 36, 36, 40.46261062, -3.6949053, 'Vial Fabiola Girona 26 Piso 4 , Madrid', 40.42456289, -3.61123588, 'Plaza Aitor Vives 245 Piso 8 , Madrid', 'completed', 10.2, 21, 17.3, 17.85, '2026-04-25 18:50:48', '2026-04-25 18:53:20', '2026-04-25 18:58:08', '2026-04-25 19:19:08');
INSERT INTO OFFER (offer_id, trip_id, driver_id, status, sent_at, responded_at) VALUES (2940, 991, 36, 'accepted', '2026-04-25 18:50:51', '2026-04-25 18:53:20');
INSERT INTO OFFER (offer_id, trip_id, driver_id, status, sent_at, responded_at) VALUES (2941, 991, 41, 'rejected', '2026-04-25 18:50:51', '2026-04-25 18:51:19');
INSERT INTO OFFER (offer_id, trip_id, driver_id, status, sent_at, responded_at) VALUES (2942, 991, 25, 'expired', '2026-04-25 18:50:50', NULL);
INSERT INTO OFFER (offer_id, trip_id, driver_id, status, sent_at, responded_at) VALUES (2943, 991, 47, 'expired', '2026-04-25 18:50:51', NULL);
INSERT INTO OFFER (offer_id, trip_id, driver_id, status, sent_at, responded_at) VALUES (2944, 991, 22, 'expired', '2026-04-25 18:50:52', NULL);
INSERT INTO PAYMENT (payment_id, trip_id, amount, platform_fee, driver_earnings, method, status, paid_at) VALUES (824, 991, 17.85, 3.57, 14.28, 'card', 'completed', '2026-04-25 19:22:08');
INSERT INTO TRIP (trip_id, rider_id, driver_id, vehicle_id, origin_lat, origin_lng, origin_address, dest_lat, dest_lng, dest_address, status, distance_km, duration_minutes, price_estimated, price_final, requested_at, accepted_at, started_at, finished_at) VALUES (992, 54, 15, 15, 40.45524447, -3.74669414, 'Avenida de Narcisa Castañeda 87 Apt. 92 , Madrid', 40.47584772, -3.64371529, 'C. de Apolinar Jerez 475, Madrid', 'completed', 11.66, 25, 19.49, 19.24, '2026-04-25 18:50:57', '2026-04-25 18:52:14', '2026-04-25 18:54:32', '2026-04-25 19:19:32');
INSERT INTO OFFER (offer_id, trip_id, driver_id, status, sent_at, responded_at) VALUES (2945, 992, 15, 'accepted', '2026-04-25 18:50:58', '2026-04-25 18:52:14');
INSERT INTO OFFER (offer_id, trip_id, driver_id, status, sent_at, responded_at) VALUES (2946, 992, 10, 'expired', '2026-04-25 18:51:02', NULL);
INSERT INTO OFFER (offer_id, trip_id, driver_id, status, sent_at, responded_at) VALUES (2947, 992, 28, 'rejected', '2026-04-25 18:50:59', '2026-04-25 18:51:07');
INSERT INTO OFFER (offer_id, trip_id, driver_id, status, sent_at, responded_at) VALUES (2948, 992, 20, 'expired', '2026-04-25 18:50:58', NULL);
INSERT INTO PAYMENT (payment_id, trip_id, amount, platform_fee, driver_earnings, method, status, paid_at) VALUES (825, 992, 19.24, 3.85, 15.39, 'card', 'completed', '2026-04-25 19:19:32');
INSERT INTO TRIP (trip_id, rider_id, driver_id, vehicle_id, origin_lat, origin_lng, origin_address, dest_lat, dest_lng, dest_address, status, distance_km, duration_minutes, price_estimated, price_final, requested_at, accepted_at, started_at, finished_at) VALUES (993, 51, NULL, NULL, 40.3645803, -3.63609243, 'C. de Gerónimo Pozo 3 Puerta 6 , Madrid', 40.42639264, -3.61739957, 'Rambla de Mónica Bauzà 7, Madrid', 'cancelled', 7.17, NULL, 12.75, NULL, '2026-04-25 18:52:13', NULL, NULL, NULL);
INSERT INTO OFFER (offer_id, trip_id, driver_id, status, sent_at, responded_at) VALUES (2949, 993, 50, 'expired', '2026-04-25 18:52:15', NULL);
INSERT INTO OFFER (offer_id, trip_id, driver_id, status, sent_at, responded_at) VALUES (2950, 993, 14, 'rejected', '2026-04-25 18:52:16', '2026-04-25 18:53:00');
INSERT INTO OFFER (offer_id, trip_id, driver_id, status, sent_at, responded_at) VALUES (2951, 993, 31, 'rejected', '2026-04-25 18:52:18', '2026-04-25 18:52:29');
INSERT INTO OFFER (offer_id, trip_id, driver_id, status, sent_at, responded_at) VALUES (2952, 993, 36, 'expired', '2026-04-25 18:52:14', NULL);
INSERT INTO OFFER (offer_id, trip_id, driver_id, status, sent_at, responded_at) VALUES (2953, 993, 42, 'rejected', '2026-04-25 18:52:15', '2026-04-25 18:52:55');
INSERT INTO TRIP (trip_id, rider_id, driver_id, vehicle_id, origin_lat, origin_lng, origin_address, dest_lat, dest_lng, dest_address, status, distance_km, duration_minutes, price_estimated, price_final, requested_at, accepted_at, started_at, finished_at) VALUES (994, 93, 35, 35, 40.47761639, -3.62755938, 'C. Bernarda Torrent 732 Piso 6 , Madrid', 40.36567227, -3.62313026, 'Urbanización Florencio Valero 94, Madrid', 'completed', 12.44, 28, 20.66, 22.7, '2026-04-25 18:53:07', '2026-04-25 18:55:20', '2026-04-25 19:03:02', '2026-04-25 19:31:02');
INSERT INTO OFFER (offer_id, trip_id, driver_id, status, sent_at, responded_at) VALUES (2954, 994, 35, 'accepted', '2026-04-25 18:53:09', '2026-04-25 18:55:20');
INSERT INTO OFFER (offer_id, trip_id, driver_id, status, sent_at, responded_at) VALUES (2955, 994, 45, 'expired', '2026-04-25 18:53:09', NULL);
INSERT INTO OFFER (offer_id, trip_id, driver_id, status, sent_at, responded_at) VALUES (2956, 994, 30, 'expired', '2026-04-25 18:53:08', NULL);
INSERT INTO PAYMENT (payment_id, trip_id, amount, platform_fee, driver_earnings, method, status, paid_at) VALUES (826, 994, 22.7, 4.54, 18.16, 'wallet', 'pending', NULL);
INSERT INTO TRIP (trip_id, rider_id, driver_id, vehicle_id, origin_lat, origin_lng, origin_address, dest_lat, dest_lng, dest_address, status, distance_km, duration_minutes, price_estimated, price_final, requested_at, accepted_at, started_at, finished_at) VALUES (995, 79, 5, 5, 40.45304982, -3.62854844, 'Camino de Rosa Rocha 4 Piso 5 , Madrid', 40.42821518, -3.6507662, 'Via de Marcos Zapata 628 Piso 5 , Madrid', 'completed', 3.7, 10, 7.55, 7.62, '2026-04-25 18:51:30', '2026-04-25 18:55:00', '2026-04-25 18:57:44', '2026-04-25 19:07:44');
INSERT INTO OFFER (offer_id, trip_id, driver_id, status, sent_at, responded_at) VALUES (2957, 995, 5, 'accepted', '2026-04-25 18:51:31', '2026-04-25 18:55:00');
INSERT INTO OFFER (offer_id, trip_id, driver_id, status, sent_at, responded_at) VALUES (2958, 995, 15, 'expired', '2026-04-25 18:51:31', NULL);
INSERT INTO PAYMENT (payment_id, trip_id, amount, platform_fee, driver_earnings, method, status, paid_at) VALUES (827, 995, 7.62, 1.52, 6.1, 'wallet', 'pending', NULL);
INSERT INTO TRIP (trip_id, rider_id, driver_id, vehicle_id, origin_lat, origin_lng, origin_address, dest_lat, dest_lng, dest_address, status, distance_km, duration_minutes, price_estimated, price_final, requested_at, accepted_at, started_at, finished_at) VALUES (996, 32, 36, 36, 40.47028, -3.62741159, 'Callejón Valentina Leiva 957, Madrid', 40.48011533, -3.73548748, 'Rambla Ileana Blazquez 49 Piso 5 , Madrid', 'completed', 12.05, 27, 20.08, 21.58, '2026-04-25 18:52:00', '2026-04-25 18:55:38', '2026-04-25 19:03:51', '2026-04-25 19:30:51');
INSERT INTO OFFER (offer_id, trip_id, driver_id, status, sent_at, responded_at) VALUES (2959, 996, 36, 'accepted', '2026-04-25 18:52:03', '2026-04-25 18:55:38');
INSERT INTO OFFER (offer_id, trip_id, driver_id, status, sent_at, responded_at) VALUES (2960, 996, 44, 'rejected', '2026-04-25 18:52:04', '2026-04-25 18:52:52');
INSERT INTO OFFER (offer_id, trip_id, driver_id, status, sent_at, responded_at) VALUES (2961, 996, 20, 'rejected', '2026-04-25 18:52:04', '2026-04-25 18:52:13');
INSERT INTO OFFER (offer_id, trip_id, driver_id, status, sent_at, responded_at) VALUES (2962, 996, 12, 'expired', '2026-04-25 18:52:02', NULL);
INSERT INTO PAYMENT (payment_id, trip_id, amount, platform_fee, driver_earnings, method, status, paid_at) VALUES (828, 996, 21.58, 4.32, 17.26, 'card', 'pending', NULL);
INSERT INTO TRIP (trip_id, rider_id, driver_id, vehicle_id, origin_lat, origin_lng, origin_address, dest_lat, dest_lng, dest_address, status, distance_km, duration_minutes, price_estimated, price_final, requested_at, accepted_at, started_at, finished_at) VALUES (997, 10, 5, 5, 40.49407172, -3.68734302, 'Ronda de Marc Barragán 13, Madrid', 40.4843407, -3.66521696, 'C. Severino Baquero 993, Madrid', 'completed', 2.68, 8, 6.02, 5.61, '2026-04-25 18:50:38', '2026-04-25 18:53:04', '2026-04-25 18:59:02', '2026-04-25 19:07:02');
INSERT INTO OFFER (offer_id, trip_id, driver_id, status, sent_at, responded_at) VALUES (2963, 997, 5, 'accepted', '2026-04-25 18:50:43', '2026-04-25 18:53:04');
INSERT INTO PAYMENT (payment_id, trip_id, amount, platform_fee, driver_earnings, method, status, paid_at) VALUES (829, 997, 5.61, 1.12, 4.49, 'card', 'completed', '2026-04-25 19:11:02');
INSERT INTO TRIP (trip_id, rider_id, driver_id, vehicle_id, origin_lat, origin_lng, origin_address, dest_lat, dest_lng, dest_address, status, distance_km, duration_minutes, price_estimated, price_final, requested_at, accepted_at, started_at, finished_at) VALUES (998, 71, 32, 32, 40.36351136, -3.69838905, 'Acceso Rosalía Pons 93, Madrid', 40.41670636, -3.69839833, 'Glorieta Juan Lumbreras 91 Piso 8 , Madrid', 'completed', 5.9, 13, 10.85, 11.8, '2026-04-25 18:50:13', '2026-04-25 18:52:39', '2026-04-25 18:54:53', '2026-04-25 19:07:53');
INSERT INTO OFFER (offer_id, trip_id, driver_id, status, sent_at, responded_at) VALUES (2964, 998, 32, 'accepted', '2026-04-25 18:50:18', '2026-04-25 18:52:39');
INSERT INTO OFFER (offer_id, trip_id, driver_id, status, sent_at, responded_at) VALUES (2965, 998, 18, 'expired', '2026-04-25 18:50:15', NULL);
INSERT INTO OFFER (offer_id, trip_id, driver_id, status, sent_at, responded_at) VALUES (2966, 998, 33, 'rejected', '2026-04-25 18:50:16', '2026-04-25 18:50:54');
INSERT INTO OFFER (offer_id, trip_id, driver_id, status, sent_at, responded_at) VALUES (2967, 998, 6, 'rejected', '2026-04-25 18:50:15', '2026-04-25 18:51:01');
INSERT INTO PAYMENT (payment_id, trip_id, amount, platform_fee, driver_earnings, method, status, paid_at) VALUES (830, 998, 11.8, 2.36, 9.44, 'card', 'pending', NULL);
INSERT INTO TRIP (trip_id, rider_id, driver_id, vehicle_id, origin_lat, origin_lng, origin_address, dest_lat, dest_lng, dest_address, status, distance_km, duration_minutes, price_estimated, price_final, requested_at, accepted_at, started_at, finished_at) VALUES (999, 57, 10, 10, 40.47052732, -3.60316229, 'Glorieta de Florentino Céspedes 20, Madrid', 40.46358106, -3.7103964, 'Camino de Manolo Marco 62 Piso 8 , Madrid', 'completed', 11.93, 28, 19.89, 21.41, '2026-04-25 18:51:11', '2026-04-25 18:52:14', '2026-04-25 19:01:52', '2026-04-25 19:29:52');
INSERT INTO OFFER (offer_id, trip_id, driver_id, status, sent_at, responded_at) VALUES (2968, 999, 35, 'expired', '2026-04-25 18:51:16', NULL);
INSERT INTO OFFER (offer_id, trip_id, driver_id, status, sent_at, responded_at) VALUES (2969, 999, 10, 'accepted', '2026-04-25 18:51:15', '2026-04-25 18:52:14');
INSERT INTO OFFER (offer_id, trip_id, driver_id, status, sent_at, responded_at) VALUES (2970, 999, 38, 'rejected', '2026-04-25 18:51:15', '2026-04-25 18:51:28');
INSERT INTO OFFER (offer_id, trip_id, driver_id, status, sent_at, responded_at) VALUES (2971, 999, 40, 'rejected', '2026-04-25 18:51:15', '2026-04-25 18:51:21');
INSERT INTO PAYMENT (payment_id, trip_id, amount, platform_fee, driver_earnings, method, status, paid_at) VALUES (831, 999, 21.41, 4.28, 17.13, 'card', 'completed', '2026-04-25 19:30:52');
INSERT INTO TRIP (trip_id, rider_id, driver_id, vehicle_id, origin_lat, origin_lng, origin_address, dest_lat, dest_lng, dest_address, status, distance_km, duration_minutes, price_estimated, price_final, requested_at, accepted_at, started_at, finished_at) VALUES (1000, 24, NULL, NULL, 40.38640474, -3.7048485, 'Plaza de Áurea Pagès 8 Apt. 65 , Madrid', 40.48437852, -3.69816319, 'Calle de Javier Figueroa 5 Puerta 0 , Madrid', 'cancelled', 10.9, NULL, 18.35, NULL, '2026-04-25 18:50:33', NULL, NULL, NULL);
INSERT INTO OFFER (offer_id, trip_id, driver_id, status, sent_at, responded_at) VALUES (2972, 1000, 16, 'rejected', '2026-04-25 18:50:37', '2026-04-25 18:51:24');

SET FOREIGN_KEY_CHECKS = 1;